function_address	repair_kind	status	detail
0040AE40	full_eax_return	unchanged	return already has /int
0040BC90	full_eax_return	unchanged	return already has /int
0040D540	full_eax_return	unchanged	return already has /int
0040F270	full_eax_return	unchanged	return already has /int
0040FC40	full_eax_return	unchanged	return already has /int
00416400	full_eax_return	unchanged	return already has /int
0041AF40	full_eax_return	unchanged	return already has /int
0041C710	full_eax_return	unchanged	return already has /int
0041E530	full_eax_return	unchanged	return already has /int
00423220	full_eax_return	unchanged	return already has /int
00424E10	full_eax_return	unchanged	return already has /int
004601F0	full_eax_return	unchanged	return already has /int
00460260	full_eax_return	unchanged	return already has /int
00462180	full_eax_return	unchanged	return already has /int
004658D0	full_eax_return	unchanged	return already has /int
004838E0	full_eax_return	unchanged	return already has /int
00483E30	full_eax_return	unchanged	return already has /int
00483F10	full_eax_return	unchanged	return already has /int
00486B40	full_eax_return	unchanged	return already has /int
0048FA80	full_eax_return	unchanged	return already has /int
00490570	full_eax_return	unchanged	return already has /int
00492550	full_eax_return	unchanged	return already has /int
00492B20	full_eax_return	unchanged	return already has /int
00493CD0	full_eax_return	unchanged	return already has /int
004AB050	full_eax_return	unchanged	return already has /int
004AB070	full_eax_return	unchanged	return already has /int
004AC950	full_eax_return	unchanged	return already has /int
004AD650	full_eax_return	unchanged	return already has /int
004B1120	full_eax_return	unchanged	return already has /int
004B1690	full_eax_return	unchanged	return already has /int
004B7520	full_eax_return	unchanged	return already has /int
004B79C0	full_eax_return	unchanged	return already has /int
004B9D90	full_eax_return	unchanged	return already has /int
004C7860	full_eax_return	unchanged	return already has /int
004C90C0	full_eax_return	unchanged	return already has /int
004D6DF0	full_eax_return	unchanged	return already has /int
004D82B0	full_eax_return	unchanged	return already has /int
004DBB10	full_eax_return	unchanged	return already has /int
004DE410	full_eax_return	unchanged	return already has /int
004E1EB0	full_eax_return	unchanged	return already has /int
004E4180	full_eax_return	unchanged	return already has /int
004E5CC0	full_eax_return	unchanged	return already has /int
004E6C20	full_eax_return	unchanged	return already has /int
004E6FE0	full_eax_return	unchanged	return already has /int
004E7F20	full_eax_return	unchanged	return already has /int
004E91E0	full_eax_return	unchanged	return already has /int
004E9930	full_eax_return	unchanged	return already has /int
004F19D0	full_eax_return	unchanged	return already has /int
005050B0	full_eax_return	unchanged	return already has /int
00525390	full_eax_return	unchanged	return already has /int
00529F90	full_eax_return	unchanged	return already has /int
0055AD00	full_eax_return	unchanged	return already has /int
0055DE60	full_eax_return	unchanged	return already has /int
00561DC0	full_eax_return	unchanged	return already has /int
00562CD0	full_eax_return	unchanged	return already has /int
0056F930	full_eax_return	unchanged	return already has /int
005797B0	full_eax_return	unchanged	return already has /int
005845B0	full_eax_return	unchanged	return already has /int
0058B190	full_eax_return	unchanged	return already has /int
0058CFE0	full_eax_return	unchanged	return already has /int
0058FF70	full_eax_return	unchanged	return already has /int
005DA980	full_eax_return	unchanged	return already has /int
005DAA90	full_eax_return	unchanged	return already has /int
005DDB40	full_eax_return	unchanged	return already has /int
005EC850	full_eax_return	unchanged	return already has /int
005F89F0	full_eax_return	unchanged	return already has /int
005FA180	full_eax_return	unchanged	return already has /int
005FA360	full_eax_return	unchanged	return already has /int
005FD850	full_eax_return	unchanged	return already has /int
00604350	full_eax_return	unchanged	return already has /int
0060CEF0	full_eax_return	unchanged	return already has /int
0060E210	full_eax_return	unchanged	return already has /int
0062FCA0	full_eax_return	unchanged	return already has /int
0062FFD0	full_eax_return	unchanged	return already has /int
00636FC0	full_eax_return	unchanged	return already has /int
0063C510	full_eax_return	unchanged	return already has /int
006460C0	full_eax_return	unchanged	return already has /int
00646E00	full_eax_return	unchanged	return already has /int
00648A30	full_eax_return	unchanged	return already has /int
0064A940	full_eax_return	unchanged	return already has /int
0064E510	full_eax_return	unchanged	return already has /int
0064EA10	full_eax_return	unchanged	return already has /int
0064F000	full_eax_return	unchanged	return already has /int
0064F040	full_eax_return	unchanged	return already has /int
00650760	full_eax_return	unchanged	return already has /int
006507E0	full_eax_return	unchanged	return already has /int
0065E450	full_eax_return	unchanged	return already has /int
0065ED90	full_eax_return	unchanged	return already has /int
00668A70	full_eax_return	unchanged	return already has /int
00668F50	full_eax_return	unchanged	return already has /int
00672440	full_eax_return	unchanged	return already has /int
00673210	full_eax_return	unchanged	return already has /int
006734C0	full_eax_return	unchanged	return already has /int
00675950	full_eax_return	unchanged	return already has /int
00675B10	full_eax_return	unchanged	return already has /int
00676260	full_eax_return	unchanged	return already has /int
006777D0	full_eax_return	unchanged	return already has /int
006785A0	full_eax_return	unchanged	return already has /int
0067EF60	full_eax_return	unchanged	return already has /int
0067FC10	full_eax_return	unchanged	return already has /int
00681F70	full_eax_return	unchanged	return already has /int
00681FE0	full_eax_return	unchanged	return already has /int
00682050	full_eax_return	unchanged	return already has /int
00682FB0	full_eax_return	unchanged	return already has /int
006830F0	full_eax_return	unchanged	return already has /int
006834F0	full_eax_return	unchanged	return already has /int
00683670	full_eax_return	unchanged	return already has /int
0068E290	full_eax_return	unchanged	return already has /int
00693E60	full_eax_return	unchanged	return already has /int
00696400	full_eax_return	unchanged	return already has /int
0069F7F0	full_eax_return	unchanged	return already has /int
006A17B0	full_eax_return	unchanged	return already has /int
006A1BB0	full_eax_return	unchanged	return already has /int
006A20E0	full_eax_return	unchanged	return already has /int
006A55D0	full_eax_return	unchanged	return already has /int
006A7D50	full_eax_return	unchanged	return already has /int
006AADD0	full_eax_return	unchanged	return already has /int
006AAE60	full_eax_return	unchanged	return already has /int
006ACED8	full_eax_return	unchanged	return already has /int
006ACF0D	full_eax_return	unchanged	return already has /int
006ACFD0	full_eax_return	unchanged	return already has /int
006AE230	full_eax_return	unchanged	return already has /int
006AE3B0	full_eax_return	unchanged	return already has /int
006B0520	full_eax_return	unchanged	return already has /int
006B0FD0	full_eax_return	unchanged	return already has /int
006B1190	full_eax_return	unchanged	return already has /int
006B1280	full_eax_return	unchanged	return already has /int
006B12A8	full_eax_return	unchanged	return already has /int
006B12DC	full_eax_return	unchanged	return already has /int
006B4FA0	full_eax_return	unchanged	return already has /int
006B4FE0	full_eax_return	unchanged	return already has /int
006B5050	full_eax_return	unchanged	return already has /int
006B5480	full_eax_return	unchanged	return already has /int
006B66A0	full_eax_return	unchanged	return already has /int
006B7140	full_eax_return	unchanged	return already has /int
006B8E30	full_eax_return	unchanged	return already has /int
006B8F10	full_eax_return	unchanged	return already has /int
006BB6C0	full_eax_return	unchanged	return already has /int
006BB8B0	full_eax_return	unchanged	return already has /int
006BB9D0	full_eax_return	unchanged	return already has /int
006C6AE0	full_eax_return	unchanged	return already has /int
006C7000	full_eax_return	unchanged	return already has /int
006C87F0	full_eax_return	unchanged	return already has /int
006CEE10	full_eax_return	unchanged	return already has /int
006D0680	full_eax_return	unchanged	return already has /int
006D10F0	full_eax_return	unchanged	return already has /int
006D1AD0	full_eax_return	unchanged	return already has /int
006D822B	full_eax_return	unchanged	return already has /int
006DB610	full_eax_return	unchanged	return already has /int
006DB910	full_eax_return	unchanged	return already has /int
006E5FD0	full_eax_return	unchanged	return already has /int
006E62D0	full_eax_return	unchanged	return already has /int
006E8660	full_eax_return	unchanged	return already has /int
006EB350	full_eax_return	unchanged	return already has /int
006F1CB0	full_eax_return	unchanged	return already has /int
0070CD90	full_eax_return	unchanged	return already has /int
007111C0	full_eax_return	unchanged	return already has /int
00711370	full_eax_return	unchanged	return already has /int
007113E0	full_eax_return	unchanged	return already has /int
007115E0	full_eax_return	unchanged	return already has /int
00711670	full_eax_return	unchanged	return already has /int
007140E0	full_eax_return	unchanged	return already has /int
00714CE0	full_eax_return	unchanged	return already has /int
00714DA0	full_eax_return	unchanged	return already has /int
00714DC0	full_eax_return	unchanged	return already has /int
00715360	full_eax_return	unchanged	return already has /int
00719900	full_eax_return	unchanged	return already has /int
00719BB0	full_eax_return	unchanged	return already has /int
00724330	full_eax_return	unchanged	return already has /int
00724FA0	full_eax_return	unchanged	return already has /int
00727C80	full_eax_return	unchanged	return already has /int
007287E0	full_eax_return	unchanged	return already has /int
007516F0	full_eax_return	unchanged	return already has /int
007519D0	full_eax_return	unchanged	return already has /int
00753B40	full_eax_return	unchanged	return already has /int
00753C80	full_eax_return	unchanged	return already has /int
00754390	full_eax_return	unchanged	return already has /int
00755180	full_eax_return	unchanged	return already has /int
007553F0	full_eax_return	unchanged	return already has /int
00755970	full_eax_return	unchanged	return already has /int
00757D90	full_eax_return	unchanged	return already has /int
00759E70	full_eax_return	unchanged	return already has /int
00759E90	full_eax_return	unchanged	return already has /int
0075B720	full_eax_return	unchanged	return already has /int
