apply	shape_id	receiver_type_path	vtable_type_path	receiver_length	vtable_length	site_count	slot_count	confidence	reason
0	CallableReceiver_00419BF0_P0	/SubmarineTitans/Recovered/PointerShapes/CallableReceivers/CallableReceiver_00419BF0_P0	/SubmarineTitans/Recovered/PointerShapes/CallableReceivers/CallableReceiver_00419BF0_P0VTable	246	36	1	1	review	receiver family is not dense enough for a persistent structural view; sites=1; slots=1; exact_extent=246
0	CallableReceiver_0041CF50_P0	/SubmarineTitans/Recovered/PointerShapes/CallableReceivers/CallableReceiver_0041CF50_P0	/SubmarineTitans/Recovered/PointerShapes/CallableReceivers/CallableReceiver_0041CF50_P0VTable	263	12	1	1	review	receiver family is not dense enough for a persistent structural view; concrete parameter type preserved; sites=1; slots=1; exact_extent=263
0	CallableReceiver_0041D100_P0	/SubmarineTitans/Recovered/PointerShapes/CallableReceivers/CallableReceiver_0041D100_P0	/SubmarineTitans/Recovered/PointerShapes/CallableReceivers/CallableReceiver_0041D100_P0VTable	267	12	1	1	review	receiver family is not dense enough for a persistent structural view; concrete parameter type preserved; sites=1; slots=1; exact_extent=267
0	CallableReceiver_0041D4F0_P0	/SubmarineTitans/Recovered/PointerShapes/CallableReceivers/CallableReceiver_0041D4F0_P0	/SubmarineTitans/Recovered/PointerShapes/CallableReceivers/CallableReceiver_0041D4F0_P0VTable	275	12	1	1	review	receiver family is not dense enough for a persistent structural view; concrete parameter type preserved; sites=1; slots=1; exact_extent=275
0	CallableReceiver_0041F630_P0	/SubmarineTitans/Recovered/PointerShapes/CallableReceivers/CallableReceiver_0041F630_P0	/SubmarineTitans/Recovered/PointerShapes/CallableReceivers/CallableReceiver_0041F630_P0VTable	555	112	1	1	review	receiver family is not dense enough for a persistent structural view; concrete parameter type preserved; sites=1; slots=1; exact_extent=555
0	CallableReceiver_00435930_P2	/SubmarineTitans/Recovered/PointerShapes/CallableReceivers/CallableReceiver_00435930_P2	/SubmarineTitans/Recovered/PointerShapes/CallableReceivers/CallableReceiver_00435930_P2VTable	38	240	2	1	review	receiver family is not dense enough for a persistent structural view; concrete parameter type preserved; sites=2; slots=1; exact_extent=38
0	CallableReceiver_00440860_P2	/SubmarineTitans/Recovered/PointerShapes/CallableReceivers/CallableReceiver_00440860_P2	/SubmarineTitans/Recovered/PointerShapes/CallableReceivers/CallableReceiver_00440860_P2VTable	4	20	2	2	review	receiver family is not dense enough for a persistent structural view; no exact non-vptr receiver extent was recovered; parameter storage is overwritten and has multiple compiler lifetimes; sites=2; slots=2; exact_extent=4
0	CallableReceiver_00440990_P2	/SubmarineTitans/Recovered/PointerShapes/CallableReceivers/CallableReceiver_00440990_P2	/SubmarineTitans/Recovered/PointerShapes/CallableReceivers/CallableReceiver_00440990_P2VTable	4	24	2	2	review	receiver family is not dense enough for a persistent structural view; no exact non-vptr receiver extent was recovered; parameter storage is overwritten and has multiple compiler lifetimes; sites=2; slots=2; exact_extent=4
0	CallableReceiver_00449B60_P1	/SubmarineTitans/Recovered/PointerShapes/CallableReceivers/CallableReceiver_00449B60_P1	/SubmarineTitans/Recovered/PointerShapes/CallableReceivers/CallableReceiver_00449B60_P1VTable	26	4	1	1	review	receiver family is not dense enough for a persistent structural view; sites=1; slots=1; exact_extent=26
0	CallableReceiver_00474810_P1	/SubmarineTitans/Recovered/PointerShapes/CallableReceivers/CallableReceiver_00474810_P1	/SubmarineTitans/Recovered/PointerShapes/CallableReceivers/CallableReceiver_00474810_P1VTable	26	176	1	1	review	receiver family is not dense enough for a persistent structural view; sites=1; slots=1; exact_extent=26
0	CallableReceiver_0047DF00_P1	/SubmarineTitans/Recovered/PointerShapes/CallableReceivers/CallableReceiver_0047DF00_P1	/SubmarineTitans/Recovered/PointerShapes/CallableReceivers/CallableReceiver_0047DF00_P1VTable	1202	48	1	1	review	receiver family is not dense enough for a persistent structural view; parameter storage is overwritten and has multiple compiler lifetimes; concrete parameter type preserved; sites=1; slots=1; exact_extent=1202
0	CallableReceiver_00483300_P0	/SubmarineTitans/Recovered/PointerShapes/CallableReceivers/CallableReceiver_00483300_P0	/SubmarineTitans/Recovered/PointerShapes/CallableReceivers/CallableReceiver_00483300_P0VTable	2070	20	1	1	review	receiver family is not dense enough for a persistent structural view; sites=1; slots=1; exact_extent=2070
0	CallableReceiver_004836C0_P0	/SubmarineTitans/Recovered/PointerShapes/CallableReceivers/CallableReceiver_004836C0_P0	/SubmarineTitans/Recovered/PointerShapes/CallableReceivers/CallableReceiver_004836C0_P0VTable	2054	20	1	1	review	receiver family is not dense enough for a persistent structural view; concrete parameter type preserved; sites=1; slots=1; exact_extent=2054
0	CallableReceiver_004845E0_P2	/SubmarineTitans/Recovered/PointerShapes/CallableReceivers/CallableReceiver_004845E0_P2	/SubmarineTitans/Recovered/PointerShapes/CallableReceivers/CallableReceiver_004845E0_P2VTable	1844	268	4	3	review	receiver family is not dense enough for a persistent structural view; parameter storage is overwritten and has multiple compiler lifetimes; concrete parameter type preserved; sites=4; slots=3; exact_extent=1844
0	CallableReceiver_00491600_P0	/SubmarineTitans/Recovered/PointerShapes/CallableReceivers/CallableReceiver_00491600_P0	/SubmarineTitans/Recovered/PointerShapes/CallableReceivers/CallableReceiver_00491600_P0VTable	1474	260	1	1	review	receiver family is not dense enough for a persistent structural view; a slot argument carries an unresolved incoming register ABI; concrete parameter type preserved; sites=1; slots=1; exact_extent=1474
0	CallableReceiver_00493110_P1	/SubmarineTitans/Recovered/PointerShapes/CallableReceivers/CallableReceiver_00493110_P1	/SubmarineTitans/Recovered/PointerShapes/CallableReceivers/CallableReceiver_00493110_P1VTable	495	48	1	1	review	receiver family is not dense enough for a persistent structural view; concrete parameter type preserved; sites=1; slots=1; exact_extent=495
1	CallableReceiver_00493D10_P0	/SubmarineTitans/Recovered/PointerShapes/CallableReceivers/CallableReceiver_00493D10_P0	/SubmarineTitans/Recovered/PointerShapes/CallableReceivers/CallableReceiver_00493D10_P0VTable	1785	148	41	1	high	exact unadjusted parameter receiver at every retained CALLIND; dense function-local table family; sites=41; slots=1; exact_extent=1785
0	CallableReceiver_004B31C0_P0	/SubmarineTitans/Recovered/PointerShapes/CallableReceivers/CallableReceiver_004B31C0_P0	/SubmarineTitans/Recovered/PointerShapes/CallableReceivers/CallableReceiver_004B31C0_P0VTable	1234	48	4	1	review	receiver family is not dense enough for a persistent structural view; concrete parameter type preserved; sites=4; slots=1; exact_extent=1234
0	CallableReceiver_004B7D90_P0	/SubmarineTitans/Recovered/PointerShapes/CallableReceivers/CallableReceiver_004B7D90_P0	/SubmarineTitans/Recovered/PointerShapes/CallableReceivers/CallableReceiver_004B7D90_P0VTable	1234	148	1	1	review	receiver family is not dense enough for a persistent structural view; sites=1; slots=1; exact_extent=1234
0	CallableReceiver_004B7DE0_P0	/SubmarineTitans/Recovered/PointerShapes/CallableReceivers/CallableReceiver_004B7DE0_P0	/SubmarineTitans/Recovered/PointerShapes/CallableReceivers/CallableReceiver_004B7DE0_P0VTable	1234	148	1	1	review	receiver family is not dense enough for a persistent structural view; sites=1; slots=1; exact_extent=1234
0	CallableReceiver_004C21A0_P2	/SubmarineTitans/Recovered/PointerShapes/CallableReceivers/CallableReceiver_004C21A0_P2	/SubmarineTitans/Recovered/PointerShapes/CallableReceivers/CallableReceiver_004C21A0_P2VTable	38	240	7	2	review	receiver family is not dense enough for a persistent structural view; sites=7; slots=2; exact_extent=38
0	CallableReceiver_004C5350_P2	/SubmarineTitans/Recovered/PointerShapes/CallableReceivers/CallableReceiver_004C5350_P2	/SubmarineTitans/Recovered/PointerShapes/CallableReceivers/CallableReceiver_004C5350_P2VTable	42	248	1	1	review	receiver family is not dense enough for a persistent structural view; sites=1; slots=1; exact_extent=42
0	CallableReceiver_004C6070_P0	/SubmarineTitans/Recovered/PointerShapes/CallableReceivers/CallableReceiver_004C6070_P0	/SubmarineTitans/Recovered/PointerShapes/CallableReceivers/CallableReceiver_004C6070_P0VTable	583	148	1	1	review	receiver family is not dense enough for a persistent structural view; concrete parameter type preserved; sites=1; slots=1; exact_extent=583
0	CallableReceiver_004CC370_P0	/SubmarineTitans/Recovered/PointerShapes/CallableReceivers/CallableReceiver_004CC370_P0	/SubmarineTitans/Recovered/PointerShapes/CallableReceivers/CallableReceiver_004CC370_P0VTable	1561	148	3	2	review	receiver family is not dense enough for a persistent structural view; concrete parameter type preserved; sites=3; slots=2; exact_extent=1561
0	CallableReceiver_004CD480_P0	/SubmarineTitans/Recovered/PointerShapes/CallableReceivers/CallableReceiver_004CD480_P0	/SubmarineTitans/Recovered/PointerShapes/CallableReceivers/CallableReceiver_004CD480_P0VTable	1130	148	3	1	review	receiver family is not dense enough for a persistent structural view; concrete parameter type preserved; sites=3; slots=1; exact_extent=1130
0	CallableReceiver_004D6C90_P2	/SubmarineTitans/Recovered/PointerShapes/CallableReceivers/CallableReceiver_004D6C90_P2	/SubmarineTitans/Recovered/PointerShapes/CallableReceivers/CallableReceiver_004D6C90_P2VTable	38	240	2	1	review	receiver family is not dense enough for a persistent structural view; sites=2; slots=1; exact_extent=38
0	CallableReceiver_004D6F70_P0	/SubmarineTitans/Recovered/PointerShapes/CallableReceivers/CallableReceiver_004D6F70_P0	/SubmarineTitans/Recovered/PointerShapes/CallableReceivers/CallableReceiver_004D6F70_P0VTable	38	200	1	1	review	receiver family is not dense enough for a persistent structural view; sites=1; slots=1; exact_extent=38
0	CallableReceiver_004D7040_P0	/SubmarineTitans/Recovered/PointerShapes/CallableReceivers/CallableReceiver_004D7040_P0	/SubmarineTitans/Recovered/PointerShapes/CallableReceivers/CallableReceiver_004D7040_P0VTable	283	204	13	6	review	exact unadjusted parameter receiver at every retained CALLIND; dense function-local table family; a slot argument carries an unresolved incoming register ABI; concrete parameter type preserved; sites=13; slots=6; exact_extent=283
0	CallableReceiver_004D7270_P0	/SubmarineTitans/Recovered/PointerShapes/CallableReceivers/CallableReceiver_004D7270_P0	/SubmarineTitans/Recovered/PointerShapes/CallableReceivers/CallableReceiver_004D7270_P0VTable	583	200	3	2	review	receiver family is not dense enough for a persistent structural view; concrete parameter type preserved; sites=3; slots=2; exact_extent=583
0	CallableReceiver_004D9000_P0	/SubmarineTitans/Recovered/PointerShapes/CallableReceivers/CallableReceiver_004D9000_P0	/SubmarineTitans/Recovered/PointerShapes/CallableReceivers/CallableReceiver_004D9000_P0VTable	1537	148	1	1	review	receiver family is not dense enough for a persistent structural view; concrete parameter type preserved; sites=1; slots=1; exact_extent=1537
0	CallableReceiver_004D9C80_P0	/SubmarineTitans/Recovered/PointerShapes/CallableReceivers/CallableReceiver_004D9C80_P0	/SubmarineTitans/Recovered/PointerShapes/CallableReceivers/CallableReceiver_004D9C80_P0VTable	1537	148	1	1	review	receiver family is not dense enough for a persistent structural view; concrete parameter type preserved; sites=1; slots=1; exact_extent=1537
0	CallableReceiver_004DBB60_P1	/SubmarineTitans/Recovered/PointerShapes/CallableReceivers/CallableReceiver_004DBB60_P1	/SubmarineTitans/Recovered/PointerShapes/CallableReceivers/CallableReceiver_004DBB60_P1VTable	1222	48	1	1	review	receiver family is not dense enough for a persistent structural view; sites=1; slots=1; exact_extent=1222
0	CallableReceiver_004DCE00_P0	/SubmarineTitans/Recovered/PointerShapes/CallableReceivers/CallableReceiver_004DCE00_P0	/SubmarineTitans/Recovered/PointerShapes/CallableReceivers/CallableReceiver_004DCE00_P0VTable	1537	148	1	1	review	receiver family is not dense enough for a persistent structural view; concrete parameter type preserved; sites=1; slots=1; exact_extent=1537
0	CallableReceiver_004DDD50_P0	/SubmarineTitans/Recovered/PointerShapes/CallableReceivers/CallableReceiver_004DDD50_P0	/SubmarineTitans/Recovered/PointerShapes/CallableReceivers/CallableReceiver_004DDD50_P0VTable	1244	48	1	1	review	receiver family is not dense enough for a persistent structural view; sites=1; slots=1; exact_extent=1244
0	CallableReceiver_004DE820_P0	/SubmarineTitans/Recovered/PointerShapes/CallableReceivers/CallableReceiver_004DE820_P0	/SubmarineTitans/Recovered/PointerShapes/CallableReceivers/CallableReceiver_004DE820_P0VTable	1234	148	1	1	review	receiver family is not dense enough for a persistent structural view; concrete parameter type preserved; sites=1; slots=1; exact_extent=1234
0	CallableReceiver_004DFC70_P1	/SubmarineTitans/Recovered/PointerShapes/CallableReceivers/CallableReceiver_004DFC70_P1	/SubmarineTitans/Recovered/PointerShapes/CallableReceivers/CallableReceiver_004DFC70_P1VTable	34	4	5	1	review	receiver family is not dense enough for a persistent structural view; slot ABI family is not unanimous; sites=5; slots=1; exact_extent=34
0	CallableReceiver_004E46F0_P0	/SubmarineTitans/Recovered/PointerShapes/CallableReceivers/CallableReceiver_004E46F0_P0	/SubmarineTitans/Recovered/PointerShapes/CallableReceivers/CallableReceiver_004E46F0_P0VTable	1462	148	1	1	review	receiver family is not dense enough for a persistent structural view; sites=1; slots=1; exact_extent=1462
0	CallableReceiver_004E51B0_P0	/SubmarineTitans/Recovered/PointerShapes/CallableReceivers/CallableReceiver_004E51B0_P0	/SubmarineTitans/Recovered/PointerShapes/CallableReceivers/CallableReceiver_004E51B0_P0VTable	4	48	7	1	review	receiver family is not dense enough for a persistent structural view; no exact non-vptr receiver extent was recovered; sites=7; slots=1; exact_extent=4
0	CallableReceiver_004E96C0_P1	/SubmarineTitans/Recovered/PointerShapes/CallableReceivers/CallableReceiver_004E96C0_P1	/SubmarineTitans/Recovered/PointerShapes/CallableReceivers/CallableReceiver_004E96C0_P1VTable	37	48	6	1	review	receiver family is not dense enough for a persistent structural view; sites=6; slots=1; exact_extent=37
0	CallableReceiver_004EAA20_P0	/SubmarineTitans/Recovered/PointerShapes/CallableReceivers/CallableReceiver_004EAA20_P0	/SubmarineTitans/Recovered/PointerShapes/CallableReceivers/CallableReceiver_004EAA20_P0VTable	1537	148	2	1	review	receiver family is not dense enough for a persistent structural view; concrete parameter type preserved; sites=2; slots=1; exact_extent=1537
0	CallableReceiver_004ECEA0_P0	/SubmarineTitans/Recovered/PointerShapes/CallableReceivers/CallableReceiver_004ECEA0_P0	/SubmarineTitans/Recovered/PointerShapes/CallableReceivers/CallableReceiver_004ECEA0_P0VTable	1537	148	1	1	review	receiver family is not dense enough for a persistent structural view; concrete parameter type preserved; sites=1; slots=1; exact_extent=1537
0	CallableReceiver_0055C180_P0	/SubmarineTitans/Recovered/PointerShapes/CallableReceivers/CallableReceiver_0055C180_P0	/SubmarineTitans/Recovered/PointerShapes/CallableReceivers/CallableReceiver_0055C180_P0VTable	1722	64	1	1	review	receiver family is not dense enough for a persistent structural view; concrete parameter type preserved; sites=1; slots=1; exact_extent=1722
0	CallableReceiver_00579350_P0	/SubmarineTitans/Recovered/PointerShapes/CallableReceivers/CallableReceiver_00579350_P0	/SubmarineTitans/Recovered/PointerShapes/CallableReceivers/CallableReceiver_00579350_P0VTable	635	220	1	1	review	receiver family is not dense enough for a persistent structural view; concrete parameter type preserved; sites=1; slots=1; exact_extent=635
0	CallableReceiver_0057A2C0_P0	/SubmarineTitans/Recovered/PointerShapes/CallableReceivers/CallableReceiver_0057A2C0_P0	/SubmarineTitans/Recovered/PointerShapes/CallableReceivers/CallableReceiver_0057A2C0_P0VTable	71	20	2	1	review	receiver family is not dense enough for a persistent structural view; concrete parameter type preserved; sites=2; slots=1; exact_extent=71
0	CallableReceiver_0057B350_P0	/SubmarineTitans/Recovered/PointerShapes/CallableReceivers/CallableReceiver_0057B350_P0	/SubmarineTitans/Recovered/PointerShapes/CallableReceivers/CallableReceiver_0057B350_P0VTable	71	20	2	1	review	receiver family is not dense enough for a persistent structural view; parameter storage is overwritten and has multiple compiler lifetimes; sites=2; slots=1; exact_extent=71
0	CallableReceiver_00584B10_P0	/SubmarineTitans/Recovered/PointerShapes/CallableReceivers/CallableReceiver_00584B10_P0	/SubmarineTitans/Recovered/PointerShapes/CallableReceivers/CallableReceiver_00584B10_P0VTable	600	220	1	1	review	receiver family is not dense enough for a persistent structural view; concrete parameter type preserved; sites=1; slots=1; exact_extent=600
0	CallableReceiver_00584C50_P1	/SubmarineTitans/Recovered/PointerShapes/CallableReceivers/CallableReceiver_00584C50_P1	/SubmarineTitans/Recovered/PointerShapes/CallableReceivers/CallableReceiver_00584C50_P1VTable	10	4	1	1	review	receiver family is not dense enough for a persistent structural view; sites=1; slots=1; exact_extent=10
0	CallableReceiver_00585020_P0	/SubmarineTitans/Recovered/PointerShapes/CallableReceivers/CallableReceiver_00585020_P0	/SubmarineTitans/Recovered/PointerShapes/CallableReceivers/CallableReceiver_00585020_P0VTable	648	220	3	1	review	receiver family is not dense enough for a persistent structural view; concrete parameter type preserved; sites=3; slots=1; exact_extent=648
0	CallableReceiver_00586AF0_P0	/SubmarineTitans/Recovered/PointerShapes/CallableReceivers/CallableReceiver_00586AF0_P0	/SubmarineTitans/Recovered/PointerShapes/CallableReceivers/CallableReceiver_00586AF0_P0VTable	678	220	2	1	review	receiver family is not dense enough for a persistent structural view; sites=2; slots=1; exact_extent=678
0	CallableReceiver_00589740_P0	/SubmarineTitans/Recovered/PointerShapes/CallableReceivers/CallableReceiver_00589740_P0	/SubmarineTitans/Recovered/PointerShapes/CallableReceivers/CallableReceiver_00589740_P0VTable	632	220	1	1	review	receiver family is not dense enough for a persistent structural view; concrete parameter type preserved; sites=1; slots=1; exact_extent=632
0	CallableReceiver_0058A9E0_P0	/SubmarineTitans/Recovered/PointerShapes/CallableReceivers/CallableReceiver_0058A9E0_P0	/SubmarineTitans/Recovered/PointerShapes/CallableReceivers/CallableReceiver_0058A9E0_P0VTable	679	220	1	1	review	receiver family is not dense enough for a persistent structural view; concrete parameter type preserved; sites=1; slots=1; exact_extent=679
0	CallableReceiver_0058BD90_P0	/SubmarineTitans/Recovered/PointerShapes/CallableReceivers/CallableReceiver_0058BD90_P0	/SubmarineTitans/Recovered/PointerShapes/CallableReceivers/CallableReceiver_0058BD90_P0VTable	627	220	1	1	review	receiver family is not dense enough for a persistent structural view; concrete parameter type preserved; sites=1; slots=1; exact_extent=627
0	CallableReceiver_005C5CA0_P0	/SubmarineTitans/Recovered/PointerShapes/CallableReceivers/CallableReceiver_005C5CA0_P0	/SubmarineTitans/Recovered/PointerShapes/CallableReceivers/CallableReceiver_005C5CA0_P0VTable	8543	48	1	1	review	receiver family is not dense enough for a persistent structural view; concrete parameter type preserved; sites=1; slots=1; exact_extent=8543
0	CallableReceiver_005EDA50_P0	/SubmarineTitans/Recovered/PointerShapes/CallableReceivers/CallableReceiver_005EDA50_P0	/SubmarineTitans/Recovered/PointerShapes/CallableReceivers/CallableReceiver_005EDA50_P0VTable	746	300	2	2	review	receiver family is not dense enough for a persistent structural view; concrete parameter type preserved; sites=2; slots=2; exact_extent=746
0	CallableReceiver_005EDC20_P0	/SubmarineTitans/Recovered/PointerShapes/CallableReceivers/CallableReceiver_005EDC20_P0	/SubmarineTitans/Recovered/PointerShapes/CallableReceivers/CallableReceiver_005EDC20_P0VTable	712	316	2	2	review	receiver family is not dense enough for a persistent structural view; concrete parameter type preserved; sites=2; slots=2; exact_extent=712
0	CallableReceiver_005F04B0_P1	/SubmarineTitans/Recovered/PointerShapes/CallableReceivers/CallableReceiver_005F04B0_P1	/SubmarineTitans/Recovered/PointerShapes/CallableReceivers/CallableReceiver_005F04B0_P1VTable	52	48	1	1	review	receiver family is not dense enough for a persistent structural view; sites=1; slots=1; exact_extent=52
0	CallableReceiver_005F0E20_P2	/SubmarineTitans/Recovered/PointerShapes/CallableReceivers/CallableReceiver_005F0E20_P2	/SubmarineTitans/Recovered/PointerShapes/CallableReceivers/CallableReceiver_005F0E20_P2VTable	38	240	2	1	review	receiver family is not dense enough for a persistent structural view; sites=2; slots=1; exact_extent=38
0	CallableReceiver_0060BD30_P1	/SubmarineTitans/Recovered/PointerShapes/CallableReceivers/CallableReceiver_0060BD30_P1	/SubmarineTitans/Recovered/PointerShapes/CallableReceivers/CallableReceiver_0060BD30_P1VTable	26	4	1	1	review	receiver family is not dense enough for a persistent structural view; sites=1; slots=1; exact_extent=26
0	CallableReceiver_0060BDD0_P1	/SubmarineTitans/Recovered/PointerShapes/CallableReceivers/CallableReceiver_0060BDD0_P1	/SubmarineTitans/Recovered/PointerShapes/CallableReceivers/CallableReceiver_0060BDD0_P1VTable	38	4	1	1	review	receiver family is not dense enough for a persistent structural view; sites=1; slots=1; exact_extent=38
0	CallableReceiver_006101B0_P0	/SubmarineTitans/Recovered/PointerShapes/CallableReceivers/CallableReceiver_006101B0_P0	/SubmarineTitans/Recovered/PointerShapes/CallableReceivers/CallableReceiver_006101B0_P0VTable	751	24	5	1	review	receiver family is not dense enough for a persistent structural view; concrete parameter type preserved; sites=5; slots=1; exact_extent=751
0	CallableReceiver_00623600_P0	/SubmarineTitans/Recovered/PointerShapes/CallableReceivers/CallableReceiver_00623600_P0	/SubmarineTitans/Recovered/PointerShapes/CallableReceivers/CallableReceiver_00623600_P0VTable	851	220	2	1	review	receiver family is not dense enough for a persistent structural view; concrete parameter type preserved; sites=2; slots=1; exact_extent=851
0	CallableReceiver_006264D0_P1	/SubmarineTitans/Recovered/PointerShapes/CallableReceivers/CallableReceiver_006264D0_P1	/SubmarineTitans/Recovered/PointerShapes/CallableReceivers/CallableReceiver_006264D0_P1VTable	38	244	1	1	review	receiver family is not dense enough for a persistent structural view; sites=1; slots=1; exact_extent=38
0	CallableReceiver_0062B830_P4	/SubmarineTitans/Recovered/PointerShapes/CallableReceivers/CallableReceiver_0062B830_P4	/SubmarineTitans/Recovered/PointerShapes/CallableReceivers/CallableReceiver_0062B830_P4VTable	46	48	1	1	review	receiver family is not dense enough for a persistent structural view; a slot argument carries an unresolved incoming register ABI; sites=1; slots=1; exact_extent=46
0	CallableReceiver_0064DD70_P2	/SubmarineTitans/Recovered/PointerShapes/CallableReceivers/CallableReceiver_0064DD70_P2	/SubmarineTitans/Recovered/PointerShapes/CallableReceivers/CallableReceiver_0064DD70_P2VTable	4	324	1	1	review	receiver family is not dense enough for a persistent structural view; no exact non-vptr receiver extent was recovered; sites=1; slots=1; exact_extent=2
0	CallableReceiver_0065D760_P1	/SubmarineTitans/Recovered/PointerShapes/CallableReceivers/CallableReceiver_0065D760_P1	/SubmarineTitans/Recovered/PointerShapes/CallableReceivers/CallableReceiver_0065D760_P1VTable	2078	48	3	1	review	receiver family is not dense enough for a persistent structural view; concrete parameter type preserved; sites=3; slots=1; exact_extent=2078
0	CallableReceiver_00675EA0_P1	/SubmarineTitans/Recovered/PointerShapes/CallableReceivers/CallableReceiver_00675EA0_P1	/SubmarineTitans/Recovered/PointerShapes/CallableReceivers/CallableReceiver_00675EA0_P1VTable	4	48	1	1	review	receiver family is not dense enough for a persistent structural view; no exact non-vptr receiver extent was recovered; sites=1; slots=1; exact_extent=2
0	CallableReceiver_00677EF0_P2	/SubmarineTitans/Recovered/PointerShapes/CallableReceivers/CallableReceiver_00677EF0_P2	/SubmarineTitans/Recovered/PointerShapes/CallableReceivers/CallableReceiver_00677EF0_P2VTable	4	316	1	1	review	receiver family is not dense enough for a persistent structural view; no exact non-vptr receiver extent was recovered; sites=1; slots=1; exact_extent=2
0	CallableReceiver_006D4F50_P0	/SubmarineTitans/Recovered/PointerShapes/CallableReceivers/CallableReceiver_006D4F50_P0	/SubmarineTitans/Recovered/PointerShapes/CallableReceivers/CallableReceiver_006D4F50_P0VTable	4	16	1	1	review	receiver family is not dense enough for a persistent structural view; no exact non-vptr receiver extent was recovered; sites=1; slots=1; exact_extent=2
0	CallableReceiver_006D4FD0_P0	/SubmarineTitans/Recovered/PointerShapes/CallableReceivers/CallableReceiver_006D4FD0_P0	/SubmarineTitans/Recovered/PointerShapes/CallableReceivers/CallableReceiver_006D4FD0_P0VTable	4	16	1	1	review	receiver family is not dense enough for a persistent structural view; no exact non-vptr receiver extent was recovered; sites=1; slots=1; exact_extent=2
0	CallableReceiver_0071F230_P0	/SubmarineTitans/Recovered/PointerShapes/CallableReceivers/CallableReceiver_0071F230_P0	/SubmarineTitans/Recovered/PointerShapes/CallableReceivers/CallableReceiver_0071F230_P0VTable	522	16	2	2	review	receiver family is not dense enough for a persistent structural view; sites=2; slots=2; exact_extent=522
0	CallableReceiver_0071F340_P0	/SubmarineTitans/Recovered/PointerShapes/CallableReceivers/CallableReceiver_0071F340_P0	/SubmarineTitans/Recovered/PointerShapes/CallableReceivers/CallableReceiver_0071F340_P0VTable	522	12	1	1	review	receiver family is not dense enough for a persistent structural view; sites=1; slots=1; exact_extent=522
