apply	owner	parent_offset	type_path	length	field_count	access_count	confidence	reason
0	AiFltClassTy	547	/SubmarineTitans/Recovered/ClassPointees/AnonPointee_AiFltClassTy_0223	32	2	10	review	multiple non-overlapping fixed offsets through one class pointer field
0	AiFltClassTy	559	/SubmarineTitans/Recovered/ClassPointees/AnonPointee_AiFltClassTy_022F	32	2	14	review	multiple non-overlapping fixed offsets through one class pointer field
0	AiFltClassTy	644	/SubmarineTitans/Recovered/ClassPointees/AnonPointee_AiFltClassTy_0284	324	7	15	review	multiple non-overlapping fixed offsets through one class pointer field
0	CBaseRenderer	0	/SubmarineTitans/Recovered/ClassPointees/AnonPointee_CBaseRenderer_0000	116	4	8	review	multiple non-overlapping fixed offsets through one class pointer field
0	CGenerate	8	/SubmarineTitans/Recovered/ClassPointees/AnonPointee_CGenerate_0008	8	2	25	review	multiple non-overlapping fixed offsets through one class pointer field
0	CGenerate	12	/SubmarineTitans/Recovered/ClassPointees/AnonPointee_CGenerate_000C	1113	4	17	review	multiple non-overlapping fixed offsets through one class pointer field
0	CPanelTy	432	/SubmarineTitans/Recovered/ClassPointees/AnonPointee_CPanelTy_01B0	24	4	4	review	multiple non-overlapping fixed offsets through one class pointer field
0	CPanelTy	2541	/SubmarineTitans/Recovered/ClassPointees/AnonPointee_CPanelTy_09ED	12	2	42	review	multiple non-overlapping fixed offsets through one class pointer field
0	ChooseMapTy	12	/SubmarineTitans/Recovered/ClassPointees/AnonPointee_ChooseMapTy_000C	24	2	13	review	multiple non-overlapping fixed offsets through one class pointer field
0	ChooseMapTy	6747	/SubmarineTitans/Recovered/ClassPointees/AnonPointee_ChooseMapTy_1A5B	1674	4	86	review	multiple non-overlapping fixed offsets through one class pointer field
0	ChooseMapTy	7291	/SubmarineTitans/Recovered/ClassPointees/AnonPointee_ChooseMapTy_1C7B	12	2	5	review	multiple non-overlapping fixed offsets through one class pointer field
0	ChooseMapTy	7307	/SubmarineTitans/Recovered/ClassPointees/AnonPointee_ChooseMapTy_1C8B	12	2	4	review	multiple non-overlapping fixed offsets through one class pointer field
0	ChooseMapTy	7319	/SubmarineTitans/Recovered/ClassPointees/AnonPointee_ChooseMapTy_1C97	24	2	22	review	multiple non-overlapping fixed offsets through one class pointer field
0	ChooseMapTy	7327	/SubmarineTitans/Recovered/ClassPointees/AnonPointee_ChooseMapTy_1C9F	24	2	25	review	multiple non-overlapping fixed offsets through one class pointer field
0	ChooseMapTy	8376	/SubmarineTitans/Recovered/ClassPointees/AnonPointee_ChooseMapTy_20B8	27	5	10	review	multiple non-overlapping fixed offsets through one class pointer field
0	ChooseMapTy	8380	/SubmarineTitans/Recovered/ClassPointees/AnonPointee_ChooseMapTy_20BC	27	5	10	review	multiple non-overlapping fixed offsets through one class pointer field
0	ChooseMapTy	8384	/SubmarineTitans/Recovered/ClassPointees/AnonPointee_ChooseMapTy_20C0	27	5	10	review	multiple non-overlapping fixed offsets through one class pointer field
0	ComboTy	260	/SubmarineTitans/Recovered/ClassPointees/AnonPointee_ComboTy_0104	24	4	6	review	multiple non-overlapping fixed offsets through one class pointer field
0	CursorClassTy	1178	/SubmarineTitans/Recovered/ClassPointees/AnonPointee_CursorClassTy_049A	605	3	14	review	multiple non-overlapping fixed offsets through one class pointer field
0	FSGSTy	49	/SubmarineTitans/Recovered/ClassPointees/AnonPointee_FSGSTy_0031	24	2	4	review	multiple non-overlapping fixed offsets through one class pointer field
0	FSGSTy	6747	/SubmarineTitans/Recovered/ClassPointees/AnonPointee_FSGSTy_1A5B	1690	5	121	review	multiple non-overlapping fixed offsets through one class pointer field
0	FSGSTy	6771	/SubmarineTitans/Recovered/ClassPointees/AnonPointee_FSGSTy_1A73	164	3	16	review	multiple non-overlapping fixed offsets through one class pointer field
0	FSGSTy	6775	/SubmarineTitans/Recovered/ClassPointees/AnonPointee_FSGSTy_1A77	164	2	4	review	multiple non-overlapping fixed offsets through one class pointer field
0	FSGSTy	6807	/SubmarineTitans/Recovered/ClassPointees/AnonPointee_FSGSTy_1A97	24	4	6	review	multiple non-overlapping fixed offsets through one class pointer field
0	FSGSTy	6848	/SubmarineTitans/Recovered/ClassPointees/AnonPointee_FSGSTy_1AC0	24	4	50	review	multiple non-overlapping fixed offsets through one class pointer field
0	FSGSTy	6888	/SubmarineTitans/Recovered/ClassPointees/AnonPointee_FSGSTy_1AE8	24	2	15	review	multiple non-overlapping fixed offsets through one class pointer field
0	FSGSTy	6892	/SubmarineTitans/Recovered/ClassPointees/AnonPointee_FSGSTy_1AEC	24	2	12	review	multiple non-overlapping fixed offsets through one class pointer field
0	FSGSTy	6900	/SubmarineTitans/Recovered/ClassPointees/AnonPointee_FSGSTy_1AF4	24	2	4	review	multiple non-overlapping fixed offsets through one class pointer field
0	FSGSTy	6904	/SubmarineTitans/Recovered/ClassPointees/AnonPointee_FSGSTy_1AF8	24	2	4	review	multiple non-overlapping fixed offsets through one class pointer field
0	FSGSTy	6908	/SubmarineTitans/Recovered/ClassPointees/AnonPointee_FSGSTy_1AFC	24	2	4	review	multiple non-overlapping fixed offsets through one class pointer field
0	FSGSTy	6912	/SubmarineTitans/Recovered/ClassPointees/AnonPointee_FSGSTy_1B00	24	2	4	review	multiple non-overlapping fixed offsets through one class pointer field
0	FSGSTy	6924	/SubmarineTitans/Recovered/ClassPointees/AnonPointee_FSGSTy_1B0C	2	2	8	review	multiple non-overlapping fixed offsets through one class pointer field
0	FSGSTy	7842	/SubmarineTitans/Recovered/ClassPointees/AnonPointee_FSGSTy_1EA2	24	2	6	review	multiple non-overlapping fixed offsets through one class pointer field
0	FSGSTy	7971	/SubmarineTitans/Recovered/ClassPointees/AnonPointee_FSGSTy_1F23	27	4	29	review	multiple non-overlapping fixed offsets through one class pointer field
0	FSGSTy	7975	/SubmarineTitans/Recovered/ClassPointees/AnonPointee_FSGSTy_1F27	27	4	8	review	multiple non-overlapping fixed offsets through one class pointer field
0	FSGSTy	7979	/SubmarineTitans/Recovered/ClassPointees/AnonPointee_FSGSTy_1F2B	27	4	15	review	multiple non-overlapping fixed offsets through one class pointer field
0	FSGSTy	7983	/SubmarineTitans/Recovered/ClassPointees/AnonPointee_FSGSTy_1F2F	27	4	8	review	multiple non-overlapping fixed offsets through one class pointer field
0	HelpPanelTy	104	/SubmarineTitans/Recovered/ClassPointees/AnonPointee_HelpPanelTy_0068	24	4	4	review	multiple non-overlapping fixed offsets through one class pointer field
0	HelpPanelTy	435	/SubmarineTitans/Recovered/ClassPointees/AnonPointee_HelpPanelTy_01B3	32	2	21	review	multiple non-overlapping fixed offsets through one class pointer field
0	HelpPanelTy	455	/SubmarineTitans/Recovered/ClassPointees/AnonPointee_HelpPanelTy_01C7	8	2	5	review	multiple non-overlapping fixed offsets through one class pointer field
0	HelpPanelTy	484	/SubmarineTitans/Recovered/ClassPointees/AnonPointee_HelpPanelTy_01E4	164	2	4	review	multiple non-overlapping fixed offsets through one class pointer field
0	HelpPanelTy	536	/SubmarineTitans/Recovered/ClassPointees/AnonPointee_HelpPanelTy_0218	24	4	13	review	multiple non-overlapping fixed offsets through one class pointer field
0	HelpStringTy	298	/SubmarineTitans/Recovered/ClassPointees/AnonPointee_HelpStringTy_012A	24	4	4	review	multiple non-overlapping fixed offsets through one class pointer field
0	MReportTy	115	/SubmarineTitans/Recovered/ClassPointees/AnonPointee_MReportTy_0073	12	2	6	review	multiple non-overlapping fixed offsets through one class pointer field
0	MReportTy	119	/SubmarineTitans/Recovered/ClassPointees/AnonPointee_MReportTy_0077	24	4	6	review	multiple non-overlapping fixed offsets through one class pointer field
0	MReportTy	131	/SubmarineTitans/Recovered/ClassPointees/AnonPointee_MReportTy_0083	164	3	3	review	multiple non-overlapping fixed offsets through one class pointer field
0	MReportTy	1107	/SubmarineTitans/Recovered/ClassPointees/AnonPointee_MReportTy_0453	27	5	10	review	multiple non-overlapping fixed offsets through one class pointer field
0	MReportTy	1111	/SubmarineTitans/Recovered/ClassPointees/AnonPointee_MReportTy_0457	27	5	10	review	multiple non-overlapping fixed offsets through one class pointer field
0	MTaskTy	141	/SubmarineTitans/Recovered/ClassPointees/AnonPointee_MTaskTy_008D	164	2	4	review	multiple non-overlapping fixed offsets through one class pointer field
0	MTaskTy	1727	/SubmarineTitans/Recovered/ClassPointees/AnonPointee_MTaskTy_06BF	24	4	4	review	multiple non-overlapping fixed offsets through one class pointer field
0	MTaskTy	1739	/SubmarineTitans/Recovered/ClassPointees/AnonPointee_MTaskTy_06CB	24	4	6	review	multiple non-overlapping fixed offsets through one class pointer field
0	MainMenuTy	6823	/SubmarineTitans/Recovered/ClassPointees/AnonPointee_MainMenuTy_1AA7	16	4	4	review	multiple non-overlapping fixed offsets through one class pointer field
0	MoneyTy	114	/SubmarineTitans/Recovered/ClassPointees/AnonPointee_MoneyTy_0072	24	4	6	review	multiple non-overlapping fixed offsets through one class pointer field
0	MoneyTy	118	/SubmarineTitans/Recovered/ClassPointees/AnonPointee_MoneyTy_0076	24	4	6	review	multiple non-overlapping fixed offsets through one class pointer field
0	MoneyTy	122	/SubmarineTitans/Recovered/ClassPointees/AnonPointee_MoneyTy_007A	24	4	6	review	multiple non-overlapping fixed offsets through one class pointer field
0	MoneyTy	126	/SubmarineTitans/Recovered/ClassPointees/AnonPointee_MoneyTy_007E	24	4	4	review	multiple non-overlapping fixed offsets through one class pointer field
0	OptPanelTy	489	/SubmarineTitans/Recovered/ClassPointees/AnonPointee_OptPanelTy_01E9	24	2	3	review	multiple non-overlapping fixed offsets through one class pointer field
0	PlayPanelTy	104	/SubmarineTitans/Recovered/ClassPointees/AnonPointee_PlayPanelTy_0068	24	4	4	review	multiple non-overlapping fixed offsets through one class pointer field
0	PlaySystemTy	57	/SubmarineTitans/Recovered/ClassPointees/AnonPointee_PlaySystemTy_0039	24	3	6	review	multiple non-overlapping fixed offsets through one class pointer field
0	PopUpTy	144	/SubmarineTitans/Recovered/ClassPointees/AnonPointee_PopUpTy_0090	24	4	15	review	multiple non-overlapping fixed offsets through one class pointer field
0	PrividerTy	6747	/SubmarineTitans/Recovered/ClassPointees/AnonPointee_PrividerTy_1A5B	746	2	47	review	multiple non-overlapping fixed offsets through one class pointer field
0	PrividerTy	7298	/SubmarineTitans/Recovered/ClassPointees/AnonPointee_PrividerTy_1C82	24	4	7	review	multiple non-overlapping fixed offsets through one class pointer field
0	PrividerTy	7318	/SubmarineTitans/Recovered/ClassPointees/AnonPointee_PrividerTy_1C96	27	5	10	review	multiple non-overlapping fixed offsets through one class pointer field
0	PrividerTy	7322	/SubmarineTitans/Recovered/ClassPointees/AnonPointee_PrividerTy_1C9A	27	5	14	review	multiple non-overlapping fixed offsets through one class pointer field
0	ProdPanelTy	104	/SubmarineTitans/Recovered/ClassPointees/AnonPointee_ProdPanelTy_0068	24	4	4	review	multiple non-overlapping fixed offsets through one class pointer field
0	SIDTy	7352	/SubmarineTitans/Recovered/ClassPointees/AnonPointee_SIDTy_1CB8	16	3	3	review	multiple non-overlapping fixed offsets through one class pointer field
0	SIDTy	7356	/SubmarineTitans/Recovered/ClassPointees/AnonPointee_SIDTy_1CBC	24	4	4	review	multiple non-overlapping fixed offsets through one class pointer field
0	SIDTy	7360	/SubmarineTitans/Recovered/ClassPointees/AnonPointee_SIDTy_1CC0	24	4	6	review	multiple non-overlapping fixed offsets through one class pointer field
0	SIDTy	7368	/SubmarineTitans/Recovered/ClassPointees/AnonPointee_SIDTy_1CC8	24	4	6	review	multiple non-overlapping fixed offsets through one class pointer field
0	SIDTy	7372	/SubmarineTitans/Recovered/ClassPointees/AnonPointee_SIDTy_1CCC	24	2	16	review	multiple non-overlapping fixed offsets through one class pointer field
0	SIDTy	7376	/SubmarineTitans/Recovered/ClassPointees/AnonPointee_SIDTy_1CD0	24	2	6	review	multiple non-overlapping fixed offsets through one class pointer field
0	ST3DSMAPContext	0	/SubmarineTitans/Recovered/ClassPointees/AnonPointee_ST3DSMAPContext_0000	568	3	4	review	multiple non-overlapping fixed offsets through one class pointer field
0	ST3DSMAPContext	4	/SubmarineTitans/Recovered/ClassPointees/AnonPointee_ST3DSMAPContext_0004	32	3	5	review	multiple non-overlapping fixed offsets through one class pointer field
0	ST3DSMAPContext	796	/SubmarineTitans/Recovered/ClassPointees/AnonPointee_ST3DSMAPContext_031C	275	9	52	review	multiple non-overlapping fixed offsets through one class pointer field
0	ST3DSMAPContext	856	/SubmarineTitans/Recovered/ClassPointees/AnonPointee_ST3DSMAPContext_0358	1056	17	43	review	multiple non-overlapping fixed offsets through one class pointer field
0	ST3DSMAPContext	1056	/SubmarineTitans/Recovered/ClassPointees/AnonPointee_ST3DSMAPContext_0420	4	3	6	review	multiple non-overlapping fixed offsets through one class pointer field
0	ST3DSMAPContext	1090	/SubmarineTitans/Recovered/ClassPointees/AnonPointee_ST3DSMAPContext_0442	24	5	9	review	multiple non-overlapping fixed offsets through one class pointer field
0	ST3DSMAPContext	1094	/SubmarineTitans/Recovered/ClassPointees/AnonPointee_ST3DSMAPContext_0446	13	2	4	review	multiple non-overlapping fixed offsets through one class pointer field
0	ST3DSMAPContext	1098	/SubmarineTitans/Recovered/ClassPointees/AnonPointee_ST3DSMAPContext_044A	13	2	4	review	multiple non-overlapping fixed offsets through one class pointer field
0	ST3DSMAPContext	1102	/SubmarineTitans/Recovered/ClassPointees/AnonPointee_ST3DSMAPContext_044E	21	6	30	review	multiple non-overlapping fixed offsets through one class pointer field
0	ST3DSMAPContext	1106	/SubmarineTitans/Recovered/ClassPointees/AnonPointee_ST3DSMAPContext_0452	28	6	34	review	multiple non-overlapping fixed offsets through one class pointer field
0	STAllPlayersC	397	/SubmarineTitans/Recovered/ClassPointees/AnonPointee_STAllPlayersC_018D	16	4	4	review	multiple non-overlapping fixed offsets through one class pointer field
0	STAllPlayersC	401	/SubmarineTitans/Recovered/ClassPointees/AnonPointee_STAllPlayersC_0191	16	4	4	review	multiple non-overlapping fixed offsets through one class pointer field
0	STAllPlayersC	405	/SubmarineTitans/Recovered/ClassPointees/AnonPointee_STAllPlayersC_0195	20	6	6	review	multiple non-overlapping fixed offsets through one class pointer field
0	STAllPlayersC	409	/SubmarineTitans/Recovered/ClassPointees/AnonPointee_STAllPlayersC_0199	20	6	6	review	multiple non-overlapping fixed offsets through one class pointer field
0	STAllPlayersC	421	/SubmarineTitans/Recovered/ClassPointees/AnonPointee_STAllPlayersC_01A5	12	3	3	review	multiple non-overlapping fixed offsets through one class pointer field
0	STAllPlayersC	425	/SubmarineTitans/Recovered/ClassPointees/AnonPointee_STAllPlayersC_01A9	12	3	3	review	multiple non-overlapping fixed offsets through one class pointer field
0	STAllPlayersC	429	/SubmarineTitans/Recovered/ClassPointees/AnonPointee_STAllPlayersC_01AD	12	4	4	review	multiple non-overlapping fixed offsets through one class pointer field
0	STAllPlayersC	433	/SubmarineTitans/Recovered/ClassPointees/AnonPointee_STAllPlayersC_01B1	12	4	4	review	multiple non-overlapping fixed offsets through one class pointer field
0	STAllPlayersC	437	/SubmarineTitans/Recovered/ClassPointees/AnonPointee_STAllPlayersC_01B5	12	4	4	review	multiple non-overlapping fixed offsets through one class pointer field
0	STAllPlayersC	441	/SubmarineTitans/Recovered/ClassPointees/AnonPointee_STAllPlayersC_01B9	12	4	4	review	multiple non-overlapping fixed offsets through one class pointer field
0	STAppC	4442	/SubmarineTitans/Recovered/ClassPointees/AnonPointee_STAppC_115A	8	2	6	review	multiple non-overlapping fixed offsets through one class pointer field
0	STBHEShellC	243	/SubmarineTitans/Recovered/ClassPointees/AnonPointee_STBHEShellC_00F3	256	7	7	review	multiple non-overlapping fixed offsets through one class pointer field
0	STBoatC	151	/SubmarineTitans/Recovered/ClassPointees/AnonPointee_STBoatC_0097	14	3	3	review	multiple non-overlapping fixed offsets through one class pointer field
0	STColl3C	742	/SubmarineTitans/Recovered/ClassPointees/AnonPointee_STColl3C_02E6	96	4	10	review	multiple non-overlapping fixed offsets through one class pointer field
0	STGameObjC	405	/SubmarineTitans/Recovered/ClassPointees/AnonPointee_STGameObjC_0195	20	6	6	review	multiple non-overlapping fixed offsets through one class pointer field
0	STGameObjC	409	/SubmarineTitans/Recovered/ClassPointees/AnonPointee_STGameObjC_0199	20	6	6	review	multiple non-overlapping fixed offsets through one class pointer field
0	STGameObjC	429	/SubmarineTitans/Recovered/ClassPointees/AnonPointee_STGameObjC_01AD	12	4	4	review	multiple non-overlapping fixed offsets through one class pointer field
0	STGameObjC	433	/SubmarineTitans/Recovered/ClassPointees/AnonPointee_STGameObjC_01B1	12	4	4	review	multiple non-overlapping fixed offsets through one class pointer field
0	STGroupBoatC	558	/SubmarineTitans/Recovered/ClassPointees/AnonPointee_STGroupBoatC_022E	32	2	5	review	multiple non-overlapping fixed offsets through one class pointer field
0	STPlaySystemC	61	/SubmarineTitans/Recovered/ClassPointees/AnonPointee_STPlaySystemC_003D	8	2	11	review	multiple non-overlapping fixed offsets through one class pointer field
0	SettMapMTy	12	/SubmarineTitans/Recovered/ClassPointees/AnonPointee_SettMapMTy_000C	24	2	7	review	multiple non-overlapping fixed offsets through one class pointer field
0	SettMapMTy	6747	/SubmarineTitans/Recovered/ClassPointees/AnonPointee_SettMapMTy_1A5B	1718	12	118	review	multiple non-overlapping fixed offsets through one class pointer field
0	SettMapMTy	8680	/SubmarineTitans/Recovered/ClassPointees/AnonPointee_SettMapMTy_21E8	27	4	4	review	multiple non-overlapping fixed offsets through one class pointer field
0	SettMapMTy	8684	/SubmarineTitans/Recovered/ClassPointees/AnonPointee_SettMapMTy_21EC	27	4	4	review	multiple non-overlapping fixed offsets through one class pointer field
0	SettMapMTy	8688	/SubmarineTitans/Recovered/ClassPointees/AnonPointee_SettMapMTy_21F0	27	4	4	review	multiple non-overlapping fixed offsets through one class pointer field
0	SettMapMTy	8692	/SubmarineTitans/Recovered/ClassPointees/AnonPointee_SettMapMTy_21F4	27	4	4	review	multiple non-overlapping fixed offsets through one class pointer field
0	SettMapMTy	8696	/SubmarineTitans/Recovered/ClassPointees/AnonPointee_SettMapMTy_21F8	27	4	7	review	multiple non-overlapping fixed offsets through one class pointer field
0	SettMapMTy	8708	/SubmarineTitans/Recovered/ClassPointees/AnonPointee_SettMapMTy_2204	12	2	3	review	multiple non-overlapping fixed offsets through one class pointer field
0	SettMapSTy	0	/SubmarineTitans/Recovered/ClassPointees/AnonPointee_SettMapSTy_0000	48	4	9	review	multiple non-overlapping fixed offsets through one class pointer field
0	SettMapTy	8680	/SubmarineTitans/Recovered/ClassPointees/AnonPointee_SettMapTy_21E8	27	3	3	review	multiple non-overlapping fixed offsets through one class pointer field
0	SettMapTy	8684	/SubmarineTitans/Recovered/ClassPointees/AnonPointee_SettMapTy_21EC	27	3	3	review	multiple non-overlapping fixed offsets through one class pointer field
0	SettMapTy	8688	/SubmarineTitans/Recovered/ClassPointees/AnonPointee_SettMapTy_21F0	27	3	3	review	multiple non-overlapping fixed offsets through one class pointer field
0	SettMapTy	8692	/SubmarineTitans/Recovered/ClassPointees/AnonPointee_SettMapTy_21F4	27	3	3	review	multiple non-overlapping fixed offsets through one class pointer field
0	SpecPanelTy	104	/SubmarineTitans/Recovered/ClassPointees/AnonPointee_SpecPanelTy_0068	24	4	4	review	multiple non-overlapping fixed offsets through one class pointer field
0	StartSystemTy	12	/SubmarineTitans/Recovered/ClassPointees/AnonPointee_StartSystemTy_000C	8	2	3	review	multiple non-overlapping fixed offsets through one class pointer field
0	StartSystemTy	52	/SubmarineTitans/Recovered/ClassPointees/AnonPointee_StartSystemTy_0034	164	3	14	review	multiple non-overlapping fixed offsets through one class pointer field
0	StartSystemTy	752	/SubmarineTitans/Recovered/ClassPointees/AnonPointee_StartSystemTy_02F0	16	3	5	review	multiple non-overlapping fixed offsets through one class pointer field
0	StartSystemTy	1348	/SubmarineTitans/Recovered/ClassPointees/AnonPointee_StartSystemTy_0544	12	2	7	review	multiple non-overlapping fixed offsets through one class pointer field
0	StartSystemTy	1662	/SubmarineTitans/Recovered/ClassPointees/AnonPointee_StartSystemTy_067E	24	4	11	review	multiple non-overlapping fixed offsets through one class pointer field
0	StartSystemTy	1666	/SubmarineTitans/Recovered/ClassPointees/AnonPointee_StartSystemTy_0682	24	4	7	review	multiple non-overlapping fixed offsets through one class pointer field
0	SubmarineTitans::Recovered::HiddenThis::AnonReceiver_00416270	742	/SubmarineTitans/Recovered/ClassPointees/AnonPointee_SubmarineTitans__Recovered__HiddenThis__AnonReceiver_00416270_02E6	32	4	8	review	multiple non-overlapping fixed offsets through one class pointer field
0	SubmarineTitans::Recovered::HiddenThis::AnonReceiver_004167A0	151	/SubmarineTitans/Recovered/ClassPointees/AnonPointee_SubmarineTitans__Recovered__HiddenThis__AnonReceiver_004167A0_0097	16	4	9	review	multiple non-overlapping fixed offsets through one class pointer field
0	SubmarineTitans::Recovered::HiddenThis::AnonReceiver_0054A9B0	1255	/SubmarineTitans/Recovered/ClassPointees/AnonPointee_SubmarineTitans__Recovered__HiddenThis__AnonReceiver_0054A9B0_04E7	37	4	12	review	multiple non-overlapping fixed offsets through one class pointer field
0	SubmarineTitans::Recovered::HiddenThis::AnonReceiver_0054A9B0	1259	/SubmarineTitans/Recovered/ClassPointees/AnonPointee_SubmarineTitans__Recovered__HiddenThis__AnonReceiver_0054A9B0_04EB	76	7	22	review	multiple non-overlapping fixed offsets through one class pointer field
0	SubmarineTitans::Recovered::HiddenThis::AnonReceiver_00573260	4	/SubmarineTitans/Recovered/ClassPointees/AnonPointee_SubmarineTitans__Recovered__HiddenThis__AnonReceiver_00573260_0004	132	4	8	review	multiple non-overlapping fixed offsets through one class pointer field
0	SubmarineTitans::Recovered::HiddenThis::AnonReceiver_0060EF40	733	/SubmarineTitans/Recovered/ClassPointees/AnonPointee_SubmarineTitans__Recovered__HiddenThis__AnonReceiver_0060EF40_02DD	36	10	33	review	multiple non-overlapping fixed offsets through one class pointer field
0	SubmarineTitans::Recovered::HiddenThis::AnonReceiver_0064A970	0	/SubmarineTitans/Recovered/ClassPointees/AnonPointee_SubmarineTitans__Recovered__HiddenThis__AnonReceiver_0064A970_0000	48	9	25	review	multiple non-overlapping fixed offsets through one class pointer field
0	SubmarineTitans::Recovered::HiddenThis::AnonReceiver_006CEC40	644	/SubmarineTitans/Recovered/ClassPointees/AnonPointee_SubmarineTitans__Recovered__HiddenThis__AnonReceiver_006CEC40_0284	16	3	17	review	multiple non-overlapping fixed offsets through one class pointer field
0	SubmarineTitans::Recovered::HiddenThis::AnonReceiver_006CEC40	648	/SubmarineTitans/Recovered/ClassPointees/AnonPointee_SubmarineTitans__Recovered__HiddenThis__AnonReceiver_006CEC40_0288	44	7	82	review	multiple non-overlapping fixed offsets through one class pointer field
0	TLOBaseTy	501	/SubmarineTitans/Recovered/ClassPointees/AnonPointee_TLOBaseTy_01F5	532	11	18	review	multiple non-overlapping fixed offsets through one class pointer field
0	TLOBaseTy	657	/SubmarineTitans/Recovered/ClassPointees/AnonPointee_TLOBaseTy_0291	72	3	6	review	multiple non-overlapping fixed offsets through one class pointer field
0	TLOBaseTy	1460	/SubmarineTitans/Recovered/ClassPointees/AnonPointee_TLOBaseTy_05B4	737	3	3	review	multiple non-overlapping fixed offsets through one class pointer field
0	TLOBaseTy	1543	/SubmarineTitans/Recovered/ClassPointees/AnonPointee_TLOBaseTy_0607	24	6	15	review	multiple non-overlapping fixed offsets through one class pointer field
0	TLOFakeTy	589	/SubmarineTitans/Recovered/ClassPointees/AnonPointee_TLOFakeTy_024D	12	3	3	review	multiple non-overlapping fixed offsets through one class pointer field
0	WaitTy	12	/SubmarineTitans/Recovered/ClassPointees/AnonPointee_WaitTy_000C	24	2	7	review	multiple non-overlapping fixed offsets through one class pointer field
0	WaitTy	6747	/SubmarineTitans/Recovered/ClassPointees/AnonPointee_WaitTy_1A5B	1718	11	57	review	multiple non-overlapping fixed offsets through one class pointer field
0	WaitTy	6892	/SubmarineTitans/Recovered/ClassPointees/AnonPointee_WaitTy_1AEC	24	4	9	review	multiple non-overlapping fixed offsets through one class pointer field
0	WaitTy	6896	/SubmarineTitans/Recovered/ClassPointees/AnonPointee_WaitTy_1AF0	24	2	9	review	multiple non-overlapping fixed offsets through one class pointer field
0	WaitTy	6904	/SubmarineTitans/Recovered/ClassPointees/AnonPointee_WaitTy_1AF8	27	5	10	review	multiple non-overlapping fixed offsets through one class pointer field
0	WaitTy	6908	/SubmarineTitans/Recovered/ClassPointees/AnonPointee_WaitTy_1AFC	27	5	10	review	multiple non-overlapping fixed offsets through one class pointer field
0	WaitTy	6912	/SubmarineTitans/Recovered/ClassPointees/AnonPointee_WaitTy_1B00	27	5	10	review	multiple non-overlapping fixed offsets through one class pointer field
0	cLoadingTy	4	/SubmarineTitans/Recovered/ClassPointees/AnonPointee_cLoadingTy_0004	24	4	4	review	multiple non-overlapping fixed offsets through one class pointer field
0	cLoadingTy	8	/SubmarineTitans/Recovered/ClassPointees/AnonPointee_cLoadingTy_0008	112	8	8	review	multiple non-overlapping fixed offsets through one class pointer field
0	BehPanelTy	462	/SubmarineTitans/Recovered/InlineRecordArrays/BehPanelTy_Record_01CE_0027	39	0	4	review	review-only repeated record geometry: counts=[6], factory_counts=[], stride=0x27, loops=1, exact_loops=1; ambiguous_or_missing_exact_extent
1	CampaignTy	187	/SubmarineTitans/Recovered/InlineRecordArrays/CampaignTy_Record_00BB_01FB	507	9	16	layout	fixed inline record array from exact cursor loops: counts=[13], factory_counts=[13], stride=0x1FB, loops=6, exact_loops=2, boundaries=[188, 231, 255, 291, 372, 376], access_offsets=16, typed_nested_objects=3
1	ChooseMapTy	188	/SubmarineTitans/Recovered/InlineRecordArrays/ChooseMapTy_Record_00BC_01FB	507	12	0	layout	fixed inline record array from exact cursor loops: counts=[13], factory_counts=[13], stride=0x1FB, loops=2, exact_loops=2, boundaries=[188, 372], access_offsets=0, typed_nested_objects=3
0	CursorClassTy	255	/SubmarineTitans/Recovered/InlineRecordArrays/CursorClassTy_Record_00FF_001C	28	0	6	review	review-only repeated record geometry: counts=[], factory_counts=[], stride=0x1C, loops=1, exact_loops=0; ambiguous_or_missing_exact_extent
1	FSGSTy	188	/SubmarineTitans/Recovered/InlineRecordArrays/FSGSTy_Record_00BC_01FB	507	15	0	layout	fixed inline record array from exact cursor loops: counts=[13], factory_counts=[13], stride=0x1FB, loops=2, exact_loops=2, boundaries=[188, 372], access_offsets=0, typed_nested_objects=3
0	InfocPanelTy	708	/SubmarineTitans/Recovered/InlineRecordArrays/InfocPanelTy_Record_02C4_0014	20	0	3	review	review-only repeated record geometry: counts=[12], factory_counts=[], stride=0x14, loops=1, exact_loops=1; ambiguous_or_missing_exact_extent
0	MMObjTy	226	/SubmarineTitans/Recovered/InlineRecordArrays/MMObjTy_Record_00E2_01FB	507	0	1	review	review-only repeated record geometry: counts=[13], factory_counts=[], stride=0x1FB, loops=1, exact_loops=1; ambiguous_or_missing_exact_extent
1	MMsgTy	188	/SubmarineTitans/Recovered/InlineRecordArrays/MMsgTy_Record_00BC_01FB	507	8	18	layout	fixed inline record array from exact cursor loops: counts=[13], factory_counts=[13], stride=0x1FB, loops=6, exact_loops=2, boundaries=[188, 231, 255, 372], access_offsets=18, typed_nested_objects=3
0	MReportTy	851	/SubmarineTitans/Recovered/InlineRecordArrays/MReportTy_Record_0353_001C	28	0	5	review	review-only repeated record geometry: counts=[9], factory_counts=[], stride=0x1C, loops=1, exact_loops=1; ambiguous_or_missing_exact_extent
1	MainMenuTy	187	/SubmarineTitans/Recovered/InlineRecordArrays/MainMenuTy_Record_00BB_01FB	507	16	17	layout	fixed inline record array from exact cursor loops: counts=[13], factory_counts=[13], stride=0x1FB, loops=6, exact_loops=3, boundaries=[188, 231, 255, 372, 376, 380], access_offsets=17, typed_nested_objects=3
0	PlayPanelTy	385	/SubmarineTitans/Recovered/InlineRecordArrays/PlayPanelTy_Record_0181_0020	32	0	1	review	review-only repeated record geometry: counts=[2], factory_counts=[], stride=0x20, loops=1, exact_loops=1; ambiguous_or_missing_exact_extent
1	PrividerTy	188	/SubmarineTitans/Recovered/InlineRecordArrays/PrividerTy_Record_00BC_01FB	507	15	0	layout	fixed inline record array from exact cursor loops: counts=[13], factory_counts=[13], stride=0x1FB, loops=2, exact_loops=2, boundaries=[188, 372], access_offsets=0, typed_nested_objects=3
0	ProdPanelTy	437	/SubmarineTitans/Recovered/InlineRecordArrays/ProdPanelTy_Record_01B5_0027	39	0	0	review	review-only repeated record geometry: counts=[5], factory_counts=[], stride=0x27, loops=1, exact_loops=1; ambiguous_or_missing_exact_extent
1	SIDTy	188	/SubmarineTitans/Recovered/InlineRecordArrays/SIDTy_Record_00BC_01FB	507	8	0	layout	fixed inline record array from exact cursor loops: counts=[13], factory_counts=[13], stride=0x1FB, loops=2, exact_loops=2, boundaries=[188, 372], access_offsets=0, typed_nested_objects=3
0	STAppC	4519	/SubmarineTitans/Recovered/InlineRecordArrays/STAppC_Record_11A7_0051	81	0	3	review	fixed inline record array from exact cursor loops: counts=[8], factory_counts=[], stride=0x51, loops=2, exact_loops=2, boundaries=[4519, 4553], access_offsets=3, typed_nested_objects=0; insufficient_record_semantics
1	SettMapMTy	188	/SubmarineTitans/Recovered/InlineRecordArrays/SettMapMTy_Record_00BC_01FB	507	4	0	layout	fixed inline record array from exact cursor loops: counts=[13], factory_counts=[13], stride=0x1FB, loops=2, exact_loops=2, boundaries=[188, 372], access_offsets=0, typed_nested_objects=3
1	SettMapTy	188	/SubmarineTitans/Recovered/InlineRecordArrays/SettMapTy_Record_00BC_01FB	507	5	0	layout	fixed inline record array from exact cursor loops: counts=[13], factory_counts=[13], stride=0x1FB, loops=2, exact_loops=2, boundaries=[188, 372], access_offsets=0, typed_nested_objects=3
0	SndUnderAttMenegC	32	/SubmarineTitans/Recovered/InlineRecordArrays/SndUnderAttMenegC_Record_0020_001D	29	0	7	review	review-only repeated record geometry: counts=[], factory_counts=[], stride=0x1D, loops=2, exact_loops=0; ambiguous_or_missing_exact_extent
0	TLOBaseTy	1232	/SubmarineTitans/Recovered/InlineRecordArrays/TLOBaseTy_Record_04D0_0014	20	0	3	review	review-only repeated record geometry: counts=[], factory_counts=[], stride=0x14, loops=2, exact_loops=0; ambiguous_or_missing_exact_extent
0	TLOBaseTy	1232	/SubmarineTitans/Recovered/InlineRecordArrays/TLOBaseTy_Record_04D0_0028	40	0	5	review	review-only repeated record geometry: counts=[], factory_counts=[], stride=0x28, loops=1, exact_loops=0; ambiguous_or_missing_exact_extent
0	UpgPanelTy	427	/SubmarineTitans/Recovered/InlineRecordArrays/UpgPanelTy_Record_01AB_0030	48	0	6	review	fixed inline record array from exact cursor loops: counts=[3], factory_counts=[], stride=0x30, loops=3, exact_loops=3, boundaries=[427, 571, 859], access_offsets=6, typed_nested_objects=0; insufficient_nonoverlapping_fields
1	WaitTy	188	/SubmarineTitans/Recovered/InlineRecordArrays/WaitTy_Record_00BC_01FB	507	15	0	layout	fixed inline record array from exact cursor loops: counts=[13], factory_counts=[13], stride=0x1FB, loops=2, exact_loops=2, boundaries=[188, 372], access_offsets=0, typed_nested_objects=3
