kind	target	status	detail
case_type	/SubmarineTitans/Recovered/DiscriminatedPayloads/STGroupC_GetMessage_00423EC0_MessagePayload_Case_MESS_ID_CREATE	unchanged	generated layout already current; size=12; case=2
case_type	/SubmarineTitans/Recovered/DiscriminatedPayloads/STBoatC_CmdToObj_0045EF00_Case_9	unchanged	generated layout already current; size=11; case=9
case_type	/SubmarineTitans/Recovered/DiscriminatedPayloads/STBoatC_CmdToObj_0045EF00_Case_11	unchanged	generated layout already current; size=3; case=17
case_type	/SubmarineTitans/Recovered/DiscriminatedPayloads/STGroupBoatC_sub_00498D20_00498D20_Case_66	unchanged	generated layout already current; size=2; case=102
case_type	/SubmarineTitans/Recovered/DiscriminatedPayloads/STGroupBoatC_sub_00498D20_00498D20_Case_67	unchanged	generated layout already current; size=4; case=103
case_type	/SubmarineTitans/Recovered/DiscriminatedPayloads/STGroupBoatC_sub_00498D20_00498D20_Case_68	unchanged	generated layout already current; size=2; case=104
case_type	/SubmarineTitans/Recovered/DiscriminatedPayloads/STGroupBoatC_sub_00498D20_00498D20_Case_69	unchanged	generated layout already current; size=2; case=105
case_type	/SubmarineTitans/Recovered/DiscriminatedPayloads/STGroupBoatC_sub_00498D20_00498D20_Case_6A	unchanged	generated layout already current; size=2; case=106
case_type	/SubmarineTitans/Recovered/DiscriminatedPayloads/GameSystemC_GetMessage_005776D0_MessagePayload_Case_MESS_GAMESYSTEMC_43FF	unchanged	generated layout already current; size=12; case=17407
case_type	/SubmarineTitans/Recovered/DiscriminatedPayloads/GameSystemC_GetMessage_005776D0_MessagePayload_Case_MESS_GAMESYSTEMC_4400	unchanged	generated layout already current; size=12; case=17408
case_type	/SubmarineTitans/Recovered/DiscriminatedPayloads/Global_FUN_00632650_00632650_Case_1	unchanged	generated layout already current; size=76; case=1
case_type	/SubmarineTitans/Recovered/DiscriminatedPayloads/Global_FUN_00632650_00632650_Case_2	unchanged	generated layout already current; size=80; case=2
case_type	/SubmarineTitans/Recovered/DiscriminatedPayloads/Global_FUN_00632650_00632650_Case_3	unchanged	generated layout already current; size=44; case=3
case_type	/SubmarineTitans/Recovered/DiscriminatedPayloads/Global_FUN_00632650_00632650_Case_4	unchanged	generated layout already current; size=76; case=4
case_type	/SubmarineTitans/Recovered/DiscriminatedPayloads/Global_FUN_00668aa0_00668AA0_Case_2	unchanged	generated layout already current; size=5; case=2
case_type	/SubmarineTitans/Recovered/DiscriminatedPayloads/Global_FUN_00668aa0_00668AA0_Case_4	unchanged	generated layout already current; size=5; case=4
case_type	/SubmarineTitans/Recovered/DiscriminatedPayloads/Global_FUN_00668aa0_00668AA0_Case_5	disabled	apply=0
case_type	/SubmarineTitans/Recovered/DiscriminatedPayloads/Global_FUN_00668aa0_00668AA0_Case_6	unchanged	generated layout already current; size=5; case=6
case_type	/SubmarineTitans/Recovered/DiscriminatedPayloads/Global_FUN_00668aa0_00668AA0_Case_7	unchanged	generated layout already current; size=3; case=7
case_type	/SubmarineTitans/Recovered/DiscriminatedPayloads/Global_FUN_00668aa0_00668AA0_Case_8	unchanged	generated layout already current; size=5; case=8
case_type	/SubmarineTitans/Recovered/DiscriminatedPayloads/Global_FUN_00668aa0_00668AA0_Case_B	unchanged	generated layout already current; size=5; case=11
case_type	/SubmarineTitans/Recovered/DiscriminatedPayloads/Global_FUN_00668aa0_00668AA0_Case_80F	unchanged	generated layout already current; size=5; case=2063
case_type	/SubmarineTitans/Recovered/DiscriminatedPayloads/Global_FUN_00668aa0_00668AA0_Case_810	unchanged	generated layout already current; size=5; case=2064
case_type	/SubmarineTitans/Recovered/DiscriminatedPayloads/Global_FUN_00668aa0_00668AA0_Case_81C	unchanged	generated layout already current; size=5; case=2076
case_type	/SubmarineTitans/Recovered/DiscriminatedPayloads/Global_FUN_00668aa0_00668AA0_Case_81D	unchanged	generated layout already current; size=5; case=2077
case_type	/SubmarineTitans/Recovered/DiscriminatedPayloads/Global_FUN_00668aa0_00668AA0_Case_82A	unchanged	generated layout already current; size=3; case=2090
case_type	/SubmarineTitans/Recovered/DiscriminatedPayloads/Global_FUN_00668aa0_00668AA0_Case_82B	unchanged	generated layout already current; size=5; case=2091
case_type	/SubmarineTitans/Recovered/DiscriminatedPayloads/Global_FUN_00668aa0_00668AA0_Case_82C	unchanged	generated layout already current; size=5; case=2092
case_type	/SubmarineTitans/Recovered/DiscriminatedPayloads/AppClassTy_sub_006E5150_006E5150_MessagePayload_Case_4	unchanged	generated layout already current; size=12; case=4
case_union	/SubmarineTitans/Recovered/DiscriminatedPayloads/AppClassTy_sub_006E5150_006E5150_MessagePayload_Payload	unchanged	union already current
case_union	/SubmarineTitans/Recovered/DiscriminatedPayloads/GameSystemC_GetMessage_005776D0_MessagePayload_Payload	unchanged	union already current
case_union	/SubmarineTitans/Recovered/DiscriminatedPayloads/Global_FUN_00632650_00632650_Payload	unchanged	union already current
case_union	/SubmarineTitans/Recovered/DiscriminatedPayloads/Global_FUN_00668aa0_00668AA0_Payload	unchanged	union already current
case_union	/SubmarineTitans/Recovered/DiscriminatedPayloads/STBoatC_CmdToObj_0045EF00_Payload	unchanged	union already current
case_union	/SubmarineTitans/Recovered/DiscriminatedPayloads/STGroupBoatC_sub_00498D20_00498D20_Payload	unchanged	union already current
case_union	/SubmarineTitans/Recovered/DiscriminatedPayloads/STGroupC_GetMessage_00423EC0_MessagePayload_Payload	unchanged	union already current
