apply	address	expected_name	expected_name_source	expected_type	expected_length	proposed_name	proposed_type	proposed_length	aggregate_id	confidence	evidence
0	00792CA0	DAT_00792ca0	DEFAULT	/undefined4	4			0	indexed_global_candidate	review	SIB scales={3=15, 4=8, 24=9, 8=8, 12=7}; sites=004BE6C0@004BE788 MOV AX,word ptr [EDX*0x8 + 0x792ca0] | 004BE6C0@004BE7A9 MOV EAX,dword ptr [EAX*0x8 + 0x792ca0] | 004C21A0@004C25B7 MOV EAX,dword ptr [ECX*0x8 + 0x792ca0] | 004C3020@004C3079 CMP dword ptr [EAX*0x8 + 0x792ca0],0x9a | 004C3020@004C3098 CMP dword ptr [EDX*0x8 + 0x792ca0],0xb0 | 004C3020@004C30B9 MOV EDX,dword ptr [ECX*0x8 + 0x792ca0] | 004C3570@004C396B MOV EDX,dword ptr [ECX*0x4 + 0x792ca0] | 004C3570@004C3A3B MOV EDX,dword ptr [EDX*0x8 + 0x792ca0] | 004C3C00@004C3F5C CMP dword ptr [EDX*0x4 + 0x792ca0],0xb0 | 004C3C00@004C3FF0 MOV EAX,dword ptr [EDX*0x4 + 0x792ca0] | 004C4550@004C4596 MOV EAX,dword ptr [ECX*0x4 + 0x792ca0] | 004C4550@004C4822 MOV EAX,dword ptr [EAX*0x4 + 0x792ca0]
0	0079A3FC	DAT_0079a3fc	DEFAULT	/undefined4	4			0	indexed_global_candidate	review	SIB scales={4=4, 60=4, 15=4}; sites=004BEA70@004C03D6 CMP dword ptr [EDX*0x4 + 0x79a3fc],EDI | 004BEA70@004C03ED LEA ECX,[EAX*0x4 + 0x79a3fc] | 004E3200@004E327D CMP dword ptr [EDX*0x4 + 0x79a3fc],EBX | 004E3200@004E3294 LEA EBX,[EAX*0x4 + 0x79a3fc]
1	0079AED0	g_centeredOffsets5	ANALYSIS	/int[5]	20	g_centeredOffsets5	array:5:/int	20	centered_offset_lookup	high	dword SIB lookup; exact centered sequence {2..0..-2}; indexed sites=40
0	007A1E94	DAT_007a1e94	DEFAULT	/undefined4	4			0	indexed_global_candidate	review	SIB scales={4=7}; sites=0075BA30@0075BCD4 MOV ECX,dword ptr [EBX*0x4 + 0x7a1e94] | 0075C440@0075C5C2 MOV EDX,dword ptr [ECX*0x4 + 0x7a1e94] | 0075C790@0075C90E LEA EDX,[EDX*0x4 + 0x7a1e94] | 0075C790@0075C923 LEA EDX,[EDX*0x4 + 0x7a1e94] | 0075C790@0075C93B LEA EDX,[EDX*0x4 + 0x7a1e94] | 0075C790@0075C9CC MOV ECX,dword ptr [ECX*0x4 + 0x7a1e94] | 0075C790@0075CA5B LEA ECX,[ECX*0x4 + 0x7a1e94]
0	007BF678	DAT_007bf678	DEFAULT	/undefined4	4			0	indexed_global_candidate	review	SIB scales={3=6, 4=6, 12=6}; sites=004BEA70@004C098F CMP dword ptr [EDX*0x4 + 0x7bf678],0x1 | 004BEA70@004C0CCD CMP dword ptr [ECX*0x4 + 0x7bf678],0x2 | 00518C20@00519964 MOV EDI,dword ptr [EDX*0x4 + 0x7bf678] | 00518C20@00519988 MOV EAX,dword ptr [ECX*0x4 + 0x7bf678] | 0051A100@0051ADC4 MOV EDI,dword ptr [EDX*0x4 + 0x7bf678] | 0051A100@0051ADE7 MOV EAX,dword ptr [ECX*0x4 + 0x7bf678]
0	007C30D8	DAT_007c30d8	DEFAULT	/undefined4	4			0	indexed_global_candidate	review	SIB scales={3=4, 4=4}; sites=0051DDD0@0051E04E LEA EAX,[EDI + ECX*0x4] | 0051DDD0@0051E0C9 LEA EAX,[ECX + EAX*0x4] | 0051DDD0@0051E55B LEA EAX,[EDI + ECX*0x4] | 0051DDD0@0051E5E7 LEA EAX,[ECX + EAX*0x4]
0	007C8884	DAT_007c8884	DEFAULT	/undefined2	2			0	indexed_global_candidate	review	SIB scales={2=3}; sites=005537D0@005537E7 CMP CX,word ptr [EDX*0x2 + 0x7c8884] | 005537D0@005537FD MOV DX,word ptr [EDX*0x2 + 0x7c8884] | 00553840@00553857 CMP CX,word ptr [EDX*0x2 + 0x7c8884]
0	007C9614	DAT_007c9614	DEFAULT	/undefined4	4			0	indexed_global_candidate	review	SIB scales={4=3}; sites=0055F410@0055FF4C CMP EDI,dword ptr [EAX*0x4 + 0x7c9614] | 00562F50@00563379 CMP EDX,dword ptr [EAX*0x4 + 0x7c9614] | 00562F50@005633B3 CMP ECX,dword ptr [EAX*0x4 + 0x7c9614]
0	007C9618	DAT_007c9618	DEFAULT	/undefined4	4			0	indexed_global_candidate	review	SIB scales={4=3}; sites=0055F410@0055FF4C CMP EDI,dword ptr [EAX*0x4 + 0x7c9614] | 00562F50@00563379 CMP EDX,dword ptr [EAX*0x4 + 0x7c9614] | 00562F50@005633B3 CMP ECX,dword ptr [EAX*0x4 + 0x7c9614]
0	007CEA04	DAT_007cea04	DEFAULT	/undefined4	4			0	indexed_global_candidate	review	SIB scales={4=3}; sites=005FE360@005FE441 MOV EBX,dword ptr [EAX*0x4 + 0x7ce9c8] | 005FE360@005FE490 MOV EDI,dword ptr [EAX*0x4 + 0x7ce9c8] | 005FE360@005FE4CD MOV EDX,dword ptr [EAX*0x4 + 0x7ce9c8]
0	007DF808	DAT_007df808	DEFAULT	/undefined2	2			0	indexed_global_candidate	review	SIB scales={2=4}; sites=006A1070@006A107C CMP CX,word ptr [EDX*0x2 + 0x7df808] | 006A1070@006A1092 MOV DX,word ptr [EDX*0x2 + 0x7df808] | 006A10C0@006A10CC CMP CX,word ptr [EDX*0x2 + 0x7df808] | 006A17B0@006A18F8 AND DX,word ptr [ECX*0x2 + 0x7df808]
0	007E6024	DAT_007e6024	DEFAULT	/undefined4	4			0	indexed_global_candidate	review	SIB scales={4=1, 20=3, 5=1}; sites=004DDCC0@004DDCF4 IMUL EDI,dword ptr [EAX + 0x7e6024] | 004DDD50@004DDEAD MOV EAX,dword ptr [EBX + 0x7e6024] | 0051B5A0@0051BAA6 MOV ESI,dword ptr [EDX*0x4 + 0x7e6024]
0	007ED534	DAT_007ed534	DEFAULT	/undefined4	4			0	indexed_global_candidate	review	SIB scales={4=19}; sites=0040AE40@0040B4DC MOV EAX,dword ptr [EDX + EAX*0x4] | 0060EF40@0060F454 MOV DI,word ptr [EBX + EDI*0x4] | 0060EF40@0060F5AB MOV DX,word ptr [ECX + EDX*0x4] | 006A8270@006A85FC CMP dword ptr [EAX + ECX*0x4],0x5 | 006A8270@006A873B MOV EAX,dword ptr [EDI + EAX*0x4] | 006A8270@006A875F MOV EAX,dword ptr [EDI + EDX*0x4] | 006A8270@006A882B MOV EAX,dword ptr [ECX + EAX*0x4] | 006A8270@006A885D MOV EAX,dword ptr [ECX + EAX*0x4] | 006A88F0@006A8C9D CMP dword ptr [EAX + ECX*0x4],0x5 | 006A88F0@006A8FB1 MOV EAX,dword ptr [EDI + EAX*0x4] | 006A88F0@006A8FD2 MOV EAX,dword ptr [EDI + EDX*0x4] | 006A88F0@006A90BA MOV ECX,dword ptr [ECX + EAX*0x4]
0	007ED640	DAT_007ed640	DEFAULT	/undefined4	4			0	indexed_global_candidate	review	SIB scales={4=13}; sites=0040AE40@0040B4E4 MOV EAX,dword ptr [EAX*0x4 + 0x7ed640] | 0040C080@0040C930 ADD ECX,dword ptr [EDX*0x4 + 0x7ed640] | 006A7D50@006A816C MOV EDI,dword ptr [EAX*0x4 + 0x7ed640] | 006A7D50@006A81EA MOV AX,word ptr [EAX*0x4 + 0x7ed640] | 006A8270@006A8835 MOV ECX,dword ptr [EAX*0x4 + 0x7ed640] | 006A8270@006A886C MOV EBX,dword ptr [EAX*0x4 + 0x7ed640] | 006A88F0@006A8E6B MOV ESI,dword ptr [EAX*0x4 + 0x7ed640] | 006A88F0@006A8EDE MOV DI,word ptr [EDI*0x4 + 0x7ed640] | 006A88F0@006A90C4 MOV EAX,dword ptr [ECX*0x4 + 0x7ed640] | 006A88F0@006A917B ADD EAX,dword ptr [ECX*0x4 + 0x7ed640] | 006A9190@006AA845 ADD EBX,dword ptr [EDX*0x4 + 0x7ed640] | 006A9190@006AAB1D MOV ECX,dword ptr [EAX*0x4 + 0x7ed640]
0	007F1234	DAT_007f1234	DEFAULT	/undefined4	4			0	indexed_global_candidate	review	SIB scales={12=6}; sites=0072F260@0072F2A6 MOV EAX,dword ptr [EDX + 0x7f1234] | 0072F260@0072F511 MOV ECX,dword ptr [EAX + 0x7f1234] | 0072F5D0@0072F646 MOV ECX,dword ptr [EAX + 0x7f1234] | 0072F5D0@0072F698 MOV dword ptr [ECX + 0x7f1234],EAX | 0072F5D0@0072F70E MOV dword ptr [EAX + 0x7f1234],ECX | 0072F5D0@0072F759 MOV EAX,dword ptr [ECX + 0x7f1234]
1	007F4D3C	g_runtimeRecords_007F4D3C	ANALYSIS	/SubmarineTitans/Recovered/GlobalAggregates/RuntimeRecord_007F4D3C_0014 *32	4	g_runtimeRecords_007F4D3C	pointer:record:/SubmarineTitans/Recovered/GlobalAggregates/RuntimeRecord_007F4D3C_0014@20{0,field_0000,/int|4,field_0004,/int|8,field_0008,/int|12,field_000C,/int|16,field_0010,/int}	4	runtime_record_pointer	high	runtime pointer indexed with unique affine stride=0x14; fields=5; functions=9; sites=117; reads=42; writes=75; index_global=007F4D14
1	007F4D74	g_runtimeRecords_007F4D74	ANALYSIS	/SubmarineTitans/Recovered/GlobalAggregates/RuntimeRecord_007F4D74_0010 *32	4	g_runtimeRecords_007F4D74	pointer:record:/SubmarineTitans/Recovered/GlobalAggregates/RuntimeRecord_007F4D74_0010@16{0,field_0000,/int|4,field_0004,/int|8,field_0008,/int|12,field_000C,/int}	4	runtime_record_pointer	high	runtime pointer indexed with unique affine stride=0x10; fields=4; functions=2; sites=44; reads=33; writes=11
0	007FB24C	DAT_007fb24c	DEFAULT	/undefined4	4			0	indexed_global_candidate	review	SIB scales={4=12}; sites=00496B30@00496C03 MOV ECX,dword ptr [EDI*0x4 + 0x7fb24c] | 00496B30@00496C27 MOV EDX,dword ptr [EDI*0x4 + 0x7fb24c] | 00496CC0@00496D89 MOV EAX,dword ptr [EBX*0x4 + 0x7fb24c] | 00496CC0@00496DC2 MOV dword ptr [EBX*0x4 + 0x7fb24c],EDI | 00496E40@00496EAD LEA ECX,[ESI*0x4 + 0x7fb24c] | 005825C0@005828D1 MOV EDI,dword ptr [EDI*0x4 + 0x7fb24c] | 00586AF0@00588465 MOV EDX,dword ptr [EBX*0x4 + 0x7fb24c] | 00601500@006016ED MOV ECX,dword ptr [ESI*0x4 + 0x7fb24c] | 00619C70@00619E05 MOV EDI,dword ptr [EBX*0x4 + 0x7fb24c] | 00619C70@0061A362 MOV EDX,dword ptr [EDX*0x4 + 0x7fb24c] | 006406D0@00640F76 MOV EAX,dword ptr [EAX*0x4 + 0x7fb24c] | 006406D0@00641359 MOV EAX,dword ptr [EAX*0x4 + 0x7fb24c]
0	00800BD0	DAT_00800bd0	DEFAULT	/undefined4	4			0	indexed_global_candidate	review	SIB scales={4=3, 5=3}; sites=004E7390@004E749A LEA EAX,[ESI + ESI*0x4 + 0x800bd0] | 004E76E0@004E7840 LEA ECX,[ECX + ECX*0x4 + 0x800bd0] | 004E7980@004E7B41 LEA EDX,[EAX + EAX*0x4 + 0x800bd0]
0	00800EE0	DAT_00800ee0	DEFAULT	/undefined4	4			0	indexed_global_candidate	review	SIB scales={4=3}; sites=0042E210@0042E8F8 TEST dword ptr [EAX*0x4 + 0x800ee0],EDX | 0042F2B0@0042FB56 TEST dword ptr [EAX*0x4 + 0x800ee0],EDX | 00674FB0@0067503C TEST dword ptr [ECX*0x4 + 0x800ee0],EAX
0	00800EF0	DAT_00800ef0	DEFAULT	/undefined4	4			0	indexed_global_candidate	review	SIB scales={4=3}; sites=0042E210@0042E9DF TEST dword ptr [EAX*0x4 + 0x800ef0],EDX | 0042F2B0@0042FCDC TEST dword ptr [EAX*0x4 + 0x800ef0],EDX | 00674FB0@006750BD TEST dword ptr [ECX*0x4 + 0x800ef0],EAX
0	00800F00	DAT_00800f00	DEFAULT	/undefined4	4			0	indexed_global_candidate	review	SIB scales={4=4}; sites=0042E210@0042E612 TEST dword ptr [EAX*0x4 + 0x800f00],EDX | 0042F2B0@0042F6C6 TEST dword ptr [EAX*0x4 + 0x800f00],EDX | 0044B5F0@0044B7E8 TEST dword ptr [EAX*0x4 + 0x800f00],EDX | 00674FB0@006751D9 TEST dword ptr [ECX*0x4 + 0x800f00],EAX
0	00800F20	DAT_00800f20	DEFAULT	/undefined4	4			0	indexed_global_candidate	review	SIB scales={4=3}; sites=0042E210@0042E992 TEST dword ptr [EAX*0x4 + 0x800f20],EDX | 0042F2B0@0042FC5A TEST dword ptr [EAX*0x4 + 0x800f20],EDX | 00674FB0@00675092 TEST dword ptr [ECX*0x4 + 0x800f20],EAX
0	00800F60	DAT_00800f60	DEFAULT	/undefined4	4			0	indexed_global_candidate	review	SIB scales={4=3}; sites=0042E210@0042EABF TEST dword ptr [EAX*0x4 + 0x800f60],EDX | 0042F2B0@0042FE62 TEST dword ptr [EAX*0x4 + 0x800f60],EDX | 00674FB0@0067513C AND EAX,dword ptr [EDX*0x4 + 0x800f60]
0	00800FA0	DAT_00800fa0	DEFAULT	/undefined4	4			0	indexed_global_candidate	review	SIB scales={16=1, 4=4}; sites=0042E210@0042E6AC TEST dword ptr [EAX*0x4 + 0x800fa0],EDX | 0042F2B0@0042F7CA TEST dword ptr [EAX*0x4 + 0x800fa0],EDX | 0044B5F0@0044B93E TEST dword ptr [EAX*0x4 + 0x800fa0],EDX | 00488890@004888C6 LEA ECX,[EAX + 0x800fa0] | 00674FB0@0067522F TEST dword ptr [ECX*0x4 + 0x800fa0],EAX
0	00800FE0	DAT_00800fe0	DEFAULT	/undefined4	4			0	indexed_global_candidate	review	SIB scales={4=3}; sites=0042E210@0042E78C TEST dword ptr [EAX*0x4 + 0x800fe0],EDX | 0042F2B0@0042F950 TEST dword ptr [EAX*0x4 + 0x800fe0],EDX | 00674FB0@006752AE AND EAX,dword ptr [EDX*0x4 + 0x800fe0]
0	00800FF0	DAT_00800ff0	DEFAULT	/undefined4	4			0	indexed_global_candidate	review	SIB scales={4=3}; sites=0042E210@0042E6F9 TEST dword ptr [EAX*0x4 + 0x800ff0],EDX | 0042F2B0@0042F84C TEST dword ptr [EAX*0x4 + 0x800ff0],EDX | 00674FB0@0067525A TEST dword ptr [ECX*0x4 + 0x800ff0],EAX
0	00801000	DAT_00801000	DEFAULT	/undefined4	4			0	indexed_global_candidate	review	SIB scales={4=4}; sites=0042E210@0042E578 TEST dword ptr [EAX*0x4 + 0x801000],EDX | 0042F2B0@0042F5C2 TEST dword ptr [EAX*0x4 + 0x801000],EDX | 0044B5F0@0044B895 TEST dword ptr [EAX*0x4 + 0x801000],EDX | 00674FB0@00675183 TEST dword ptr [ECX*0x4 + 0x801000],EAX
0	00801010	DAT_00801010	DEFAULT	/undefined4	4			0	indexed_global_candidate	review	SIB scales={4=4}; sites=0042E210@0042E5C5 TEST dword ptr [EAX*0x4 + 0x801010],EDX | 0042F2B0@0042F644 TEST dword ptr [EAX*0x4 + 0x801010],EDX | 0044B5F0@0044B9E7 TEST dword ptr [EAX*0x4 + 0x801010],EDX | 00674FB0@006751AE TEST dword ptr [ECX*0x4 + 0x801010],EAX
0	00801370	DAT_00801370	DEFAULT	/undefined4	4			0	indexed_global_candidate	review	SIB scales={16=1, 4=3}; sites=0042E210@0042E65F TEST dword ptr [EAX*0x4 + 0x801370],EDX | 0042F2B0@0042F748 TEST dword ptr [EAX*0x4 + 0x801370],EDX | 00488890@00488916 LEA EAX,[EAX + 0x801370] | 00674FB0@00675204 TEST dword ptr [ECX*0x4 + 0x801370],EAX
0	008013E0	DAT_008013e0	DEFAULT	/undefined4	4			0	indexed_global_candidate	review	SIB scales={4=3}; sites=0042E210@0042E8AB TEST dword ptr [EAX*0x4 + 0x8013e0],EDX | 0042F2B0@0042FAD4 TEST dword ptr [EAX*0x4 + 0x8013e0],EDX | 00674FB0@00675011 TEST dword ptr [ECX*0x4 + 0x8013e0],EAX
0	00801420	DAT_00801420	DEFAULT	/undefined4	4			0	indexed_global_candidate	review	SIB scales={4=3}; sites=0042E210@0042E85E TEST dword ptr [EAX*0x4 + 0x801420],EDX | 0042F2B0@0042FA52 TEST dword ptr [EAX*0x4 + 0x801420],EDX | 00674FB0@00674FE6 TEST dword ptr [ECX*0x4 + 0x801420],EAX
0	00801430	DAT_00801430	DEFAULT	/undefined4	4			0	indexed_global_candidate	review	SIB scales={4=3}; sites=0042E210@0042EA2C TEST dword ptr [EAX*0x4 + 0x801430],EDX | 0042F2B0@0042FD5E TEST dword ptr [EAX*0x4 + 0x801430],EDX | 00674FB0@006750E8 TEST dword ptr [ECX*0x4 + 0x801430],EAX
0	00801440	DAT_00801440	DEFAULT	/undefined4	4			0	indexed_global_candidate	review	SIB scales={4=3}; sites=0042E210@0042EA79 TEST dword ptr [EAX*0x4 + 0x801440],EDX | 0042F2B0@0042FDE0 TEST dword ptr [EAX*0x4 + 0x801440],EDX | 00674FB0@00675113 TEST dword ptr [ECX*0x4 + 0x801440],EAX
0	00801490	DAT_00801490	DEFAULT	/undefined4	4			0	indexed_global_candidate	review	SIB scales={4=3}; sites=0042E210@0042E945 TEST dword ptr [EAX*0x4 + 0x801490],EDX | 0042F2B0@0042FBD8 TEST dword ptr [EAX*0x4 + 0x801490],EDX | 00674FB0@00675067 TEST dword ptr [ECX*0x4 + 0x801490],EAX
1	008032F4	g_runtimeRecords_008032F4	ANALYSIS	/SubmarineTitans/Recovered/GlobalAggregates/RuntimeRecord_008032F4_0014 *32	4	g_runtimeRecords_008032F4	pointer:record:/SubmarineTitans/Recovered/GlobalAggregates/RuntimeRecord_008032F4_0014@20{0,field_0000,/int|4,field_0004,/int|12,field_000C,/int}	4	runtime_record_pointer	high	runtime pointer indexed with unique affine stride=0x14; fields=3; functions=2; sites=12; reads=10; writes=2
1	008032F8	g_runtimeRecords_008032F8	ANALYSIS	/SubmarineTitans/Recovered/GlobalAggregates/RuntimeRecord_008032F8_0014 *32	4	g_runtimeRecords_008032F8	pointer:record:/SubmarineTitans/Recovered/GlobalAggregates/RuntimeRecord_008032F8_0014@20{0,field_0000,/int|4,field_0004,/int|12,field_000C,/int}	4	runtime_record_pointer	high	runtime pointer indexed with unique affine stride=0x14; fields=3; functions=2; sites=14; reads=10; writes=4
1	00803300	g_runtimeRecords_00803300	ANALYSIS	/SubmarineTitans/Recovered/GlobalAggregates/RuntimeRecord_00803300_0014 *32	4	g_runtimeRecords_00803300	pointer:record:/SubmarineTitans/Recovered/GlobalAggregates/RuntimeRecord_00803300_0014@20{0,field_0000,/int|4,field_0004,/int|8,field_0008,/int|12,field_000C,/int}	4	runtime_record_pointer	high	runtime pointer indexed with unique affine stride=0x14; fields=4; functions=5; sites=23; reads=21; writes=2
1	00803310	g_runtimeRecords_00803310	ANALYSIS	/SubmarineTitans/Recovered/GlobalAggregates/RuntimeRecord_00803310_0014 *32	4	g_runtimeRecords_00803310	pointer:record:/SubmarineTitans/Recovered/GlobalAggregates/RuntimeRecord_00803310_0014@20{0,field_0000,/int|4,field_0004,/int|8,field_0008,/int|12,field_000C,/int|16,field_0010,/int}	4	runtime_record_pointer	high	runtime pointer indexed with unique affine stride=0x14; fields=5; functions=3; sites=12; reads=2; writes=10; index_global=0080338C
0	00807570	DAT_00807570	DEFAULT	/undefined4	4			0	indexed_global_candidate	review	SIB scales={16=4}; sites=004A9540@004A9597 MOV EDX,dword ptr [ESI + 0x807570] | 0052D370@0052D435 MOV EDX,dword ptr [ECX + 0x807570] | 0052DD20@0052DDD6 MOV EAX,dword ptr [EDX + 0x807570] | 0056D740@0056D9BB MOV ECX,dword ptr [ESI + 0x807570]
1	008087C7	g_bulkInitializedRecords_008087C7	ANALYSIS	/SubmarineTitans/Recovered/GlobalAggregates/BulkInitializedRecord_008087C7[8]	648	g_bulkInitializedRecords_008087C7	array:8:record:/SubmarineTitans/Recovered/GlobalAggregates/BulkInitializedRecord_008087C7@81{0,field_0000,/byte|33,field_0021,/byte|34,field_0022,/byte|35,field_0023,/byte|36,field_0024,/uint|40,field_0028,/uint|44,field_002C,/uint|48,field_0030,/byte|57,field_0039,/byte|58,field_003A,/byte}	648	bulk_initialized_record_array	high	exact REP-STOS zero range=0x288; composed affine stride=0x51; records=8; fixed fields=10; independent functions=102; indexed sites=149; reads=384; writes=20; init sites=005D1400@005D1BCB zeroes 0x288 bytes at 008087C7 | 005D5560@005D5847 zeroes 0x288 bytes at 008087C7
1	00808A4F	g_playerRelationMatrix	ANALYSIS	/byte[8][8]	64	g_u8SquareMatrix8	array:8:array:8:/byte	64	binary_relation_matrix	high	byte SIB row scale=8; transposed index functions=51; binary comparisons=278; indexed sites=40; next primary symbol at exclusive end
0	00808AF0	DAT_00808af0	DEFAULT	/undefined4	4			0	indexed_global_candidate	review	SIB scales={4=4}; sites=00521CF0@005221DE MOV EDI,dword ptr [ESI + 0x808af0] | 00521CF0@005222F9 MOV EDI,dword ptr [ESI + 0x808af0] | 00521CF0@005223F8 MOV ECX,dword ptr [EAX + 0x808af0] | 005505D0@0055071B MOV EDX,dword ptr [EDX*0x4 + 0x808af0]
0	00808AF4	DAT_00808af4	DEFAULT	/undefined1	1			0	indexed_global_candidate	review	SIB scales={4=8}; sites=0053AC00@0053AC8C MOV AL,byte ptr [EDX*0x4 + 0x808af4] | 0053AC00@0053ACDD MOV AL,byte ptr [ECX*0x4 + 0x808af4] | 0053AFB0@0053B24E MOV AL,byte ptr [EDI + 0x808af4] | 0053AFB0@0053B393 MOV AL,byte ptr [EDI + 0x808af4] | 0053AFB0@0053B723 MOV DL,byte ptr [EAX + 0x808af4] | 0053AFB0@0053B907 MOV CL,byte ptr [EDI + 0x808af4] | 005BE5B0@005BE77A CMP byte ptr [EAX + 0x808af4],CL | 005BE5B0@005BF048 CMP byte ptr [EAX + 0x808af4],DL
0	0080C943	DAT_0080c943	DEFAULT	/undefined4	4			0	indexed_global_candidate	review	SIB scales={4=3}; sites=005BE5B0@005BF12F MOV EAX,dword ptr [ESI*0x4 + 0x80c943] | 005BE5B0@005BF188 MOV ECX,dword ptr [ESI*0x4 + 0x80c943] | 005BF860@005BFA32 MOV EAX,dword ptr [EDI*0x4 + 0x80c943]
0	0080C947	DAT_0080c947	DEFAULT	/undefined4	4			0	indexed_global_candidate	review	SIB scales={4=5}; sites=005BE5B0@005BF12F MOV EAX,dword ptr [ESI*0x4 + 0x80c943] | 005BE5B0@005BF188 MOV ECX,dword ptr [ESI*0x4 + 0x80c943] | 005BF860@005BFA32 MOV EAX,dword ptr [EDI*0x4 + 0x80c943] | 005BF860@005BFA77 MOV EAX,dword ptr [EDI*0x4 + 0x80c943] | 00652810@00654036 MOV dword ptr [ECX*0x4 + 0x80c947],EDX
0	0080E43B	DAT_0080e43b	DEFAULT	/undefined4	4			0	indexed_global_candidate	review	SIB scales={4=11}; sites=00652810@00652C99 MOV dword ptr [EAX*0x4 + 0x80e43b],EDX | 00652810@00652CB1 ADD dword ptr [EAX*0x4 + 0x80e43b],ECX | 00652810@00652CC9 SUB dword ptr [EAX*0x4 + 0x80e43b],EDX | 00652810@00652CDB MOV ECX,dword ptr [EAX*0x4 + 0x80e43b] | 00652810@00652CE9 MOV dword ptr [EAX*0x4 + 0x80e43b],ECX | 00652810@00652D1B MOV EAX,dword ptr [ECX*0x4 + 0x80e43b] | 00652810@00652D25 MOV dword ptr [ECX*0x4 + 0x80e43b],EAX | 00652810@00652D57 MOV EAX,dword ptr [ECX*0x4 + 0x80e43b] | 00652810@00652D61 MOV dword ptr [ECX*0x4 + 0x80e43b],EDX | 00652810@006530F6 MOV dword ptr [ECX*0x4 + 0x80e43b],EAX | 0066ACC0@0066B2E5 MOV EDX,dword ptr [ECX*0x4 + 0x80e43b]
0	0080EFD4	DAT_0080efd4	DEFAULT	/undefined4	4			0	indexed_global_candidate	review	SIB scales={3=3, 4=3, 12=3}; sites=00683C70@0068A477 MOV EDI,dword ptr [ESI*0x4 + 0x80efd4] | 00683C70@0068A493 MOV EAX,dword ptr [ESI*0x4 + 0x80efd4] | 00683C70@0068A49B MOV dword ptr [ESI*0x4 + 0x80efd4],EAX
0	0080F168	DAT_0080f168	DEFAULT	/undefined4	4			0	indexed_global_candidate	review	SIB scales={3=3, 4=3, 12=6}; sites=00683C70@0068A34B MOV EDI,dword ptr [ESI*0x4 + 0x80f168] | 00683C70@0068A367 MOV EAX,dword ptr [ESI*0x4 + 0x80f168] | 00683C70@0068A36F MOV dword ptr [ESI*0x4 + 0x80f168],EAX | 00683C70@0068A53F MOV EDI,dword ptr [EAX + 0x80f168] | 00683C70@0068A55A MOV EDX,dword ptr [EAX + 0x80f168] | 00683C70@0068A561 MOV dword ptr [EAX + 0x80f168],EDX
0	008110B0	DAT_008110b0	DEFAULT	/undefined4	4			0	indexed_global_candidate	review	SIB scales={12=12}; sites=00683C70@0068A2F7 MOV ESI,dword ptr [EDX + 0x8110b0] | 00683C70@0068A305 MOV ESI,dword ptr [EDX + 0x8110b0] | 00683C70@0068A30C MOV dword ptr [EDX + 0x8110b0],ESI | 00683C70@0068A397 MOV ESI,dword ptr [EDX + 0x8110b0] | 00683C70@0068A3A5 MOV ESI,dword ptr [EDX + 0x8110b0] | 00683C70@0068A3AC MOV dword ptr [EDX + 0x8110b0],ESI | 00683C70@0068A42F MOV EDX,dword ptr [ECX + 0x8110b0] | 00683C70@0068A43D MOV ESI,dword ptr [ECX + 0x8110b0] | 00683C70@0068A444 MOV dword ptr [ECX + 0x8110b0],ESI | 00683C70@0068A51D MOV EDX,dword ptr [EAX + 0x8110b0] | 00683C70@0068A52B MOV EDX,dword ptr [EAX + 0x8110b0] | 00683C70@0068A532 MOV dword ptr [EAX + 0x8110b0],EDX
0	00811A7C	DAT_00811a7c	DEFAULT	/undefined4	4			0	indexed_global_candidate	review	SIB scales={3=3, 4=3, 12=3}; sites=00683C70@00684692 MOV ECX,dword ptr [EAX*0x4 + 0x814590] | 00683C70@0068475B MOV ECX,dword ptr [EAX*0x4 + 0x814590] | 00683C70@0068487E MOV EDX,dword ptr [ECX*0x4 + 0x814590]
0	00811A94	DAT_00811a94	DEFAULT	/undefined4	4			0	indexed_global_candidate	review	SIB scales={3=8, 4=8, 12=9}; sites=00683C70@006851CC MOV DX,word ptr [ECX + 0x811a94] | 00683C70@00685F0F MOV ECX,dword ptr [EAX*0x4 + 0x811a94] | 00683C70@00685FAB MOV CX,word ptr [EAX*0x4 + 0x811a94] | 00683C70@0068962F MOV EDX,dword ptr [ECX*0x4 + 0x811a94] | 00683C70@006896EC MOV ECX,dword ptr [EAX*0x4 + 0x811a94] | 00683C70@00689801 CMP dword ptr [EAX*0x4 + 0x811a94],0x2 | 00683C70@00689877 CMP dword ptr [EDX*0x4 + 0x811a94],0x2 | 00683C70@006898B0 CMP dword ptr [EDX*0x4 + 0x811a94],EDI | 00683C70@0068A26A CMP dword ptr [EAX*0x4 + 0x811a94],0x2
0	00811A98	DAT_00811a98	DEFAULT	/undefined4	4			0	indexed_global_candidate	review	SIB scales={3=2, 4=2, 12=4}; sites=00683C70@00684E08 MOV EDI,dword ptr [EAX*0x4 + 0x811a98] | 00683C70@00684E11 MOV dword ptr [EAX*0x4 + 0x811a98],EDI | 00683C70@00684F3E MOV EAX,dword ptr [ECX + 0x811a98] | 00683C70@00684F45 MOV dword ptr [ECX + 0x811a98],EAX
0	00811A9C	DAT_00811a9c	DEFAULT	/undefined4	4			0	indexed_global_candidate	review	SIB scales={3=2, 4=2, 12=11}; sites=00683C70@00684CF4 MOV ECX,dword ptr [EAX + 0x811a9c] | 00683C70@00684D73 MOV ECX,dword ptr [EAX + 0x811a9c] | 00683C70@00684E7C MOV ECX,dword ptr [EDX + 0x80ef88] | 00683C70@006899C0 MOV EDX,dword ptr [EAX + 0x811a9c] | 00683C70@00689B5A MOV EDX,dword ptr [EAX + 0x811a9c] | 00683C70@00689C0E MOV EDX,dword ptr [EAX + 0x811a9c] | 00683C70@00689C4A MOV ECX,dword ptr [EAX + 0x811a9c] | 00683C70@00689D36 MOV EDX,dword ptr [EAX + 0x811a9c] | 00683C70@00689ECE MOV EDX,dword ptr [EAX + 0x811a9c] | 00683C70@00689F89 MOV EAX,dword ptr [ECX*0x4 + 0x811a9c] | 00683C70@0068A166 MOV EAX,dword ptr [ECX*0x4 + 0x811a9c]
0	00811AA0	DAT_00811aa0	DEFAULT	/undefined4	4			0	indexed_global_candidate	review	SIB scales={3=2, 4=2, 12=3}; sites=00683C70@00684E88 MOV EAX,dword ptr [EDX + 0x80ef8c] | 00683C70@00689E72 LEA ECX,[EAX*0x4 + 0x811aa0] | 00683C70@0068A0B2 LEA ECX,[EAX*0x4 + 0x811aa0]
0	00811AE4	DAT_00811ae4	DEFAULT	/undefined4	4			0	indexed_global_candidate	review	SIB scales={3=2, 4=2, 12=3}; sites=00683C70@00689913 MOV ECX,dword ptr [EAX + 0x811ae4] | 00683C70@00689FF1 MOV CX,word ptr [EAX*0x4 + 0x811ae4] | 00683C70@0068A1CE MOV CX,word ptr [EAX*0x4 + 0x811ae4]
0	00811AEC	PTR_00811aec	DEFAULT	/char *32	4			0	indexed_global_candidate	review	SIB scales={3=10, 4=11, 12=18}; sites=00680FF0@00681038 MOV dword ptr [EDX*0x4 + 0x811aec],EAX | 006839D0@00683ADD MOV EAX,dword ptr [EAX*0x4 + 0x811aec] | 00683C70@00685075 MOV ECX,dword ptr [EAX*0x4 + 0x811aec] | 00683C70@006852B2 MOV EDX,dword ptr [ECX*0x4 + 0x811aec] | 00683C70@00685423 MOV EDX,dword ptr [EAX + 0x811aec] | 00683C70@006854C8 MOV EDX,dword ptr [EAX + 0x811aec] | 00683C70@0068557A MOV EDX,dword ptr [EAX + 0x811aec] | 00683C70@00685741 MOV EDX,dword ptr [EAX + 0x811aec] | 00683C70@00685A9E MOV EAX,dword ptr [EAX + 0x811aec] | 00683C70@00685C32 MOV EDX,dword ptr [EAX + 0x811aec] | 00683C70@00685DFC MOV EAX,dword ptr [EAX + 0x811aec] | 00683C70@00686151 MOV EAX,dword ptr [ECX*0x4 + 0x811aec]
0	00811C80	DAT_00811c80	DEFAULT	/undefined4	4			0	indexed_global_candidate	review	SIB scales={3=13, 4=15, 12=26}; sites=006839D0@00683A78 LEA EAX,[EAX*0x4 + 0x811c80] | 006839D0@00683B0E MOV EAX,dword ptr [EAX*0x4 + 0x811c80] | 00683C70@00685356 MOV EDX,dword ptr [EAX + 0x811c80] | 00683C70@0068541D MOV ECX,dword ptr [EAX + 0x811c80] | 00683C70@006854C2 MOV ECX,dword ptr [EAX + 0x811c80] | 00683C70@00685573 MOV ECX,dword ptr [EAX + 0x811c80] | 00683C70@006855E7 MOV DL,byte ptr [ECX*0x4 + 0x811c80] | 00683C70@00685739 MOV CX,word ptr [EAX + 0x811c80] | 00683C70@0068587D MOV DL,byte ptr [ECX*0x4 + 0x811c80] | 00683C70@00685935 MOV CL,byte ptr [EAX*0x4 + 0x811c80] | 00683C70@00685A97 MOV DX,word ptr [EAX + 0x811c80] | 00683C70@00685C2C MOV ECX,dword ptr [EAX + 0x811c80]
0	00811C84	DAT_00811c84	DEFAULT	/undefined4	4			0	indexed_global_candidate	review	SIB scales={3=12, 4=12, 12=21}; sites=00683C70@0068556C MOV EDX,dword ptr [EAX + 0x811c84] | 00683C70@0068572C MOV ECX,dword ptr [EAX + 0x811c84] | 00683C70@006858A6 MOV ECX,dword ptr [EAX*0x4 + 0x811c84] | 00683C70@00685960 MOV DX,word ptr [ECX*0x4 + 0x811c84] | 00683C70@00685A90 MOV CX,word ptr [EAX + 0x811c84] | 00683C70@00685DED MOV CX,word ptr [EAX + 0x811c84] | 00683C70@00685EE6 MOV ECX,dword ptr [EDX*0x4 + 0x811c84] | 00683C70@006863EC MOV EDX,dword ptr [EAX + 0x811c84] | 00683C70@006865BA MOV CX,word ptr [EAX*0x4 + 0x811c84] | 00683C70@006867B9 MOV EDX,dword ptr [ECX*0x4 + 0x811c84] | 00683C70@006868A8 MOV ECX,dword ptr [EAX*0x4 + 0x811c84] | 00683C70@00686991 MOV DX,word ptr [EAX + 0x811c84]
0	00811C88	DAT_00811c88	DEFAULT	/undefined4	4			0	indexed_global_candidate	review	SIB scales={3=9, 4=9, 12=16}; sites=00683C70@00685566 MOV ECX,dword ptr [EAX + 0x811c88] | 00683C70@0068598E MOV CX,word ptr [EAX*0x4 + 0x811c88] | 00683C70@00685DE5 MOV DX,word ptr [EAX + 0x811c88] | 00683C70@006863F8 MOV ECX,dword ptr [EAX + 0x811c88] | 00683C70@006865E7 MOV DX,word ptr [ECX*0x4 + 0x811c88] | 00683C70@006867DF MOV EAX,dword ptr [EAX*0x4 + 0x811c88] | 00683C70@006868CE MOV EAX,dword ptr [ECX*0x4 + 0x811c88] | 00683C70@0068699F MOV CX,word ptr [EAX + 0x811c88] | 00683C70@00686AEC MOV CX,word ptr [EAX*0x4 + 0x811c88] | 00683C70@00686C8E MOV DX,word ptr [ECX*0x4 + 0x811c88] | 00683C70@00686E03 MOV DX,word ptr [ECX*0x4 + 0x811c88] | 00683C70@00686F12 MOV CX,word ptr [EAX + 0x811c88]
0	00811C8C	DAT_00811c8c	DEFAULT	/undefined4	4			0	indexed_global_candidate	review	SIB scales={3=7, 4=7, 12=13}; sites=00683C70@006859BB MOV DX,word ptr [ECX*0x4 + 0x811c8c] | 00683C70@00685DDF MOV CL,byte ptr [EAX + 0x811c8c] | 00683C70@00686404 MOV DX,word ptr [EAX + 0x811c8c] | 00683C70@00686615 MOV CX,word ptr [EAX*0x4 + 0x811c8c] | 00683C70@006869AD MOV EDX,dword ptr [EAX + 0x811c8c] | 00683C70@00686B19 MOV DX,word ptr [ECX*0x4 + 0x811c8c] | 00683C70@00686CBC MOV CX,word ptr [EAX*0x4 + 0x811c8c] | 00683C70@00686E31 MOV CX,word ptr [EAX*0x4 + 0x811c8c] | 00683C70@00686F1D MOV DX,word ptr [EAX + 0x811c8c] | 00683C70@0068705E MOV EDX,dword ptr [ECX*0x4 + 0x811c8c] | 00683C70@006871A0 MOV DX,word ptr [ECX*0x4 + 0x811c8c] | 00683C70@0068741C MOV EDX,dword ptr [EAX + 0x811c8c]
0	00811C90	DAT_00811c90	DEFAULT	/undefined4	4			0	indexed_global_candidate	review	SIB scales={3=7, 4=7, 12=12}; sites=00683C70@006859E9 MOV ECX,dword ptr [EAX*0x4 + 0x811c90] | 00683C70@00686411 MOV CX,word ptr [EAX + 0x811c90] | 00683C70@00686642 MOV EDX,dword ptr [ECX*0x4 + 0x811c90] | 00683C70@006869BA MOV ECX,dword ptr [EAX + 0x811c90] | 00683C70@00686B47 MOV ECX,dword ptr [EAX*0x4 + 0x811c90] | 00683C70@00686CE9 MOV EDX,dword ptr [ECX*0x4 + 0x811c90] | 00683C70@00686E59 MOV EAX,dword ptr [ECX*0x4 + 0x811c90] | 00683C70@00686F28 MOV CX,word ptr [EAX + 0x811c90] | 00683C70@0068708A MOV ECX,dword ptr [EAX*0x4 + 0x811c90] | 00683C70@006871C8 MOV EAX,dword ptr [EAX*0x4 + 0x811c90] | 00683C70@00687428 MOV ECX,dword ptr [EAX + 0x811c90] | 00683C70@00687643 MOV EAX,dword ptr [EAX + 0x811c90]
0	00811C94	DAT_00811c94	DEFAULT	/undefined2	2			0	indexed_global_candidate	review	SIB scales={3=3, 4=3, 12=7}; sites=00683C70@0068641F MOV DX,word ptr [EAX + 0x811c94] | 00683C70@00686668 MOV EAX,dword ptr [EAX*0x4 + 0x811c94] | 00683C70@006869CC MOV DX,word ptr [EAX + 0x811c94] | 00683C70@00686B6D MOV EAX,dword ptr [ECX*0x4 + 0x811c94] | 00683C70@00686D0F MOV EAX,dword ptr [EAX*0x4 + 0x811c94] | 00683C70@00686F33 MOV DX,word ptr [EAX + 0x811c94] | 00683C70@00687434 MOV EDX,dword ptr [EAX + 0x811c94]
0	00811C98	DAT_00811c98	DEFAULT	/undefined2	2			0	indexed_global_candidate	review	SIB scales={3=2, 4=2, 12=5}; sites=00683C70@0068642D MOV CX,word ptr [EAX + 0x811c98] | 00683C70@0068669F MOV CX,word ptr [EAX*0x4 + 0x811c98] | 00683C70@006869D9 MOV CX,word ptr [EAX + 0x811c98] | 00683C70@00686B9F MOV EAX,dword ptr [EAX*0x4 + 0x811c98] | 00683C70@00687440 MOV ECX,dword ptr [EAX + 0x811c98]
0	00811C9C	DAT_00811c9c	DEFAULT	/undefined1	1			0	indexed_global_candidate	review	SIB scales={3=1, 4=1, 12=4}; sites=00683C70@0068643B MOV DL,byte ptr [EAX + 0x811c9c] | 00683C70@006866CC MOV DX,word ptr [ECX*0x4 + 0x811c9c] | 00683C70@006869E7 MOV DX,word ptr [EAX + 0x811c9c] | 00683C70@0068744C MOV DL,byte ptr [EAX + 0x811c9c]
0	00813BC4	DAT_00813bc4	DEFAULT	/undefined4	4			0	indexed_global_candidate	review	SIB scales={3=1, 4=1, 12=4}; sites=006839D0@00683A33 CMP dword ptr [ECX + 0x813bc4],EDX | 006839D0@00683B65 CMP EDX,dword ptr [ECX + 0x813bc4] | 006839D0@00683B95 MOV AX,word ptr [EDX*0x4 + 0x813bc4] | 00683C70@00689763 MOV EDX,dword ptr [EBX + 0x8110b0]
0	00813BC8	DAT_00813bc8	DEFAULT	/undefined1	1			0	indexed_global_candidate	review	SIB scales={3=10, 4=10, 12=4}; sites=00680B50@00680B71 MOV CL,byte ptr [EAX + 0x813bc8] | 00680BD0@00680BE9 MOV AL,byte ptr [ECX*0x4 + 0x813bc8] | 00681F70@00681F96 MOV AL,byte ptr [EDX + ECX*0x4 + 0x813bc8] | 00681FE0@00682006 MOV AL,byte ptr [EDX + ECX*0x4 + 0x813bc8] | 00682050@00682077 MOV AL,byte ptr [ESI + EDI*0x4 + 0x813bc8] | 00682050@006820A8 MOV AL,byte ptr [EDX + ECX*0x4 + 0x813bc8] | 006820F0@00682117 MOV AL,byte ptr [EDX + EDI*0x4 + 0x813bc8] | 006820F0@00682147 MOV AL,byte ptr [ESI + EDI*0x4 + 0x813bc8] | 006820F0@00682178 MOV AL,byte ptr [EDX + ECX*0x4 + 0x813bc8] | 006821D0@006821F7 MOV AL,byte ptr [EDX + EDI*0x4 + 0x813bc8] | 006821D0@0068222A MOV AL,byte ptr [EDX + ECX*0x4 + 0x813bc8] | 00683C70@00685139 MOV CL,byte ptr [EAX + 0x813bc8]
0	0081458C	DAT_0081458c	DEFAULT	/undefined4	4			0	indexed_global_candidate	review	SIB scales={12=8}; sites=00683C70@0068420E MOV ESI,dword ptr [EAX + 0x81458c] | 00683C70@00684217 MOV dword ptr [EAX + 0x81458c],ESI | 00683C70@00684292 MOV ECX,dword ptr [EAX + 0x81458c] | 00683C70@0068429F MOV EDX,dword ptr [EAX + 0x81458c] | 00683C70@006842F7 MOV ECX,dword ptr [EAX + 0x81458c] | 00683C70@00684B22 MOV ECX,dword ptr [EAX + 0x81458c] | 00683C70@00684B2A MOV dword ptr [EAX + 0x81458c],ECX | 00683C70@00684B3D MOV ECX,dword ptr [EAX + 0x81458c]
0	008145A4	DAT_008145a4	DEFAULT	/undefined4	4			0	indexed_global_candidate	review	SIB scales={3=1, 4=1, 12=14}; sites=00683C70@006843B0 LEA ESI,[EDX + 0x811a90] | 00683C70@006843C7 MOV dword ptr [ESI],0x1 | 00683C70@00684A08 LEA EBX,[EDX + 0x811a90] | 00683C70@00684A1D MOV dword ptr [EBX],0x4 | 00683C70@00684B67 LEA ESI,[EDX + 0x811a90] | 00683C70@00684B7C MOV dword ptr [ESI],0x2 | 00683C70@00684C5C LEA ESI,[EDX + 0x811a90] | 00683C70@00684C71 MOV dword ptr [ESI],0x2 | 00683C70@00684E3B LEA ESI,[EDX + 0x811a90] | 00683C70@00684E4B MOV dword ptr [ESI],0x3 | 00683C70@00684EEF LEA EDX,[EAX*0x4 + 0x811a90] | 00683C70@00684EFC MOV dword ptr [EDX],EBX
0	008145A8	DAT_008145a8	DEFAULT	/undefined4	4			0	indexed_global_candidate	review	SIB scales={12=5}; sites=00683C70@00684A23 MOV dword ptr [EDX + 0x811a94],EAX | 00683C70@00684B82 MOV dword ptr [EDX + 0x811a94],ECX | 00683C70@00684C77 MOV dword ptr [EDX + 0x811a94],ECX | 00683C70@00684E5A MOV dword ptr [EDX + 0x811a94],0x1 | 00683C70@0068974A MOV dword ptr [EDX + 0x811a94],0x2
0	008145B8	DAT_008145b8	DEFAULT	/undefined4	4			0	indexed_global_candidate	review	SIB scales={12=5}; sites=00683C70@006843BF LEA ECX,[EDX + 0x811aa4] | 00683C70@00684A29 LEA EDX,[EDX + 0x811aa4] | 00683C70@00684B88 LEA ECX,[EDX + 0x811aa4] | 00683C70@00684C7D LEA ECX,[EDX + 0x811aa4] | 00683C70@00684E41 LEA EBX,[EDX + 0x811aa4]
0	00854FF8	DAT_00854ff8	DEFAULT	/undefined1	1			0	indexed_global_candidate	review	SIB scales={4=22}; sites=006C0800@006C0822 LEA EBX,[EBX + 0x854ff8] | 006C08E0@006C090F MOV EAX,dword ptr [ECX*0x4 + 0x854ff8] | 006C08E0@006C0916 LEA EBX,[ECX*0x4 + 0x854ff8] | 006C0FB0@006C10D1 LEA EDI,[EAX*0x4 + 0x854ff8] | 006C0FB0@006C112C LEA EBX,[ECX*0x4 + 0x854ff8] | 006C18D0@006C1908 MOV EAX,dword ptr [ECX*0x4 + 0x854ff8] | 006C18D0@006C1911 LEA ECX,[ECX*0x4 + 0x854ff8] | 006C1950@006C198B TEST byte ptr [EAX + 0x854ff8],0x1 | 006C19D0@006C19FE TEST byte ptr [ESI + 0x854ff8],0x2 | 006C19D0@006C1A33 TEST byte ptr [ESI + 0x854ff8],0x2 | 006C1AD0@006C1B11 TEST byte ptr [ECX*0x4 + 0x854ff8],0x1 | 006C1BA0@006C1BDD MOV EAX,dword ptr [ESI + 0x854ff8]
1	008568E0	g_resourceStringBufferOffset	ANALYSIS	/uint	4	g_resourceStringBufferOffset	/uint	4	win32_resource_string_cursor	high	LoadResourceString calls LoadStringA with chunk=0x800; cursor bound=0x1004; destination is global_base+read_write_cursor
1	00857110	g_runtimeRecords_00857110	ANALYSIS	/SubmarineTitans/Recovered/GlobalAggregates/RuntimeRecord_00857110_0008 *32	4	g_runtimeRecords_00857110	pointer:record:/SubmarineTitans/Recovered/GlobalAggregates/RuntimeRecord_00857110_0008@8{0,field_0000,/short|2,field_0002,/short|4,field_0004,/int}	4	runtime_record_pointer	high	runtime pointer indexed with unique affine stride=0x8; fields=3; functions=5; sites=26; reads=25; writes=1; pointer_deltas=[8]; index_global=00857114
1	00857A60	g_resourceStringBuffer	ANALYSIS	/char[4100]	4100	g_resourceStringBuffer	array:4100:/char	4100	win32_resource_string_buffer	high	LoadResourceString calls LoadStringA with chunk=0x800; cursor bound=0x1004; destination is global_base+read_write_cursor
0	0085A1A0	DAT_0085a1a0	DEFAULT	/undefined4	4			0	indexed_global_candidate	review	SIB scales={4=64}; sites=00737110@0073712C MOV EAX,dword ptr [ECX*0x4 + 0x85a1a0] | 00737110@007371D3 MOV ECX,dword ptr [EDX*0x4 + 0x85a1a0] | 0073B470@0073B658 MOV ECX,dword ptr [EDX*0x4 + 0x85a1a0] | 0073CD70@0073CEB5 MOV EAX,dword ptr [EAX*0x4 + 0x85a1a0] | 0073DC60@0073DE47 MOV EAX,dword ptr [ECX*0x4 + 0x85a1a0] | 0073DF70@0073DF8F CMP dword ptr [ECX*0x4 + 0x85a1a0],0x0 | 0073DF70@0073DF9E MOV EAX,dword ptr [EDX*0x4 + 0x85a1a0] | 0073DF70@0073DFB1 MOV dword ptr [ECX*0x4 + 0x85a1a0],0x0 | 0073E2C0@0073E2DB MOV EAX,dword ptr [ECX*0x4 + 0x85a1a0] | 0073E2C0@0073E309 MOV ECX,dword ptr [EDX*0x4 + 0x85a1a0] | 0073E370@0073E390 MOV EAX,dword ptr [ECX*0x4 + 0x85a1a0] | 0073E370@0073E3E8 MOV EDX,dword ptr [EAX*0x4 + 0x85a1a0]
