apply	record_id	offset	offset_hex	size	proposed_name	proposed_type	type_confidence	name_confidence	reads	writes	evidence	reason
1	record_a62x8	0	0x0	1		/undefined1	layout	none	7	2	0042A940 STAllPlayersC::STAllPlayersC @ 0042A962 MOV byte ptr [EAX],0x0 | 00430A90 STAllPlayersC::GetMessage @ 00430B09 MOV byte ptr [ECX],DL | 0043BEB0 STAllPlayersC::GetPanelInfo @ 0043D4C2 MOV DL,byte ptr [ECX*0x2 + 0x7f4e20] | 004406C0 LookupRecordByte @ 004406E2 MOV AL,byte ptr [ECX*0x2 + 0x7f4e20] | 00441CE0 STAllPlayersC::_MakeMDPairs @ 00441DA9 MOV DL,byte ptr [ECX + 0x7f4e20] | 004D86A0 FUN_004d86a0 @ 004D86D6 MOV BL,byte ptr [EAX + 0x7f4e20] | 004D8B70 FUN_004d8b70 @ 004D8BBF CMP byte ptr [ESI + 0x7f4e20],0x3 | 004E51B0 FUN_004e51b0 @ 004E51F6 MOV DL,byte ptr [EBX + 0x7f4e20] | 004E6310 FUN_004e6310 @ 004E6388 MOV AL,byte ptr [EDI + 0x7f4e20]	stride_relative_memory_access
1	record_a62x8	1	0x1	4		/int	medium	none	0	0	hash-intact generated record field	existing_generated_field_baseline
1	record_a62x8	5	0x5	4		/undefined4	layout	none	18	2	0042A9C0 FUN_0042a9c0 @ 0042A9D5 MOV EAX,dword ptr [ECX*0x2 + 0x7f4e25] | 0042B760 FUN_0042b760 @ 0042B775 MOV ECX,dword ptr [ECX*0x2 + 0x7f4e25] | 0042B7D0 STAllPlayersC::AddObjsToGroup @ 0042B7FD MOV EDX,dword ptr [ECX*0x2 + 0x7f4e25] | 0042E210 STAllPlayersC::RegisterObject @ 0042E235 MOV ECX,dword ptr [EAX + 0x7f4e25] | 0042EFD0 STAllPlayersC::RegisterGroup @ 0042EFF4 MOV EDX,dword ptr [ECX*0x2 + 0x7f4e25] | 0042F140 STAllPlayersC::UnRegisterGroup @ 0042F165 MOV EDX,dword ptr [ECX*0x2 + 0x7f4e25] | 0042F2B0 STAllPlayersC::UnRegisterObject @ 0042F2DF MOV EDX,dword ptr [EAX + 0x7f4e25] | 00430A90 STAllPlayersC::GetMessage @ 00430C02 MOV dword ptr [ESI],EAX | 00430A90 STAllPlayersC::GetMessage @ 00430C79 MOV dword ptr [ESI],EAX | 00430A90 STAllPlayersC::GetMessage @ 00430E05 MOV EDI,dword ptr [EAX + -0x4] | 00430A90 STAllPlayersC::GetMessage @ 0043105B MOV EDX,dword ptr [ESI] | 004354E0 STAllPlayersC::ReplaceObject @ 00435625 MOV EDI,dword ptr [EAX] | 00435850 FUN_00435850 @ 0043586D MOV ECX,dword ptr [EDX*0x2 + 0x7f4e25] | 004407A0 FUN_004407a0 @ 004407B8 MOV EDI,dword ptr [ECX*0x2 + 0x7f4e25] | 00440860 STAllPlayersC::_ChangeMD @ 004408ED MOV EDI,dword ptr [ECX*0x2 + 0x7f4e25] | 00440990 STAllPlayersC::_ChangeDock @ 00440A07 MOV EDI,dword ptr [EDX*0x2 + 0x7f4e25] | 00440AA0 STAllPlayersC::_AssignDocks @ 00440AD5 MOV EDX,dword ptr [ECX*0x2 + 0x7f4e25] | 00442E50 STAllPlayersC::_AssignMDPairs @ 004431B0 MOV ESI,dword ptr [ECX*0x2 + 0x7f4e25] | 00443F30 STAllPlayersC::SaveAllPlData @ 00444182 MOV ECX,dword ptr [EDX + -0x4] | 00444E70 FUN_00444e70 @ 00444E98 MOV EDX,dword ptr [EBX + 0x7f4e25]	stride_relative_memory_access
1	record_a62x8	9	0x9	4		/undefined4	layout	none	41	2	0042A990 FUN_0042a990 @ 0042A9A5 MOV EAX,dword ptr [ECX*0x2 + 0x7f4e29] | 0042B5B0 FUN_0042b5b0 @ 0042B5C5 MOV ECX,dword ptr [ECX*0x2 + 0x7f4e29] | 0042B620 STAllPlayersC::GetObjPtr @ 0042B649 MOV ECX,dword ptr [ECX*0x2 + 0x7f4e29] | 0042E210 STAllPlayersC::RegisterObject @ 0042E23B MOV EDX,dword ptr [EAX + 0x7f4e29] | 0042F2B0 STAllPlayersC::UnRegisterObject @ 0042F2D9 MOV ECX,dword ptr [EAX + 0x7f4e29] | 00430A90 STAllPlayersC::GetMessage @ 00430BF7 MOV dword ptr [ESI + 0x4],EAX | 00430A90 STAllPlayersC::GetMessage @ 00430C71 MOV dword ptr [ESI + 0x4],EAX | 00430A90 STAllPlayersC::GetMessage @ 00430E08 MOV EBX,dword ptr [EAX] | 00430A90 STAllPlayersC::GetMessage @ 00431052 MOV ECX,dword ptr [ESI + 0x4] | 004354E0 STAllPlayersC::ReplaceObject @ 00435671 MOV ECX,dword ptr [EBX] | 0043E460 FUN_0043e460 @ 0043E47F MOV EDI,dword ptr [ECX*0x2 + 0x7f4e29] | 0043E4E0 STAllPlayersC::GetObjsList @ 0043E4FE MOV EAX,dword ptr [ESI*0x2 + 0x7f4e29] | 0043E640 FUN_0043e640 @ 0043E661 MOV EBX,dword ptr [ECX*0x2 + 0x7f4e29] | 0043E780 STAllPlayersC::GetTOBJList @ 0043E79D MOV EAX,dword ptr [ECX*0x2 + 0x7f4e29] | 0043F130 FUN_0043f130 @ 0043F151 MOV EBX,dword ptr [ECX*0x2 + 0x7f4e29] | 0043F200 STAllPlayersC::GetTOBJList @ 0043F21D MOV EAX,dword ptr [ECX*0x2 + 0x7f4e29] | 00441CE0 STAllPlayersC::_MakeMDPairs @ 00441DDB MOV EAX,dword ptr [ECX + 0x7f4e29] | 00443F30 STAllPlayersC::SaveAllPlData @ 00444198 MOV ECX,dword ptr [EDX] | 00444E70 FUN_00444e70 @ 00444EB0 MOV EDX,dword ptr [EBX + 0x7f4e29] | 00449B60 STAllPlayersC::DestroyObjectMsg @ 00449B8D MOV ECX,dword ptr [ECX*0x2 + 0x7f4e29] | 0044B5F0 STAllPlayersC::SelectObjects @ 0044B641 MOV EAX,dword ptr [EAX*0x2 + 0x7f4e29] | 0044B5F0 STAllPlayersC::SelectObjects @ 0044B763 MOV EAX,dword ptr [EAX*0x2 + 0x7f4e29] | 0044B5F0 STAllPlayersC::SelectObjects @ 0044B844 MOV EAX,dword ptr [EAX*0x2 + 0x7f4e29] | 0044B5F0 STAllPlayersC::SelectObjects @ 0044B8ED MOV EAX,dword ptr [EAX*0x2 + 0x7f4e29] | 0044B5F0 STAllPlayersC::SelectObjects @ 0044B996 MOV EAX,dword ptr [EAX*0x2 + 0x7f4e29] | 00493340 STBoatC::CheckForReplenisher @ 00493364 MOV EAX,dword ptr [EAX + 0x7f4e29] | 004B31C0 FUN_004b31c0 @ 004B329C MOV ECX,dword ptr [EDI + 0x7f4e29] | 004B31C0 FUN_004b31c0 @ 004B3317 MOV ECX,dword ptr [EDI + 0x7f4e29] | 004B7750 FUN_004b7750 @ 004B77A6 MOV ECX,dword ptr [ESI + 0x7f4e29] | 004B7750 FUN_004b7750 @ 004B78A7 MOV ECX,dword ptr [ESI + 0x7f4e29] | 004DE4F0 FUN_004de4f0 @ 004DE520 MOV ESI,dword ptr [EDX + 0x7f4e29] | 004DE4F0 FUN_004de4f0 @ 004DE62A MOV ESI,dword ptr [EDX + 0x7f4e29] | 004DFC70 FUN_004dfc70 @ 004DFC96 MOV ECX,dword ptr [EBX + 0x7f4e29] | 004DFC70 FUN_004dfc70 @ 004DFD61 MOV ECX,dword ptr [EBX + 0x7f4e29] | 004E51B0 FUN_004e51b0 @ 004E56B6 MOV EAX,dword ptr [ESI + 0x7f4e29] | 004E51B0 FUN_004e51b0 @ 004E56CB MOV ECX,dword ptr [ESI + 0x7f4e29] | 004E51B0 FUN_004e51b0 @ 004E5760 MOV ECX,dword ptr [ESI + 0x7f4e29] | 004E6310 FUN_004e6310 @ 004E64B8 MOV ECX,dword ptr [EDI + 0x7f4e29] | 004E6310 FUN_004e6310 @ 004E6511 MOV ECX,dword ptr [EDI + 0x7f4e29] | 004E6310 FUN_004e6310 @ 004E6544 MOV ECX,dword ptr [EDI + 0x7f4e29] | 004E6310 FUN_004e6310 @ 004E6595 MOV ECX,dword ptr [EDI + 0x7f4e29] | 004EA870 FUN_004ea870 @ 004EA8F7 MOV ECX,dword ptr [EAX + 0x7f4e29] | 004EA870 FUN_004ea870 @ 004EA945 MOV ECX,dword ptr [EDX*0x2 + 0x7f4e29]	stride_relative_memory_access
1	record_a62x8	13	0xD	2		/undefined2	layout	none	8	4	0042E210 STAllPlayersC::RegisterObject @ 0042E525 INC word ptr [ESI + 0x7f4e2d] | 0042E210 STAllPlayersC::RegisterObject @ 0042E52C MOV AX,word ptr [ESI + 0x7f4e2d] | 0042E210 STAllPlayersC::RegisterObject @ 0042E7FC INC word ptr [ESI + 0x7f4e2d] | 0042E210 STAllPlayersC::RegisterObject @ 0042E803 MOV AX,word ptr [ESI + 0x7f4e2d] | 0042F2B0 STAllPlayersC::UnRegisterObject @ 0042F571 DEC word ptr [EDI + 0x7f4e2d] | 0042F2B0 STAllPlayersC::UnRegisterObject @ 0042F578 MOV AX,word ptr [EDI + 0x7f4e2d] | 0042F2B0 STAllPlayersC::UnRegisterObject @ 0042F9F2 DEC word ptr [EDI + 0x7f4e2d] | 0042F2B0 STAllPlayersC::UnRegisterObject @ 0042F9F9 MOV AX,word ptr [EDI + 0x7f4e2d] | 0044E1B0 FUN_0044e1b0 @ 0044E1CB MOV DX,word ptr [ECX*0x2 + 0x7f4e2d] | 0044E1F0 FUN_0044e1f0 @ 0044E204 MOV AX,word ptr [ECX*0x2 + 0x7f4e2d] | 004B31C0 FUN_004b31c0 @ 004B327A MOV AX,word ptr [EDX*0x2 + 0x7f4e2d] | 004B31C0 FUN_004b31c0 @ 004B332A MOV CX,word ptr [EDI + 0x7f4e2d]	stride_relative_memory_access
1	record_a62x8	15	0xF	4		/undefined4	layout	none	9	2	00430A90 STAllPlayersC::GetMessage @ 00431077 MOV ECX,dword ptr [ESI] | 00430A90 STAllPlayersC::GetMessage @ 0043107F MOV dword ptr [ESI],EBX | 00441CE0 STAllPlayersC::_MakeMDPairs @ 00441D67 MOV EAX,dword ptr [EDI] | 00441CE0 STAllPlayersC::_MakeMDPairs @ 00442091 MOV EAX,dword ptr [EDX] | 00441CE0 STAllPlayersC::_MakeMDPairs @ 00442125 MOV ECX,dword ptr [ESI] | 00442300 STAllPlayersC::_AddMDPairs @ 004424E7 MOV EAX,dword ptr [EAX + ECX*0x2 + 0x7f4e2f] | 00442300 STAllPlayersC::_AddMDPairs @ 00442771 MOV EAX,dword ptr [ESI + EDI*0x2 + 0x7f4e2f] | 00442B40 STAllPlayersC::_SubMDObject @ 00442C07 MOV EDI,dword ptr [ECX + EDX*0x2 + 0x7f4e2f] | 00442B40 STAllPlayersC::_SubMDObject @ 00442D05 MOV EDI,dword ptr [ECX] | 00443F30 STAllPlayersC::SaveAllPlData @ 00443F98 MOV EAX,dword ptr [EDI] | 00444E70 FUN_00444e70 @ 00444EE1 MOV dword ptr [ESI + EBX*0x1 + 0x7f4e2f],EAX	stride_relative_memory_access
1	record_a62x8	19	0x13	4		/undefined4	layout	none	7	1	00430A90 STAllPlayersC::GetMessage @ 00431077 MOV ECX,dword ptr [ESI] | 00441CE0 STAllPlayersC::_MakeMDPairs @ 00441D67 MOV EAX,dword ptr [EDI] | 00441CE0 STAllPlayersC::_MakeMDPairs @ 004420AA MOV EAX,dword ptr [ECX] | 00441CE0 STAllPlayersC::_MakeMDPairs @ 00442125 MOV ECX,dword ptr [ESI] | 00442B40 STAllPlayersC::_SubMDObject @ 00442D05 MOV EDI,dword ptr [ECX] | 00442E50 STAllPlayersC::_AssignMDPairs @ 00442F5B MOV ECX,dword ptr [EAX + EDX*0x2 + 0x7f4e2f] | 00443F30 STAllPlayersC::SaveAllPlData @ 00443F98 MOV EAX,dword ptr [EDI] | 00444E70 FUN_00444e70 @ 00444EEA MOV dword ptr [ESI + EBX*0x1 + 0x7f4e2f],0x0	stride_relative_memory_access
1	record_a62x8	31	0x1F	4		/undefined4	layout	none	7	3	00443F30 STAllPlayersC::SaveAllPlData @ 0044419F MOV ECX,dword ptr [EDX + 0x16] | 00444E70 FUN_00444e70 @ 00444F0C MOV dword ptr [EBX + 0x7f4e3f],EAX | 004D78E0 FUN_004d78e0 @ 004D7965 MOV EDI,dword ptr [EAX + 0x7f4e3f] | 004D86A0 FUN_004d86a0 @ 004D86C3 MOV dword ptr [EAX + 0x7f4e3f],EDI | 004D87B0 FUN_004d87b0 @ 004D87DC MOV ECX,dword ptr [ECX*0x2 + 0x7f4e3f] | 004D8800 FUN_004d8800 @ 004D8825 MOV EAX,dword ptr [ECX*0x2 + 0x7f4e3f] | 004D8870 FUN_004d8870 @ 004D8892 MOV EAX,dword ptr [ECX*0x2 + 0x7f4e3f] | 004D88B0 FUN_004d88b0 @ 004D88D5 MOV dword ptr [ECX*0x2 + 0x7f4e3f],EAX | 004D8B70 FUN_004d8b70 @ 004D8C4D MOV EDX,dword ptr [ESI + 0x7f4e3f] | 004D8B70 FUN_004d8b70 @ 004D8C92 MOV EAX,dword ptr [ESI + 0x7f4e3f]	stride_relative_memory_access
1	record_a62x8	35	0x23	4		/undefined4	layout	none	8	3	00443F30 STAllPlayersC::SaveAllPlData @ 004441A5 MOV ECX,dword ptr [EDX + 0x1a] | 00444E70 FUN_00444e70 @ 00444F15 MOV dword ptr [EBX + 0x7f4e43],ECX | 004D78E0 FUN_004d78e0 @ 004D795C MOV EBX,dword ptr [EAX + 0x7f4e43] | 004D86A0 FUN_004d86a0 @ 004D86D0 MOV dword ptr [EAX + 0x7f4e43],EDI | 004D88F0 FUN_004d88f0 @ 004D891C MOV ECX,dword ptr [ECX*0x2 + 0x7f4e43] | 004D8940 FUN_004d8940 @ 004D8965 MOV EAX,dword ptr [ECX*0x2 + 0x7f4e43] | 004D89B0 FUN_004d89b0 @ 004D89D2 MOV EAX,dword ptr [ECX*0x2 + 0x7f4e43] | 004D89F0 FUN_004d89f0 @ 004D8A15 MOV dword ptr [ECX*0x2 + 0x7f4e43],EAX | 004D8B70 FUN_004d8b70 @ 004D8BF5 MOV ECX,dword ptr [ESI + 0x7f4e43] | 004D8B70 FUN_004d8b70 @ 004D8C40 MOV EAX,dword ptr [ESI + 0x7f4e43] | 004D8B70 FUN_004d8b70 @ 004D8C80 MOV EDX,dword ptr [ESI + 0x7f4e43]	stride_relative_memory_access
1	record_a62x8	39	0x27	4		/undefined4	layout	none	7	3	00443F30 STAllPlayersC::SaveAllPlData @ 004441AB MOV ECX,dword ptr [EDX + 0x1e] | 00444E70 FUN_00444e70 @ 00444F29 MOV dword ptr [EBX + 0x7f4e47],EDX | 004D78E0 FUN_004d78e0 @ 004D7950 MOV ECX,dword ptr [EAX + 0x7f4e47] | 004D86A0 FUN_004d86a0 @ 004D8704 MOV dword ptr [EAX + 0x7f4e47],ESI | 004D8A30 FUN_004d8a30 @ 004D8A5C MOV ECX,dword ptr [ECX*0x2 + 0x7f4e47] | 004D8A80 FUN_004d8a80 @ 004D8AA5 MOV EAX,dword ptr [ECX*0x2 + 0x7f4e47] | 004D8AF0 FUN_004d8af0 @ 004D8B12 MOV EAX,dword ptr [ECX*0x2 + 0x7f4e47] | 004D8B30 FUN_004d8b30 @ 004D8B55 MOV dword ptr [ECX*0x2 + 0x7f4e47],EAX | 004D8B70 FUN_004d8b70 @ 004D8C3A MOV EDX,dword ptr [ESI + 0x7f4e47] | 004D8B70 FUN_004d8b70 @ 004D8C8B MOV EAX,dword ptr [ESI + 0x7f4e47]	stride_relative_memory_access
1	record_a62x8	43	0x2B	4		/int	medium	none	0	0	hash-intact generated record field	existing_generated_field_baseline
1	record_a62x8	47	0x2F	4		/int	medium	none	0	0	hash-intact generated record field	existing_generated_field_baseline
1	record_a62x8	51	0x33	4		/int	medium	none	0	0	hash-intact generated record field	existing_generated_field_baseline
1	record_a62x8	55	0x37	4		/int	medium	none	0	0	hash-intact generated record field	existing_generated_field_baseline
1	record_a62x8	59	0x3B	4		/int	medium	none	0	0	hash-intact generated record field	existing_generated_field_baseline
1	record_a62x8	63	0x3F	4		/int	medium	none	0	0	hash-intact generated record field	existing_generated_field_baseline
1	record_a62x8	67	0x43	4		/int	medium	none	0	0	hash-intact generated record field	existing_generated_field_baseline
1	record_a62x8	71	0x47	4		/int	medium	none	0	0	hash-intact generated record field	existing_generated_field_baseline
1	record_a62x8	75	0x4B	4		/int	medium	none	0	0	hash-intact generated record field	existing_generated_field_baseline
1	record_a62x8	79	0x4F	4		/int	medium	none	0	0	hash-intact generated record field	existing_generated_field_baseline
1	record_a62x8	83	0x53	4		/int	medium	none	0	0	hash-intact generated record field	existing_generated_field_baseline
1	record_a62x8	87	0x57	4		/int	medium	none	0	0	hash-intact generated record field	existing_generated_field_baseline
1	record_a62x8	91	0x5B	4		/int	medium	none	0	0	hash-intact generated record field	existing_generated_field_baseline
1	record_a62x8	95	0x5F	4		/int	medium	none	0	0	hash-intact generated record field	existing_generated_field_baseline
1	record_a62x8	99	0x63	4		/int	medium	none	0	0	hash-intact generated record field	existing_generated_field_baseline
1	record_a62x8	103	0x67	4		/int	medium	none	0	0	hash-intact generated record field	existing_generated_field_baseline
1	record_a62x8	107	0x6B	4		/int	medium	none	0	0	hash-intact generated record field	existing_generated_field_baseline
1	record_a62x8	111	0x6F	4		/int	medium	none	0	0	hash-intact generated record field	existing_generated_field_baseline
1	record_a62x8	115	0x73	4		/int	medium	none	0	0	hash-intact generated record field	existing_generated_field_baseline
1	record_a62x8	119	0x77	4		/int	medium	none	0	0	hash-intact generated record field	existing_generated_field_baseline
1	record_a62x8	123	0x7B	4		/int	medium	none	0	0	hash-intact generated record field	existing_generated_field_baseline
1	record_a62x8	127	0x7F	4		/int	medium	none	0	0	hash-intact generated record field	existing_generated_field_baseline
1	record_a62x8	131	0x83	4		/int	medium	none	0	0	hash-intact generated record field	existing_generated_field_baseline
1	record_a62x8	135	0x87	4		/int	medium	none	0	0	hash-intact generated record field	existing_generated_field_baseline
1	record_a62x8	139	0x8B	4		/int	medium	none	0	0	hash-intact generated record field	existing_generated_field_baseline
1	record_a62x8	143	0x8F	4		/int	medium	none	0	0	hash-intact generated record field	existing_generated_field_baseline
1	record_a62x8	147	0x93	4		/int	medium	none	0	0	hash-intact generated record field	existing_generated_field_baseline
1	record_a62x8	151	0x97	4		/int	medium	none	0	0	hash-intact generated record field	existing_generated_field_baseline
1	record_a62x8	155	0x9B	4		/int	medium	none	0	0	hash-intact generated record field	existing_generated_field_baseline
1	record_a62x8	159	0x9F	4		/int	medium	none	0	0	hash-intact generated record field	existing_generated_field_baseline
1	record_a62x8	163	0xA3	4		/int	medium	none	0	0	hash-intact generated record field	existing_generated_field_baseline
1	record_a62x8	167	0xA7	4		/int	medium	none	0	0	hash-intact generated record field	existing_generated_field_baseline
1	record_a62x8	171	0xAB	4		/int	medium	none	0	0	hash-intact generated record field	existing_generated_field_baseline
1	record_a62x8	175	0xAF	4		/int	medium	none	0	0	hash-intact generated record field	existing_generated_field_baseline
1	record_a62x8	179	0xB3	4		/int	medium	none	0	0	hash-intact generated record field	existing_generated_field_baseline
1	record_a62x8	183	0xB7	4		/int	medium	none	0	0	hash-intact generated record field	existing_generated_field_baseline
1	record_a62x8	187	0xBB	4		/int	medium	none	0	0	hash-intact generated record field	existing_generated_field_baseline
1	record_a62x8	191	0xBF	4		/int	medium	none	0	0	hash-intact generated record field	existing_generated_field_baseline
1	record_a62x8	195	0xC3	4		/int	medium	none	0	0	hash-intact generated record field	existing_generated_field_baseline
1	record_a62x8	199	0xC7	4		/int	medium	none	0	0	hash-intact generated record field	existing_generated_field_baseline
1	record_a62x8	203	0xCB	4		/int	medium	none	0	0	hash-intact generated record field	existing_generated_field_baseline
1	record_a62x8	207	0xCF	4		/int	medium	none	0	0	hash-intact generated record field	existing_generated_field_baseline
1	record_a62x8	211	0xD3	4		/int	medium	none	0	0	hash-intact generated record field	existing_generated_field_baseline
1	record_a62x8	215	0xD7	4		/int	medium	none	0	0	hash-intact generated record field	existing_generated_field_baseline
1	record_a62x8	219	0xDB	4		/int	medium	none	0	0	hash-intact generated record field	existing_generated_field_baseline
1	record_a62x8	223	0xDF	4		/int	medium	none	0	0	hash-intact generated record field	existing_generated_field_baseline
1	record_a62x8	227	0xE3	4		/int	medium	none	0	0	hash-intact generated record field	existing_generated_field_baseline
1	record_a62x8	231	0xE7	4		/int	medium	none	0	0	hash-intact generated record field	existing_generated_field_baseline
1	record_a62x8	235	0xEB	4		/int	medium	none	0	0	hash-intact generated record field	existing_generated_field_baseline
1	record_a62x8	239	0xEF	4		/int	medium	none	0	0	hash-intact generated record field	existing_generated_field_baseline
1	record_a62x8	243	0xF3	4		/int	medium	none	0	0	hash-intact generated record field	existing_generated_field_baseline
1	record_a62x8	247	0xF7	4		/int	medium	none	0	0	hash-intact generated record field	existing_generated_field_baseline
1	record_a62x8	251	0xFB	4		/int	medium	none	0	0	hash-intact generated record field	existing_generated_field_baseline
1	record_a62x8	255	0xFF	4		/int	medium	none	0	0	hash-intact generated record field	existing_generated_field_baseline
1	record_a62x8	259	0x103	4		/int	medium	none	0	0	hash-intact generated record field	existing_generated_field_baseline
1	record_a62x8	263	0x107	4		/int	medium	none	0	0	hash-intact generated record field	existing_generated_field_baseline
1	record_a62x8	267	0x10B	4		/int	medium	none	0	0	hash-intact generated record field	existing_generated_field_baseline
1	record_a62x8	271	0x10F	4		/int	medium	none	0	0	hash-intact generated record field	existing_generated_field_baseline
1	record_a62x8	275	0x113	4		/int	medium	none	0	0	hash-intact generated record field	existing_generated_field_baseline
1	record_a62x8	279	0x117	4		/int	medium	none	0	0	hash-intact generated record field	existing_generated_field_baseline
1	record_a62x8	283	0x11B	4		/int	medium	none	0	0	hash-intact generated record field	existing_generated_field_baseline
1	record_a62x8	287	0x11F	4		/int	medium	none	0	0	hash-intact generated record field	existing_generated_field_baseline
1	record_a62x8	291	0x123	4		/int	medium	none	0	0	hash-intact generated record field	existing_generated_field_baseline
1	record_a62x8	295	0x127	4		/int	medium	none	0	0	hash-intact generated record field	existing_generated_field_baseline
1	record_a62x8	299	0x12B	4		/int	medium	none	0	0	hash-intact generated record field	existing_generated_field_baseline
1	record_a62x8	303	0x12F	4		/int	medium	none	0	0	hash-intact generated record field	existing_generated_field_baseline
1	record_a62x8	307	0x133	4		/int	medium	none	0	0	hash-intact generated record field	existing_generated_field_baseline
1	record_a62x8	311	0x137	4		/int	medium	none	0	0	hash-intact generated record field	existing_generated_field_baseline
1	record_a62x8	315	0x13B	4		/int	medium	none	0	0	hash-intact generated record field	existing_generated_field_baseline
1	record_a62x8	319	0x13F	4		/int	medium	none	0	0	hash-intact generated record field	existing_generated_field_baseline
1	record_a62x8	323	0x143	4		/int	medium	none	0	0	hash-intact generated record field	existing_generated_field_baseline
1	record_a62x8	327	0x147	4		/int	medium	none	0	0	hash-intact generated record field	existing_generated_field_baseline
1	record_a62x8	331	0x14B	4		/int	medium	none	0	0	hash-intact generated record field	existing_generated_field_baseline
1	record_a62x8	335	0x14F	4		/int	medium	none	0	0	hash-intact generated record field	existing_generated_field_baseline
1	record_a62x8	339	0x153	4		/int	medium	none	0	0	hash-intact generated record field	existing_generated_field_baseline
1	record_a62x8	343	0x157	4		/int	medium	none	0	0	hash-intact generated record field	existing_generated_field_baseline
1	record_a62x8	347	0x15B	4		/int	medium	none	0	0	hash-intact generated record field	existing_generated_field_baseline
1	record_a62x8	351	0x15F	4		/int	medium	none	0	0	hash-intact generated record field	existing_generated_field_baseline
1	record_a62x8	355	0x163	4		/undefined4	layout	none	30	12	0042D980 STAllPlayersC::GetActiveCenter @ 0042DC68 MOV ECX,dword ptr [EAX + 0x7f4f83] | 0042DFE0 STAllPlayersC::PrepareToCmd @ 0042E0FC MOV ECX,dword ptr [EAX + 0x7f4f83] | 00430A90 STAllPlayersC::GetMessage @ 004310A3 MOV dword ptr [ESI + -0xa],EBX | 004314E0 STAllPlayersC::FramePick @ 00431624 MOV EAX,dword ptr [EDI + 0x7f4f83] | 004314E0 STAllPlayersC::FramePick @ 004316EA MOV EDX,dword ptr [EDI + 0x7f4f83] | 004314E0 STAllPlayersC::FramePick @ 004318B5 MOV dword ptr [EDI + 0x7f4f83],0x3c | 004314E0 STAllPlayersC::FramePick @ 004319D1 MOV EAX,dword ptr [ECX + 0x7f4f83] | 004314E0 STAllPlayersC::FramePick @ 00431BBA MOV EAX,dword ptr [EAX + 0x7f4f83] | 004314E0 STAllPlayersC::FramePick @ 00432CD2 MOV EAX,dword ptr [EDI + 0x7f4f83] | 004314E0 STAllPlayersC::FramePick @ 00432D9C MOV EAX,dword ptr [EDI + 0x7f4f83] | 004314E0 STAllPlayersC::FramePick @ 00432EBA MOV dword ptr [EDI + 0x7f4f83],0x3c | 004314E0 STAllPlayersC::FramePick @ 00432FD6 MOV EAX,dword ptr [ECX + 0x7f4f83] | 004314E0 STAllPlayersC::FramePick @ 004331AD MOV EAX,dword ptr [EAX + 0x7f4f83] | 00433E90 STAllPlayersC::PointPick @ 00433FB2 MOV EAX,dword ptr [EDX + 0x7f4f83] | 00433E90 STAllPlayersC::PointPick @ 004340A1 MOV ECX,dword ptr [EAX + 0x7f4f83] | 00433E90 STAllPlayersC::PointPick @ 00434173 MOV dword ptr [ECX + 0x7f4f83],0x3c | 00433E90 STAllPlayersC::PointPick @ 00434385 MOV EAX,dword ptr [ECX + 0x7f4f83] | 00433E90 STAllPlayersC::PointPick @ 00434476 MOV EAX,dword ptr [EAX + 0x7f4f83] | 00435930 STAllPlayersC::GetCursorType @ 00435A60 MOV ECX,dword ptr [ESI + 0x7f4f83] | 00439100 STAllPlayersC::RestoreTmp @ 00439243 MOV EAX,dword ptr [EBX + 0x7f4f83] | 00439100 STAllPlayersC::RestoreTmp @ 004392ED MOV dword ptr [EBX + 0x7f4f83],0x3c | 00439100 STAllPlayersC::RestoreTmp @ 0043935A MOV dword ptr [EBX + 0x7f4f83],0x3c | 00439100 STAllPlayersC::RestoreTmp @ 00439398 MOV dword ptr [EBX + 0x7f4f83],0x3c | 00439100 STAllPlayersC::RestoreTmp @ 004393A7 MOV EAX,dword ptr [EBX + 0x7f4f83] | 00439100 STAllPlayersC::RestoreTmp @ 0043945A MOV dword ptr [EBX + 0x7f4f83],0x3c | 00439100 STAllPlayersC::RestoreTmp @ 00439486 MOV dword ptr [EBX + 0x7f4f83],0x3c | 00439100 STAllPlayersC::RestoreTmp @ 00439557 MOV dword ptr [EBX + 0x7f4f83],0x3c | 00439100 STAllPlayersC::RestoreTmp @ 00439F5B MOV EBX,dword ptr [EBX + 0x7f4f83] | 00439100 STAllPlayersC::RestoreTmp @ 0043A054 MOV EBX,dword ptr [EBX + 0x7f4f83] | 0043AE40 STAllPlayersC::SetActivePanel @ 0043B698 MOV ECX,dword ptr [EDX + EAX*0x1 + 0x7f4f83] | 0043BEB0 STAllPlayersC::GetPanelInfo @ 0043BEE3 MOV EAX,dword ptr [ECX*0x2 + 0x7f4f83] | 0043BEB0 STAllPlayersC::GetPanelInfo @ 0043C0BD MOV EAX,dword ptr [ECX*0x2 + 0x7f4f83] | 0043BEB0 STAllPlayersC::GetPanelInfo @ 0043CDDD MOV ECX,dword ptr [EDI] | 0043BEB0 STAllPlayersC::GetPanelInfo @ 0043D014 MOV EAX,dword ptr [EDX*0x2 + 0x7f4f83] | 0043BEB0 STAllPlayersC::GetPanelInfo @ 0043D5FD MOV EAX,dword ptr [ECX*0x2 + 0x7f4f83] | 0043BEB0 STAllPlayersC::GetPanelInfo @ 0043D6F2 MOV ECX,dword ptr [EDX*0x2 + 0x7f4f83] | 0043BEB0 STAllPlayersC::GetPanelInfo @ 0043D886 MOV ECX,dword ptr [ECX*0x2 + 0x7f4f83] | 00443F30 STAllPlayersC::SaveAllPlData @ 0044423F MOV EDI,dword ptr [ECX + -0x4] | 00444E70 FUN_00444e70 @ 00444F4D MOV dword ptr [EDI + -0x4],ECX | 0044B5F0 STAllPlayersC::SelectObjects @ 0044BC96 MOV EAX,dword ptr [EDI + 0x7f4f83] | 0044B5F0 STAllPlayersC::SelectObjects @ 0044BD49 MOV dword ptr [EDI + 0x7f4f83],0x3c | 0044B5F0 STAllPlayersC::SelectObjects @ 0044BD94 MOV EAX,dword ptr [EDI + 0x7f4f83]	stride_relative_memory_access
1	record_a62x8	359	0x167	1		/char	medium	none	0	0	hash-intact generated record field	existing_generated_field_baseline
1	record_a62x8	363	0x16B	2		/undefined2	layout	none	6	1	0042D980 STAllPlayersC::GetActiveCenter @ 0042DCE0 MOV CX,word ptr [EAX + 0x7f4f8b] | 0042DFE0 STAllPlayersC::PrepareToCmd @ 0042E10F MOV AX,word ptr [EAX + 0x7f4f8b] | 0043BEB0 STAllPlayersC::GetPanelInfo @ 0043BF35 MOV AX,word ptr [EBX + 0x8] | 0043BEB0 STAllPlayersC::GetPanelInfo @ 0043C111 MOV DX,word ptr [EDI + 0x8] | 0043BEB0 STAllPlayersC::GetPanelInfo @ 0043D8C5 MOV AX,word ptr [EAX + 0x8] | 00443F30 STAllPlayersC::SaveAllPlData @ 0044424D MOV DI,word ptr [ECX + -0xc] | 00444E70 FUN_00444e70 @ 00444F58 MOV word ptr [EDI + 0x4],CX	stride_relative_memory_access
1	record_a62x8	365	0x16D	4		/undefined4	layout	none	19	2	0042A9F0 FUN_0042a9f0 @ 0042AA35 MOV EAX,dword ptr [ESI] | 0042D770 FUN_0042d770 @ 0042D79E MOV EBX,dword ptr [ECX*0x2 + 0x7f4f8d] | 0042D980 STAllPlayersC::GetActiveCenter @ 0042DD44 MOV EAX,dword ptr [EAX + 0x7f4f8d] | 00430A90 STAllPlayersC::GetMessage @ 00431095 MOV EAX,dword ptr [ESI] | 00430A90 STAllPlayersC::GetMessage @ 004310A1 MOV dword ptr [ESI],EBX | 00435930 STAllPlayersC::GetCursorType @ 00435AF4 MOV ECX,dword ptr [ESI + 0x7f4f8d] | 0043BEB0 STAllPlayersC::GetPanelInfo @ 0043BF4F MOV EDI,dword ptr [EBX + 0xa] | 0043BEB0 STAllPlayersC::GetPanelInfo @ 0043BFE0 MOV ECX,dword ptr [EBX + 0xa] | 0043BEB0 STAllPlayersC::GetPanelInfo @ 0043C129 MOV EBX,dword ptr [EDI + 0xa] | 0043BEB0 STAllPlayersC::GetPanelInfo @ 0043C18F MOV EDI,dword ptr [EDI + 0xa] | 0043BEB0 STAllPlayersC::GetPanelInfo @ 0043CE26 MOV EAX,dword ptr [EDI + 0xa] | 0043BEB0 STAllPlayersC::GetPanelInfo @ 0043D069 MOV EDI,dword ptr [EBX + 0xa] | 0043BEB0 STAllPlayersC::GetPanelInfo @ 0043D105 MOV EDI,dword ptr [EBX + 0xa] | 0043BEB0 STAllPlayersC::GetPanelInfo @ 0043D660 MOV EBX,dword ptr [EDI + 0xa] | 0043BEB0 STAllPlayersC::GetPanelInfo @ 0043D748 MOV EDI,dword ptr [EAX + 0xa] | 00443F30 STAllPlayersC::SaveAllPlData @ 00443FD0 MOV EAX,dword ptr [EDI + -0x50] | 00443F30 STAllPlayersC::SaveAllPlData @ 0044462C MOV EAX,dword ptr [EAX + -0x50] | 00444E70 FUN_00444e70 @ 00444F79 MOV dword ptr [EDI + 0x6],EAX | 0044B280 STAllPlayersC::CalibrateTmp @ 0044B367 MOV ECX,dword ptr [EAX + EDX*0x2 + 0x7f4f8d] | 0044CE40 FUN_0044ce40 @ 0044CE65 MOV EBX,dword ptr [ECX*0x2 + 0x7f4f8d] | 0044D320 FUN_0044d320 @ 0044D34A MOV EAX,dword ptr [ECX*0x2 + 0x7f4f8d]	stride_relative_memory_access
1	record_a62x8	369	0x171	2		/undefined2	layout	none	5	1	0043BEB0 STAllPlayersC::GetPanelInfo @ 0043BF45 MOV AX,word ptr [EBX + 0xe] | 0043BEB0 STAllPlayersC::GetPanelInfo @ 0043C11F MOV AX,word ptr [EDI + 0xe] | 0043BEB0 STAllPlayersC::GetPanelInfo @ 0043D05F MOV AX,word ptr [EBX + 0xe] | 00440600 STAllPlayersC::GetNInTmp @ 0044067C MOV AX,word ptr [EDX + ECX*0x2 + 0x7f4f91] | 00443F30 STAllPlayersC::SaveAllPlData @ 00444255 MOV DI,word ptr [ECX + -0x6] | 00444E70 FUN_00444e70 @ 00444F60 MOV word ptr [EDI + 0xa],DX	stride_relative_memory_access
1	record_a62x8	371	0x173	4		/undefined4	layout	none	2	1	0043BEB0 STAllPlayersC::GetPanelInfo @ 0043D3E4 MOV ECX,dword ptr [EAX + -0xa] | 00443F30 STAllPlayersC::SaveAllPlData @ 0044423F MOV EDI,dword ptr [ECX + -0x4] | 00444E70 FUN_00444e70 @ 00444F4D MOV dword ptr [EDI + -0x4],ECX	stride_relative_memory_access
1	record_a62x8	375	0x177	4		/undefined4	layout	none	5	1	004314E0 STAllPlayersC::FramePick @ 0043182C MOV ECX,dword ptr [EDI + 0x7f4f97] | 00433E90 STAllPlayersC::PointPick @ 00434256 MOV EDX,dword ptr [ECX + 0x7f4f97] | 00439100 STAllPlayersC::RestoreTmp @ 004394DB MOV EAX,dword ptr [EBX + 0x7f4f97] | 00443F30 STAllPlayersC::SaveAllPlData @ 00444248 MOV EDI,dword ptr [ECX + -0x10] | 00444E70 FUN_00444e70 @ 00444F52 MOV dword ptr [EDI],EDX | 0044B5F0 STAllPlayersC::SelectObjects @ 0044BE4D MOV EAX,dword ptr [EDI + 0x7f4f97]	stride_relative_memory_access
1	record_a62x8	379	0x17B	2		/undefined2	layout	none	1	1	00443F30 STAllPlayersC::SaveAllPlData @ 0044424D MOV DI,word ptr [ECX + -0xc] | 00444E70 FUN_00444e70 @ 00444F58 MOV word ptr [EDI + 0x4],CX	stride_relative_memory_access
1	record_a62x8	381	0x17D	4		/undefined4	layout	none	3	1	0042A9F0 FUN_0042a9f0 @ 0042AA35 MOV EAX,dword ptr [ESI] | 00430A90 STAllPlayersC::GetMessage @ 00431095 MOV EAX,dword ptr [ESI] | 00443F30 STAllPlayersC::SaveAllPlData @ 00443FD0 MOV EAX,dword ptr [EDI + -0x50] | 00444E70 FUN_00444e70 @ 00444F81 MOV dword ptr [EDI + 0x6],0x0	stride_relative_memory_access
1	record_a62x8	385	0x181	2		/undefined2	layout	none	1	1	00443F30 STAllPlayersC::SaveAllPlData @ 00444255 MOV DI,word ptr [ECX + -0x6] | 00444E70 FUN_00444e70 @ 00444F60 MOV word ptr [EDI + 0xa],DX	stride_relative_memory_access
1	record_a62x8	387	0x183	4		/undefined4	layout	none	1	0	0043BEB0 STAllPlayersC::GetPanelInfo @ 0043D3E4 MOV ECX,dword ptr [EAX + -0xa]	stride_relative_memory_access
1	record_a62x8	391	0x187	1		/undefined1	layout	none	1	0	0043BEB0 STAllPlayersC::GetPanelInfo @ 0043D49A MOV AL,byte ptr [EDX + -0x6]	stride_relative_memory_access
1	record_a62x8	395	0x18B	2		/undefined2	layout	none	1	0	0043BEB0 STAllPlayersC::GetPanelInfo @ 0043D43E MOV AX,word ptr [EAX + -0x2]	stride_relative_memory_access
1	record_a62x8	397	0x18D	4		/undefined4	layout	none	1	0	0043BEB0 STAllPlayersC::GetPanelInfo @ 0043D468 MOV EBX,dword ptr [EAX]	stride_relative_memory_access
1	record_a62x8	401	0x191	2		/undefined2	layout	none	1	0	0043BEB0 STAllPlayersC::GetPanelInfo @ 0043D459 MOV AX,word ptr [EAX + 0x4]	stride_relative_memory_access
1	record_a62x8	435	0x1B3	4		/undefined4	layout	none	39	9	0042D980 STAllPlayersC::GetActiveCenter @ 0042D9F4 MOV ECX,dword ptr [EAX + 0x7f4fd3] | 0042DFE0 STAllPlayersC::PrepareToCmd @ 0042E080 CMP dword ptr [EAX + 0x7f4fd3],0x19a | 00430A90 STAllPlayersC::GetMessage @ 004310B6 MOV dword ptr [ESI + 0x46],EBX | 004314E0 STAllPlayersC::FramePick @ 00431CB1 MOV EAX,dword ptr [EAX + 0x7f4fd3] | 004314E0 STAllPlayersC::FramePick @ 00431DE9 MOV EAX,dword ptr [EDX + 0x7f4fd3] | 004314E0 STAllPlayersC::FramePick @ 00431FDD MOV EAX,dword ptr [EAX + 0x7f4fd3] | 004314E0 STAllPlayersC::FramePick @ 00432115 MOV EAX,dword ptr [ECX + 0x7f4fd3] | 004314E0 STAllPlayersC::FramePick @ 004322D7 MOV EAX,dword ptr [EDI + 0x7f4fd3] | 004314E0 STAllPlayersC::FramePick @ 00432469 MOV EAX,dword ptr [EDI + 0x7f4fd3] | 004314E0 STAllPlayersC::FramePick @ 00432578 MOV dword ptr [EDI + 0x7f4fd3],0x19a | 004314E0 STAllPlayersC::FramePick @ 00432675 MOV EAX,dword ptr [EAX + 0x7f4fd3] | 004314E0 STAllPlayersC::FramePick @ 004327AD MOV EAX,dword ptr [EDX + 0x7f4fd3] | 004314E0 STAllPlayersC::FramePick @ 004329A1 MOV EAX,dword ptr [EAX + 0x7f4fd3] | 004314E0 STAllPlayersC::FramePick @ 00432AD9 MOV EAX,dword ptr [ECX + 0x7f4fd3] | 004314E0 STAllPlayersC::FramePick @ 004332A4 MOV EAX,dword ptr [EDI + 0x7f4fd3] | 004314E0 STAllPlayersC::FramePick @ 004333C5 MOV EAX,dword ptr [EDI + 0x7f4fd3] | 004314E0 STAllPlayersC::FramePick @ 004334EB MOV dword ptr [EDI + 0x7f4fd3],0x19a | 00433E90 STAllPlayersC::PointPick @ 00434635 MOV ECX,dword ptr [ECX + 0x7f4fd3] | 00433E90 STAllPlayersC::PointPick @ 004347AF MOV EAX,dword ptr [EAX + 0x7f4fd3] | 00433E90 STAllPlayersC::PointPick @ 0043497C MOV EAX,dword ptr [EAX + 0x7f4fd3] | 00433E90 STAllPlayersC::PointPick @ 00434B5D MOV dword ptr [EAX + 0x7f4fd3],0x19a | 00433E90 STAllPlayersC::PointPick @ 00434B8E MOV EAX,dword ptr [EAX + 0x7f4fd3] | 00433E90 STAllPlayersC::PointPick @ 00434CAA MOV dword ptr [EDX + 0x7f4fd3],0x19a | 004353B0 FUN_004353b0 @ 004353DC CMP dword ptr [EAX + 0x7f4fd3],0x19a | 00435930 STAllPlayersC::GetCursorType @ 004359CA MOV ECX,dword ptr [ESI + 0x7f4fd3] | 00439100 STAllPlayersC::RestoreTmp @ 004395D6 MOV EBX,dword ptr [EBX + 0x7f4fd3] | 00439100 STAllPlayersC::RestoreTmp @ 004396AA MOV EBX,dword ptr [EBX + 0x7f4fd3] | 00439100 STAllPlayersC::RestoreTmp @ 004397D4 MOV EBX,dword ptr [EBX + 0x7f4fd3] | 00439100 STAllPlayersC::RestoreTmp @ 004398C0 MOV EBX,dword ptr [EBX + 0x7f4fd3] | 00439100 STAllPlayersC::RestoreTmp @ 004399E2 MOV EAX,dword ptr [EBX + 0x7f4fd3] | 00439100 STAllPlayersC::RestoreTmp @ 00439A44 MOV dword ptr [EBX + 0x7f4fd3],0x19a | 00439100 STAllPlayersC::RestoreTmp @ 00439AC7 MOV dword ptr [EBX + 0x7f4fd3],0x19a | 00439100 STAllPlayersC::RestoreTmp @ 00439B81 MOV EAX,dword ptr [EBX + 0x7f4fd3] | 00439100 STAllPlayersC::RestoreTmp @ 00439BE3 MOV dword ptr [EBX + 0x7f4fd3],0x19a | 00439100 STAllPlayersC::RestoreTmp @ 00439D95 MOV EBX,dword ptr [EBX + 0x7f4fd3] | 00439100 STAllPlayersC::RestoreTmp @ 00439E51 MOV EBX,dword ptr [EBX + 0x7f4fd3] | 00439100 STAllPlayersC::RestoreTmp @ 0043A218 MOV EBX,dword ptr [EBX + 0x7f4fd3] | 00439100 STAllPlayersC::RestoreTmp @ 0043A365 MOV EBX,dword ptr [EBX + 0x7f4fd3] | 0043BEB0 STAllPlayersC::GetPanelInfo @ 0043C99A MOV EAX,dword ptr [ESI*0x2 + 0x7f4fd3] | 0043BEB0 STAllPlayersC::GetPanelInfo @ 0043CAC1 MOV EAX,dword ptr [ESI*0x2 + 0x7f4fd3] | 0043BEB0 STAllPlayersC::GetPanelInfo @ 0043CBF4 MOV EAX,dword ptr [ECX*0x2 + 0x7f4fd3] | 0043BEB0 STAllPlayersC::GetPanelInfo @ 0043CCE2 MOV EAX,dword ptr [ECX*0x2 + 0x7f4fd3] | 0043BEB0 STAllPlayersC::GetPanelInfo @ 0043CEA1 MOV EAX,dword ptr [ECX*0x2 + 0x7f4fd3] | 0043BEB0 STAllPlayersC::GetPanelInfo @ 0043CF75 MOV ECX,dword ptr [EDX*0x2 + 0x7f4fd3] | 0043BEB0 STAllPlayersC::GetPanelInfo @ 0043D2F8 MOV EAX,dword ptr [ECX*0x2 + 0x7f4fd3] | 00443F30 STAllPlayersC::SaveAllPlData @ 0044425D MOV EDI,dword ptr [ECX + 0x3c] | 00444E70 FUN_00444e70 @ 00444F8B MOV dword ptr [EDI + 0x4c],ECX | 0044B030 STAllPlayersC::ActivateTV @ 0044B173 MOV EDX,dword ptr [ESI]	stride_relative_memory_access
1	record_a62x8	439	0x1B7	1		/undefined1	layout	none	17	1	0042D980 STAllPlayersC::GetActiveCenter @ 0042DA2E MOV DL,byte ptr [EAX + 0x7f4fd7] | 0042D980 STAllPlayersC::GetActiveCenter @ 0042DA6B MOV DL,byte ptr [EAX + 0x7f4fd7] | 0042D980 STAllPlayersC::GetActiveCenter @ 0042DB26 MOV DL,byte ptr [ECX*0x2 + 0x7f4fd7] | 0042D980 STAllPlayersC::GetActiveCenter @ 0042DC1B MOV DL,byte ptr [EAX + 0x7f4fd7] | 0042DFE0 STAllPlayersC::PrepareToCmd @ 0042E074 CMP dword ptr [EAX + 0x7f4fd7],ECX | 0042DFE0 STAllPlayersC::PrepareToCmd rendered exact scalar cast at +0x1B7 | 004353B0 FUN_004353b0 @ 004353EF MOV EDX,dword ptr [EAX + 0x7f4fd7] | 004353B0 FUN_004353b0 rendered exact scalar cast at +0x1B7 | 00435930 STAllPlayersC::GetCursorType @ 004359E0 CMP dword ptr [ESI + 0x7f4fd7],EAX | 00435930 STAllPlayersC::GetCursorType @ 00435A34 MOV AL,byte ptr [ESI + 0x7f4fd7] | 00435930 STAllPlayersC::GetCursorType rendered exact scalar cast at +0x1B7 | 0043BEB0 STAllPlayersC::GetPanelInfo @ 0043CA2E MOV AL,byte ptr [ESI + 0x4] | 0043BEB0 STAllPlayersC::GetPanelInfo @ 0043CB55 MOV AL,byte ptr [ESI + 0x4] | 0043BEB0 STAllPlayersC::GetPanelInfo @ 0043CC8E MOV AL,byte ptr [EDI + 0x4] | 0043BEB0 STAllPlayersC::GetPanelInfo @ 0043CD7A MOV AL,byte ptr [EBX + 0x4] | 0043BEB0 STAllPlayersC::GetPanelInfo @ 0043CF3B MOV AL,byte ptr [EDI + 0x4] | 0043BEB0 STAllPlayersC::GetPanelInfo @ 0043CFDA MOV AL,byte ptr [EDX + 0x4] | 0043BEB0 STAllPlayersC::GetPanelInfo @ 0043D392 MOV AL,byte ptr [EDI + 0x4] | 00443F30 STAllPlayersC::SaveAllPlData @ 00444263 MOV EDI,dword ptr [ECX + 0x40] | 00444E70 FUN_00444e70 @ 00444F91 MOV dword ptr [EDI + 0x50],EDX | 0044B030 STAllPlayersC::ActivateTV @ 0044B176 MOV AL,byte ptr [ESI + 0x4]	conflicting_scalar_types={/int=1, /uint=2}
1	record_a62x8	443	0x1BB	2		/undefined2	layout	none	13	1	0042D980 STAllPlayersC::GetActiveCenter @ 0042DA27 MOV CX,word ptr [EAX + 0x7f4fdb] | 0042D980 STAllPlayersC::GetActiveCenter @ 0042DA64 MOV CX,word ptr [EAX + 0x7f4fdb] | 0042D980 STAllPlayersC::GetActiveCenter @ 0042DC14 MOV CX,word ptr [EAX + 0x7f4fdb] | 0043BEB0 STAllPlayersC::GetPanelInfo @ 0043C9CD MOV CX,word ptr [ESI + 0x8] | 0043BEB0 STAllPlayersC::GetPanelInfo @ 0043C9DA MOV AX,word ptr [ESI + 0x8] | 0043BEB0 STAllPlayersC::GetPanelInfo @ 0043CA8A MOV AX,word ptr [ESI + 0x8] | 0043BEB0 STAllPlayersC::GetPanelInfo @ 0043CA97 MOV AX,word ptr [ESI + 0x8] | 0043BEB0 STAllPlayersC::GetPanelInfo @ 0043CAF4 MOV AX,word ptr [ESI + 0x8] | 0043BEB0 STAllPlayersC::GetPanelInfo @ 0043CB01 MOV AX,word ptr [ESI + 0x8] | 0043BEB0 STAllPlayersC::GetPanelInfo @ 0043CBB1 MOV AX,word ptr [ESI + 0x8] | 0043BEB0 STAllPlayersC::GetPanelInfo @ 0043CBBE MOV AX,word ptr [ESI + 0x8] | 00443F30 STAllPlayersC::SaveAllPlData @ 00444269 MOV DI,word ptr [ECX + 0x44] | 00444E70 FUN_00444e70 @ 00444F98 MOV word ptr [EDI + 0x54],CX | 0044B030 STAllPlayersC::ActivateTV @ 0044B16C MOV AX,word ptr [ESI + 0x8]	stride_relative_memory_access
1	record_a62x8	445	0x1BD	4		/undefined4	layout	none	20	2	0042A9F0 FUN_0042a9f0 @ 0042AA48 MOV EAX,dword ptr [ESI + 0x50] | 0042D6B0 STAllPlayersC::RemoveActiveTV @ 0042D71F MOV EAX,dword ptr [ESI + 0xa] | 0042D980 STAllPlayersC::GetActiveCenter @ 0042DACC MOV EAX,dword ptr [EAX + 0x7f4fdd] | 0042DFE0 STAllPlayersC::PrepareToCmd @ 0042E090 MOV EDI,dword ptr [EAX + 0x7f4fdd] | 00430A90 STAllPlayersC::GetMessage @ 004310A6 MOV EAX,dword ptr [ESI + 0x50] | 00430A90 STAllPlayersC::GetMessage @ 004310B3 MOV dword ptr [ESI + 0x50],EBX | 004353B0 FUN_004353b0 @ 00435400 MOV ECX,dword ptr [EAX + 0x7f4fdd] | 004353B0 FUN_004353b0 @ 0043544D MOV EDX,dword ptr [ECX*0x2 + 0x7f4fdd] | 00435930 STAllPlayersC::GetCursorType @ 004359F2 MOV EBX,dword ptr [ESI + 0x7f4fdd] | 0043BEB0 STAllPlayersC::GetPanelInfo @ 0043C9F1 MOV EDI,dword ptr [ESI + 0xa] | 0043BEB0 STAllPlayersC::GetPanelInfo @ 0043CB18 MOV EDI,dword ptr [ESI + 0xa] | 0043BEB0 STAllPlayersC::GetPanelInfo @ 0043CC4E MOV EBX,dword ptr [EDI + 0xa] | 0043BEB0 STAllPlayersC::GetPanelInfo @ 0043CD3A MOV EDI,dword ptr [EBX + 0xa] | 0043BEB0 STAllPlayersC::GetPanelInfo @ 0043CEFB MOV EBX,dword ptr [EDI + 0xa] | 0043BEB0 STAllPlayersC::GetPanelInfo @ 0043CF9D MOV EBX,dword ptr [EAX + 0xa] | 0043BEB0 STAllPlayersC::GetPanelInfo @ 0043D352 MOV EBX,dword ptr [EDI + 0xa] | 00443F30 STAllPlayersC::SaveAllPlData @ 00443FF3 MOV EAX,dword ptr [EDI] | 00444E70 FUN_00444e70 @ 00444FB9 MOV dword ptr [EDI + 0x56],EAX | 0044AB90 STAllPlayersC::CheckTmps @ 0044ACE8 MOV EAX,dword ptr [EBX] | 0044AB90 STAllPlayersC::CheckTmps @ 0044ACFD MOV EDX,dword ptr [EBX] | 0044B030 STAllPlayersC::ActivateTV @ 0044B170 MOV ECX,dword ptr [ESI + 0xa] | 0044B280 STAllPlayersC::CalibrateTmp @ 0044B346 MOV ECX,dword ptr [EAX + EDX*0x2 + 0x7f4fdd]	stride_relative_memory_access
1	record_a62x8	449	0x1C1	2		/undefined2	layout	none	3	1	00435930 STAllPlayersC::GetCursorType @ 004359E8 CMP word ptr [ESI + 0x7f4fe1],0x1 | 00440600 STAllPlayersC::GetNInTmp @ 00440655 MOV AX,word ptr [EDX + ECX*0x2 + 0x7f4fe1] | 00443F30 STAllPlayersC::SaveAllPlData @ 00444271 MOV DI,word ptr [ECX + 0x4a] | 00444E70 FUN_00444e70 @ 00444FA0 MOV word ptr [EDI + 0x5a],DX	stride_relative_memory_access
1	record_a62x8	451	0x1C3	4		/undefined4	layout	none	2	1	0043BEB0 STAllPlayersC::GetPanelInfo @ 0043D4FE MOV EAX,dword ptr [ESI + -0x8] | 00443F30 STAllPlayersC::SaveAllPlData @ 0044425D MOV EDI,dword ptr [ECX + 0x3c] | 00444E70 FUN_00444e70 @ 00444F8B MOV dword ptr [EDI + 0x4c],ECX	stride_relative_memory_access
1	record_a62x8	455	0x1C7	4		/undefined4	layout	none	3	1	004314E0 STAllPlayersC::FramePick @ 0043236F MOV ECX,dword ptr [EDI + 0x7f4fe7] | 00433E90 STAllPlayersC::PointPick @ 00434A57 MOV ECX,dword ptr [EAX + 0x7f4fe7] | 00443F30 STAllPlayersC::SaveAllPlData @ 00444263 MOV EDI,dword ptr [ECX + 0x40] | 00444E70 FUN_00444e70 @ 00444F91 MOV dword ptr [EDI + 0x50],EDX	stride_relative_memory_access
1	record_a62x8	459	0x1CB	2		/undefined2	layout	none	2	1	0043BEB0 STAllPlayersC::GetPanelInfo @ 0043D5B1 MOV AX,word ptr [ESI] | 00443F30 STAllPlayersC::SaveAllPlData @ 00444269 MOV DI,word ptr [ECX + 0x44] | 00444E70 FUN_00444e70 @ 00444F98 MOV word ptr [EDI + 0x54],CX	stride_relative_memory_access
1	record_a62x8	461	0x1CD	4		/undefined4	layout	none	4	1	0042A9F0 FUN_0042a9f0 @ 0042AA48 MOV EAX,dword ptr [ESI + 0x50] | 00430A90 STAllPlayersC::GetMessage @ 004310A6 MOV EAX,dword ptr [ESI + 0x50] | 00443F30 STAllPlayersC::SaveAllPlData @ 00443FF3 MOV EAX,dword ptr [EDI] | 00444E70 FUN_00444e70 @ 00444FC1 MOV dword ptr [EDI + 0x56],0x0 | 0044AB90 STAllPlayersC::CheckTmps @ 0044ACE8 MOV EAX,dword ptr [EBX]	stride_relative_memory_access
1	record_a62x8	465	0x1D1	2		/undefined2	layout	none	1	1	00443F30 STAllPlayersC::SaveAllPlData @ 00444271 MOV DI,word ptr [ECX + 0x4a] | 00444E70 FUN_00444e70 @ 00444FA0 MOV word ptr [EDI + 0x5a],DX	stride_relative_memory_access
1	record_a62x8	467	0x1D3	4		/undefined4	layout	none	1	0	0043BEB0 STAllPlayersC::GetPanelInfo @ 0043D4FE MOV EAX,dword ptr [ESI + -0x8]	stride_relative_memory_access
1	record_a62x8	471	0x1D7	1		/undefined1	layout	none	1	0	0043BEB0 STAllPlayersC::GetPanelInfo @ 0043D569 MOV CL,byte ptr [ESI + -0x4]	stride_relative_memory_access
1	record_a62x8	475	0x1DB	2		/undefined2	layout	none	1	0	0043BEB0 STAllPlayersC::GetPanelInfo @ 0043D5B1 MOV AX,word ptr [ESI]	stride_relative_memory_access
1	record_a62x8	477	0x1DD	4		/undefined4	layout	none	1	0	0043BEB0 STAllPlayersC::GetPanelInfo @ 0043D536 MOV EAX,dword ptr [ESI + 0x2]	stride_relative_memory_access
1	record_a62x8	509	0x1FD	4		/undefined4	layout	none	1	0	0044AF50 STAllPlayersC::PushTV @ 0044AFC9 MOV EAX,dword ptr [ESI + 0x4a]	stride_relative_memory_access
1	record_a62x8	515	0x203	4		/undefined4	layout	none	32	27	0042D6B0 STAllPlayersC::RemoveActiveTV @ 0042D6CB MOV EDX,dword ptr [EAX + 0x7f5023] | 0042D980 STAllPlayersC::GetActiveCenter @ 0042D9A1 MOV ECX,dword ptr [EAX + 0x7f5023] | 0042DFE0 STAllPlayersC::PrepareToCmd @ 0042E034 MOV EDX,dword ptr [EAX + 0x7f5023] | 004314E0 STAllPlayersC::FramePick @ 004315C2 MOV EDX,dword ptr [EDI + 0x7f5023] | 004314E0 STAllPlayersC::FramePick @ 00431615 MOV dword ptr [EDI + 0x7f5023],0x0 | 004314E0 STAllPlayersC::FramePick @ 00431973 MOV ECX,dword ptr [EAX + 0x7f5023] | 004314E0 STAllPlayersC::FramePick @ 004319BF MOV dword ptr [EAX + 0x7f5023],0x0 | 004314E0 STAllPlayersC::FramePick @ 00431B16 MOV ECX,dword ptr [EAX + 0x7f5023] | 004314E0 STAllPlayersC::FramePick @ 00431DD4 MOV dword ptr [ECX + 0x7f5023],0x1 | 004314E0 STAllPlayersC::FramePick @ 00431F9D MOV ECX,dword ptr [EAX + 0x7f5023] | 004314E0 STAllPlayersC::FramePick @ 00432103 MOV dword ptr [EAX + 0x7f5023],0x1 | 004314E0 STAllPlayersC::FramePick @ 00432297 MOV EAX,dword ptr [EDI + 0x7f5023] | 004314E0 STAllPlayersC::FramePick @ 0043245A MOV dword ptr [EDI + 0x7f5023],0x1 | 004314E0 STAllPlayersC::FramePick @ 00432635 MOV ECX,dword ptr [EAX + 0x7f5023] | 004314E0 STAllPlayersC::FramePick @ 00432798 MOV dword ptr [ECX + 0x7f5023],0x1 | 004314E0 STAllPlayersC::FramePick @ 00432961 MOV ECX,dword ptr [EAX + 0x7f5023] | 004314E0 STAllPlayersC::FramePick @ 00432AC7 MOV dword ptr [EAX + 0x7f5023],0x1 | 004314E0 STAllPlayersC::FramePick @ 00432C7A MOV EAX,dword ptr [EDI + 0x7f5023] | 004314E0 STAllPlayersC::FramePick @ 00432CC3 MOV dword ptr [EDI + 0x7f5023],0x0 | 004314E0 STAllPlayersC::FramePick @ 00432F78 MOV ECX,dword ptr [EAX + 0x7f5023] | 004314E0 STAllPlayersC::FramePick @ 00432FC4 MOV dword ptr [EAX + 0x7f5023],0x0 | 004314E0 STAllPlayersC::FramePick @ 00433109 MOV EAX,dword ptr [EDI + 0x7f5023] | 004314E0 STAllPlayersC::FramePick @ 004333B6 MOV dword ptr [EDI + 0x7f5023],0x1 | 00433E90 STAllPlayersC::PointPick @ 00433F47 MOV ECX,dword ptr [EAX + 0x7f5023] | 00433E90 STAllPlayersC::PointPick @ 00433F9D MOV dword ptr [ECX + 0x7f5023],0x0 | 00433E90 STAllPlayersC::PointPick @ 00434323 MOV ECX,dword ptr [EAX + 0x7f5023] | 00433E90 STAllPlayersC::PointPick @ 00434373 MOV dword ptr [EAX + 0x7f5023],0x0 | 00433E90 STAllPlayersC::PointPick @ 004345F1 MOV EDX,dword ptr [ECX + 0x7f5023] | 00433E90 STAllPlayersC::PointPick @ 0043479D MOV dword ptr [EDX + 0x7f5023],0x1 | 00433E90 STAllPlayersC::PointPick @ 00434938 MOV ECX,dword ptr [EAX + 0x7f5023] | 00433E90 STAllPlayersC::PointPick @ 00434B7C MOV dword ptr [EDX + 0x7f5023],0x1 | 004353B0 FUN_004353b0 @ 004353CF CMP dword ptr [EAX + 0x7f5023],0x1 | 00435930 STAllPlayersC::GetCursorType @ 0043598A MOV ECX,dword ptr [ESI + 0x7f5023] | 00438E30 STAllPlayersC::SaveTmp @ 00438E9F MOV EAX,dword ptr [ESI + 0x7f5023] | 00439100 STAllPlayersC::RestoreTmp @ 004391E8 MOV EAX,dword ptr [EBX + 0x7f5023] | 00439100 STAllPlayersC::RestoreTmp @ 00439234 MOV dword ptr [EBX + 0x7f5023],0x0 | 00439100 STAllPlayersC::RestoreTmp @ 00439596 MOV EAX,dword ptr [EBX + 0x7f5023] | 00439100 STAllPlayersC::RestoreTmp @ 0043969B MOV dword ptr [EBX + 0x7f5023],0x1 | 00439100 STAllPlayersC::RestoreTmp @ 00439794 MOV EAX,dword ptr [EBX + 0x7f5023] | 00439100 STAllPlayersC::RestoreTmp @ 004398B1 MOV dword ptr [EBX + 0x7f5023],0x1 | 00439100 STAllPlayersC::RestoreTmp @ 004399A2 MOV EAX,dword ptr [EBX + 0x7f5023] | 00439100 STAllPlayersC::RestoreTmp @ 00439B72 MOV dword ptr [EBX + 0x7f5023],0x1 | 00439100 STAllPlayersC::RestoreTmp @ 00439D55 MOV EAX,dword ptr [EBX + 0x7f5023] | 00439100 STAllPlayersC::RestoreTmp @ 00439E42 MOV dword ptr [EBX + 0x7f5023],0x1 | 00439100 STAllPlayersC::RestoreTmp @ 00439F00 MOV EAX,dword ptr [EBX + 0x7f5023] | 00439100 STAllPlayersC::RestoreTmp @ 00439F4C MOV dword ptr [EBX + 0x7f5023],0x0 | 00439100 STAllPlayersC::RestoreTmp @ 0043A1D8 MOV EAX,dword ptr [EBX + 0x7f5023] | 00439100 STAllPlayersC::RestoreTmp @ 0043A356 MOV dword ptr [EBX + 0x7f5023],0x1 | 0043AE40 STAllPlayersC::SetActivePanel @ 0043AEAC MOV ECX,dword ptr [EAX + 0x7f5023] | 0043AE40 STAllPlayersC::SetActivePanel @ 0043AEFC MOV ECX,dword ptr [EAX + 0x7f5023] | 0043AE40 STAllPlayersC::SetActivePanel @ 0043B46D MOV dword ptr [EDX*0x2 + 0x7f5023],EBX | 0043AE40 STAllPlayersC::SetActivePanel @ 0043B67A MOV dword ptr [EDX*0x2 + 0x7f5023],EBX | 0043AE40 STAllPlayersC::SetActivePanel @ 0043B7E3 MOV dword ptr [EDX*0x2 + 0x7f5023],0x0 | 0043AE40 STAllPlayersC::SetActivePanel @ 0043B8F4 MOV dword ptr [EDX*0x2 + 0x7f5023],0x0 | 0043BEB0 STAllPlayersC::GetPanelInfo @ 0043BFB5 CMP dword ptr [EDX*0x2 + 0x7f5023],EDI | 00443F30 STAllPlayersC::SaveAllPlData @ 00444285 MOV ECX,dword ptr [EDX + 0x1fa] | 00444E70 FUN_00444e70 @ 00444FEA MOV dword ptr [EBX + 0x7f5023],ECX | 0044B5F0 STAllPlayersC::SelectObjects @ 0044BC3E MOV EAX,dword ptr [EDI + 0x7f5023] | 0044B5F0 STAllPlayersC::SelectObjects @ 0044BC87 MOV dword ptr [EDI + 0x7f5023],0x0	stride_relative_memory_access
1	record_a62x8	519	0x207	4		/undefined4	layout	none	3	2	00430A90 STAllPlayersC::GetMessage @ 004310DB MOV dword ptr [ESI + -0xa],EBX | 004354E0 STAllPlayersC::ReplaceObject @ 0043552F CMP dword ptr [EAX + 0x7f5027],0x19a | 00439100 STAllPlayersC::RestoreTmp @ 00439189 MOV EAX,dword ptr [EDI + EBX*0x1 + 0x7f5027] | 00443F30 STAllPlayersC::SaveAllPlData @ 004442A4 MOV EDI,dword ptr [ECX + -0x4] | 00444E70 FUN_00444e70 @ 00445003 MOV dword ptr [EDI + -0x4],EDX	stride_relative_memory_access
1	record_a62x8	523	0x20B	4		/undefined4	layout	none	2	1	004354E0 STAllPlayersC::ReplaceObject @ 0043553F CMP dword ptr [EAX + 0x7f502b],ECX | 00443F30 STAllPlayersC::SaveAllPlData @ 004442AD MOV EDI,dword ptr [ECX + -0x10] | 00444E70 FUN_00444e70 @ 00445008 MOV dword ptr [EDI],ECX	stride_relative_memory_access
1	record_a62x8	527	0x20F	2		/undefined2	layout	none	1	1	00443F30 STAllPlayersC::SaveAllPlData @ 004442B2 MOV DI,word ptr [ECX + -0xc] | 00444E70 FUN_00444e70 @ 0044500E MOV word ptr [EDI + 0x4],DX	stride_relative_memory_access
1	record_a62x8	529	0x211	4		/undefined4	layout	none	12	2	0042A9F0 FUN_0042a9f0 @ 0042AA72 MOV EAX,dword ptr [ESI] | 0042CEF0 STAllPlayersC::DelObjFromSaveTmps @ 0042CF89 MOV EAX,dword ptr [ESI] | 0042CEF0 STAllPlayersC::DelObjFromSaveTmps @ 0042CF9A MOV ECX,dword ptr [ESI] | 0042CEF0 STAllPlayersC::DelObjFromSaveTmps @ 0042CFBC MOV ECX,dword ptr [ESI] | 0042CEF0 STAllPlayersC::DelObjFromSaveTmps @ 0042CFD1 MOV EDX,dword ptr [ESI] | 0042CEF0 STAllPlayersC::DelObjFromSaveTmps @ 0042D086 MOV ECX,dword ptr [ESI] | 0042CEF0 STAllPlayersC::DelObjFromSaveTmps @ 0042D091 MOV ECX,dword ptr [ESI] | 0042CEF0 STAllPlayersC::DelObjFromSaveTmps @ 0042D0B9 MOV EDX,dword ptr [ESI] | 0042CEF0 STAllPlayersC::DelObjFromSaveTmps @ 0042D0CE MOV EAX,dword ptr [ESI] | 00430A90 STAllPlayersC::GetMessage @ 004310CD MOV EAX,dword ptr [ESI] | 00430A90 STAllPlayersC::GetMessage @ 004310D9 MOV dword ptr [ESI],EBX | 004354E0 STAllPlayersC::ReplaceObject @ 00435547 MOV EDI,dword ptr [EAX + 0x7f5031] | 00443F30 STAllPlayersC::SaveAllPlData @ 0044402E MOV EAX,dword ptr [EDI] | 00444E70 FUN_00444e70 @ 0044502F MOV dword ptr [EDI + 0x6],EAX	stride_relative_memory_access
1	record_a62x8	533	0x215	2		/undefined2	layout	none	1	3	0042CEF0 STAllPlayersC::DelObjFromSaveTmps @ 0042CFC6 DEC word ptr [ESI + 0x4] | 0042CEF0 STAllPlayersC::DelObjFromSaveTmps @ 0042D0C3 DEC word ptr [ESI + 0x4] | 00443F30 STAllPlayersC::SaveAllPlData @ 004442BA MOV DI,word ptr [ECX + -0x6] | 00444E70 FUN_00444e70 @ 00445016 MOV word ptr [EDI + 0xa],CX	stride_relative_memory_access
1	record_a62x8	535	0x217	4		/undefined4	layout	none	1	1	00443F30 STAllPlayersC::SaveAllPlData @ 004442A4 MOV EDI,dword ptr [ECX + -0x4] | 00444E70 FUN_00444e70 @ 00445003 MOV dword ptr [EDI + -0x4],EDX	stride_relative_memory_access
1	record_a62x8	539	0x21B	4		/undefined4	layout	none	1	1	00443F30 STAllPlayersC::SaveAllPlData @ 004442AD MOV EDI,dword ptr [ECX + -0x10] | 00444E70 FUN_00444e70 @ 00445008 MOV dword ptr [EDI],ECX	stride_relative_memory_access
1	record_a62x8	543	0x21F	2		/undefined2	layout	none	1	1	00443F30 STAllPlayersC::SaveAllPlData @ 004442B2 MOV DI,word ptr [ECX + -0xc] | 00444E70 FUN_00444e70 @ 0044500E MOV word ptr [EDI + 0x4],DX	stride_relative_memory_access
1	record_a62x8	545	0x221	4		/undefined4	layout	none	7	1	0042A9F0 FUN_0042a9f0 @ 0042AA72 MOV EAX,dword ptr [ESI] | 0042CEF0 STAllPlayersC::DelObjFromSaveTmps @ 0042CF89 MOV EAX,dword ptr [ESI] | 0042CEF0 STAllPlayersC::DelObjFromSaveTmps @ 0042CF9A MOV ECX,dword ptr [ESI] | 0042CEF0 STAllPlayersC::DelObjFromSaveTmps @ 0042D086 MOV ECX,dword ptr [ESI] | 0042CEF0 STAllPlayersC::DelObjFromSaveTmps @ 0042D091 MOV ECX,dword ptr [ESI] | 00430A90 STAllPlayersC::GetMessage @ 004310CD MOV EAX,dword ptr [ESI] | 00443F30 STAllPlayersC::SaveAllPlData @ 0044402E MOV EAX,dword ptr [EDI] | 00444E70 FUN_00444e70 @ 00445037 MOV dword ptr [EDI + 0x6],0x0	stride_relative_memory_access
1	record_a62x8	549	0x225	2		/undefined2	layout	none	1	1	00443F30 STAllPlayersC::SaveAllPlData @ 004442BA MOV DI,word ptr [ECX + -0x6] | 00444E70 FUN_00444e70 @ 00445016 MOV word ptr [EDI + 0xa],CX	stride_relative_memory_access
1	record_a62x8	679	0x2A7	4		/undefined4	layout	none	2	2	0043FC50 FUN_0043fc50 @ 0043FC92 MOV EAX,dword ptr [ESI*0x2 + 0x7f50c7] | 0043FC50 FUN_0043fc50 @ 0043FCBF MOV dword ptr [ECX*0x2 + 0x7f50c7],EDX | 00443F30 STAllPlayersC::SaveAllPlData @ 004442CE MOV ECX,dword ptr [EDX + 0x29e] | 00444E70 FUN_00444e70 @ 0044505C MOV dword ptr [EBX + 0x7f50c7],EAX	stride_relative_memory_access
1	record_a62x8	683	0x2AB	4		/undefined4	layout	none	2	2	0043FC50 FUN_0043fc50 @ 0043FD02 MOV EAX,dword ptr [ESI*0x2 + 0x7f50cb] | 0043FC50 FUN_0043fc50 @ 0043FD2F MOV dword ptr [ECX*0x2 + 0x7f50cb],EDX | 00443F30 STAllPlayersC::SaveAllPlData @ 004442E0 MOV ECX,dword ptr [EDX + 0x2a2] | 00444E70 FUN_00444e70 @ 00445065 MOV dword ptr [EBX + 0x7f50cb],ECX	stride_relative_memory_access
1	record_a62x8	687	0x2AF	4		/undefined4	layout	none	2	2	0043FC50 FUN_0043fc50 @ 0043FD75 MOV EAX,dword ptr [ESI*0x2 + 0x7f50cf] | 0043FC50 FUN_0043fc50 @ 0043FDA2 MOV dword ptr [ECX*0x2 + 0x7f50cf],EDX | 00443F30 STAllPlayersC::SaveAllPlData @ 004442EC MOV ECX,dword ptr [EDX + 0x2a6] | 00444E70 FUN_00444e70 @ 0044506E MOV dword ptr [EBX + 0x7f50cf],EDX	stride_relative_memory_access
1	record_a62x8	691	0x2B3	4		/undefined4	layout	none	2	2	0043FC50 FUN_0043fc50 @ 0043FDE8 MOV EAX,dword ptr [ESI*0x2 + 0x7f50d3] | 0043FC50 FUN_0043fc50 @ 0043FE15 MOV dword ptr [ECX*0x2 + 0x7f50d3],EDX | 00443F30 STAllPlayersC::SaveAllPlData @ 004442F8 MOV ECX,dword ptr [EDX + 0x2aa] | 00444E70 FUN_00444e70 @ 00445077 MOV dword ptr [EBX + 0x7f50d3],EAX	stride_relative_memory_access
1	record_a62x8	695	0x2B7	4		/undefined4	layout	none	2	2	0043FC50 FUN_0043fc50 @ 0043FE5B MOV EAX,dword ptr [ESI*0x2 + 0x7f50d7] | 0043FC50 FUN_0043fc50 @ 0043FE88 MOV dword ptr [ECX*0x2 + 0x7f50d7],EDX | 00443F30 STAllPlayersC::SaveAllPlData @ 00444304 MOV ECX,dword ptr [EDX + 0x2ae] | 00444E70 FUN_00444e70 @ 00445080 MOV dword ptr [EBX + 0x7f50d7],ECX	stride_relative_memory_access
1	record_a62x8	699	0x2BB	4		/undefined4	layout	none	2	2	0043FC50 FUN_0043fc50 @ 0043FECE MOV EAX,dword ptr [ESI*0x2 + 0x7f50db] | 0043FC50 FUN_0043fc50 @ 0043FEFB MOV dword ptr [ECX*0x2 + 0x7f50db],EDX | 00443F30 STAllPlayersC::SaveAllPlData @ 00444310 MOV ECX,dword ptr [EDX + 0x2b2] | 00444E70 FUN_00444e70 @ 00445089 MOV dword ptr [EBX + 0x7f50db],EDX	stride_relative_memory_access
1	record_a62x8	703	0x2BF	4		/undefined4	layout	none	2	2	0043FC50 FUN_0043fc50 @ 0043FF41 MOV EAX,dword ptr [ESI*0x2 + 0x7f50df] | 0043FC50 FUN_0043fc50 @ 0043FF6E MOV dword ptr [ECX*0x2 + 0x7f50df],EDX | 00443F30 STAllPlayersC::SaveAllPlData @ 0044431C MOV ECX,dword ptr [EDX + 0x2b6] | 00444E70 FUN_00444e70 @ 00445092 MOV dword ptr [EBX + 0x7f50df],EAX	stride_relative_memory_access
1	record_a62x8	707	0x2C3	4		/undefined4	layout	none	2	2	0043FC50 FUN_0043fc50 @ 0043FFB4 MOV EAX,dword ptr [ESI*0x2 + 0x7f50e3] | 0043FC50 FUN_0043fc50 @ 0043FFE1 MOV dword ptr [ECX*0x2 + 0x7f50e3],EDX | 00443F30 STAllPlayersC::SaveAllPlData @ 00444328 MOV ECX,dword ptr [EDX + 0x2ba] | 00444E70 FUN_00444e70 @ 0044509B MOV dword ptr [EBX + 0x7f50e3],ECX	stride_relative_memory_access
1	record_a62x8	711	0x2C7	4		/undefined4	layout	none	2	2	0043FC50 FUN_0043fc50 @ 00440027 MOV EAX,dword ptr [ESI*0x2 + 0x7f50e7] | 0043FC50 FUN_0043fc50 @ 00440054 MOV dword ptr [ECX*0x2 + 0x7f50e7],EDX | 00443F30 STAllPlayersC::SaveAllPlData @ 00444334 MOV ECX,dword ptr [EDX + 0x2be] | 00444E70 FUN_00444e70 @ 004450A4 MOV dword ptr [EBX + 0x7f50e7],EDX	stride_relative_memory_access
1	record_a62x8	715	0x2CB	4		/undefined4	layout	none	2	2	0043FC50 FUN_0043fc50 @ 0044009A MOV EAX,dword ptr [ESI*0x2 + 0x7f50eb] | 0043FC50 FUN_0043fc50 @ 004400C7 MOV dword ptr [ECX*0x2 + 0x7f50eb],EDX | 00443F30 STAllPlayersC::SaveAllPlData @ 00444340 MOV ECX,dword ptr [EDX + 0x2c2] | 00444E70 FUN_00444e70 @ 004450AD MOV dword ptr [EBX + 0x7f50eb],EAX	stride_relative_memory_access
1	record_a62x8	719	0x2CF	4		/undefined4	layout	none	2	2	0043FC50 FUN_0043fc50 @ 0044010D MOV EAX,dword ptr [ESI*0x2 + 0x7f50ef] | 0043FC50 FUN_0043fc50 @ 0044013A MOV dword ptr [ECX*0x2 + 0x7f50ef],EDX | 00443F30 STAllPlayersC::SaveAllPlData @ 0044434C MOV ECX,dword ptr [EDX + 0x2c6] | 00444E70 FUN_00444e70 @ 004450B6 MOV dword ptr [EBX + 0x7f50ef],ECX	stride_relative_memory_access
1	record_a62x8	723	0x2D3	4		/undefined4	layout	none	2	2	0043FC50 FUN_0043fc50 @ 00440180 MOV EAX,dword ptr [ESI*0x2 + 0x7f50f3] | 0043FC50 FUN_0043fc50 @ 004401AD MOV dword ptr [ECX*0x2 + 0x7f50f3],EDX | 00443F30 STAllPlayersC::SaveAllPlData @ 00444358 MOV ECX,dword ptr [EDX + 0x2ca] | 00444E70 FUN_00444e70 @ 004450BF MOV dword ptr [EBX + 0x7f50f3],EDX	stride_relative_memory_access
1	record_a62x8	727	0x2D7	4		/undefined4	layout	none	2	2	0043FC50 FUN_0043fc50 @ 004401F3 MOV EAX,dword ptr [ESI*0x2 + 0x7f50f7] | 0043FC50 FUN_0043fc50 @ 00440220 MOV dword ptr [ECX*0x2 + 0x7f50f7],EDX | 00443F30 STAllPlayersC::SaveAllPlData @ 00444364 MOV ECX,dword ptr [EDX + 0x2ce] | 00444E70 FUN_00444e70 @ 004450C8 MOV dword ptr [EBX + 0x7f50f7],EAX	stride_relative_memory_access
1	record_a62x8	731	0x2DB	4		/undefined4	layout	none	2	2	0043FC50 FUN_0043fc50 @ 00440266 MOV EAX,dword ptr [ESI*0x2 + 0x7f50fb] | 0043FC50 FUN_0043fc50 @ 00440293 MOV dword ptr [ECX*0x2 + 0x7f50fb],EDX | 00443F30 STAllPlayersC::SaveAllPlData @ 00444370 MOV ECX,dword ptr [EDX + 0x2d2] | 00444E70 FUN_00444e70 @ 004450D1 MOV dword ptr [EBX + 0x7f50fb],ECX	stride_relative_memory_access
1	record_a62x8	735	0x2DF	4		/undefined4	layout	none	2	2	0043FC50 FUN_0043fc50 @ 004402D9 MOV EAX,dword ptr [ESI*0x2 + 0x7f50ff] | 0043FC50 FUN_0043fc50 @ 00440306 MOV dword ptr [ECX*0x2 + 0x7f50ff],EDX | 00443F30 STAllPlayersC::SaveAllPlData @ 0044437C MOV ECX,dword ptr [EDX + 0x2d6] | 00444E70 FUN_00444e70 @ 004450DA MOV dword ptr [EBX + 0x7f50ff],EDX	stride_relative_memory_access
1	record_a62x8	739	0x2E3	4		/undefined4	layout	none	2	2	0043FC50 FUN_0043fc50 @ 00440366 MOV EAX,dword ptr [ESI*0x2 + 0x7f5103] | 0043FC50 FUN_0043fc50 @ 0044038F MOV dword ptr [ECX*0x2 + 0x7f5103],EDX | 00443F30 STAllPlayersC::SaveAllPlData @ 00444388 MOV ECX,dword ptr [EDX + 0x2da] | 00444E70 FUN_00444e70 @ 004450E3 MOV dword ptr [EBX + 0x7f5103],EAX	stride_relative_memory_access
1	record_a62x8	743	0x2E7	4		/undefined4	layout	none	4	1	0042E210 STAllPlayersC::RegisterObject @ 0042E241 MOV EAX,dword ptr [EAX + 0x7f5107] | 0042E210 STAllPlayersC::RegisterObject @ 0042EC64 MOV dword ptr [EDX*0x2 + 0x7f5107],EAX | 0042F2B0 STAllPlayersC::UnRegisterObject @ 0042F2E5 MOV EAX,dword ptr [EAX + 0x7f5107] | 00430A90 STAllPlayersC::GetMessage @ 00431063 MOV EAX,dword ptr [ESI + 0x2e2] | 00493340 STBoatC::CheckForReplenisher @ 0049335E MOV EDI,dword ptr [EAX + 0x7f5107]	stride_relative_memory_access
1	record_a62x8	767	0x2FF	4		/undefined4	layout	none	0	1	004E51B0 FUN_004e51b0 @ 004E5220 MOV dword ptr [EBX + 0x7f511f],ECX	stride_relative_memory_access
1	record_a62x8	787	0x313	4		/undefined4	layout	none	0	1	004E5140 FUN_004e5140 @ 004E5167 MOV dword ptr [EAX + 0x7f5133],ECX	stride_relative_memory_access
1	record_a62x8	807	0x327	4		/undefined4	layout	none	7	2	004E51B0 FUN_004e51b0 @ 004E5302 CMP dword ptr [EBX + EAX*0x4 + 0x7f5147],ECX | 004E51B0 FUN_004e51b0 @ 004E530B MOV dword ptr [EBX + EAX*0x4 + 0x7f5147],ECX | 004E51B0 FUN_004e51b0 @ 004E54C5 CMP dword ptr [EBX + ECX*0x4 + 0x7f5147],EDX | 004E60D0 FUN_004e60d0 @ 004E6104 MOV EAX,dword ptr [EAX + EDX*0x2 + 0x7f5147] | 004E6210 FUN_004e6210 @ 004E6244 MOV ECX,dword ptr [EAX + EDX*0x2 + 0x7f5147] | 004E6310 FUN_004e6310 @ 004E6361 MOV dword ptr [EDI + EBX*0x4 + 0x7f5147],EDX | 004E6310 FUN_004e6310 @ 004E6377 MOV EAX,dword ptr [EDI + EBX*0x4 + 0x7f5147] | 004E6310 FUN_004e6310 @ 004E63B8 CMP dword ptr [EDI + ECX*0x4 + 0x7f5147],EDX | 004E6310 FUN_004e6310 @ 004E640A CMP dword ptr [EDI + EDX*0x4 + 0x7f5147],EBX	stride_relative_memory_access
1	record_a62x8	811	0x32B	4		/undefined4	layout	none	1	0	004E51B0 FUN_004e51b0 @ 004E543B MOV ESI,dword ptr [EBX + EAX*0x4 + 0x7f5147]	stride_relative_memory_access
1	record_a62x8	1427	0x593	4		/undefined4	layout	none	1	7	004E6010 FUN_004e6010 @ 004E6040 MOV EAX,dword ptr [EAX + EDX*0x2 + 0x7f53b3] | 004E6080 FUN_004e6080 @ 004E60B3 MOV dword ptr [EAX + EDX*0x2 + 0x7f53b3],ECX | 004E6680 FUN_004e6680 @ 004E6732 MOV dword ptr [EDX + ECX*0x4 + 0x7f53b3],0x1 | 004E6680 FUN_004e6680 @ 004E67FD MOV dword ptr [EDX + ECX*0x4 + 0x7f53b3],0x1 | 004E76E0 FUN_004e76e0 @ 004E77AD MOV dword ptr [EDX + ECX*0x4 + 0x7f53b3],0x0 | 004E76E0 FUN_004e76e0 @ 004E7818 MOV dword ptr [EDX + EAX*0x4 + 0x7f53b3],0x0 | 004E7980 FUN_004e7980 @ 004E7A74 MOV dword ptr [EAX + EDX*0x4 + 0x7f53b3],0x1 | 004E7980 FUN_004e7980 @ 004E7B08 MOV dword ptr [EAX + EDX*0x4 + 0x7f53b3],0x1	stride_relative_memory_access
1	record_a62x8	1851	0x73B	1		/undefined1	layout	none	4	2	004E51B0 FUN_004e51b0 @ 004E53BB MOV DL,byte ptr [EBX + ESI*0x1 + 0x7f555b] | 004E51B0 FUN_004e51b0 @ 004E53C8 MOV byte ptr [EBX + ESI*0x1 + 0x7f555b],AL | 004E5AF0 FUN_004e5af0 @ 004E5B46 MOV byte ptr [EDI + EAX*0x2 + 0x7f555b],CL | 004E5B80 FUN_004e5b80 @ 004E5BD3 MOV BL,byte ptr [EDI + ECX*0x2 + 0x7f555b] | 004E6140 FUN_004e6140 @ 004E616F MOV AL,byte ptr [ECX + EDX*0x2 + 0x7f555b] | 004E6FE0 FUN_004e6fe0 @ 004E7044 MOV CL,byte ptr [EDI + EDX*0x2 + 0x7f555b]	stride_relative_memory_access
1	record_a62x8	1852	0x73C	1		/undefined1	layout	none	1	0	004E51B0 FUN_004e51b0 @ 004E5442 MOV CL,byte ptr [EBX + EAX*0x1 + 0x7f555b]	stride_relative_memory_access
1	record_a62x8	2006	0x7D6	4		/undefined4	layout	none	4	2	00443F30 STAllPlayersC::SaveAllPlData @ 00444403 MOV ECX,dword ptr [EDX + 0x7cd] | 00444E70 FUN_00444e70 @ 00445167 MOV dword ptr [EBX + 0x7f55f6],ECX | 004DE820 FUN_004de820 @ 004DE9AB MOV ECX,dword ptr [ECX*0x2 + 0x7f55f6] | 004DEA40 FUN_004dea40 @ 004DEA69 MOV ECX,dword ptr [ECX*0x2 + 0x7f55f6] | 004E5140 FUN_004e5140 @ 004E5179 MOV dword ptr [EAX + 0x7f55f6],ECX | 004EA870 FUN_004ea870 @ 004EA8E9 MOV ECX,dword ptr [EAX + 0x7f55f6]	stride_relative_memory_access
1	record_a62x8	2010	0x7DA	4		/undefined4	layout	none	7	1	004D78E0 FUN_004d78e0 @ 004D792F MOV EBX,dword ptr [ECX] | 004D78E0 FUN_004d78e0 @ 004D798E MOV EAX,dword ptr [ECX + -0x34] | 004D78E0 FUN_004d78e0 @ 004D79AA MOV EAX,dword ptr [ECX + -0x34] | 004D78E0 FUN_004d78e0 @ 004D79C6 MOV EAX,dword ptr [ECX + -0x34] | 004D78E0 FUN_004d78e0 @ 004D79E3 MOV EAX,dword ptr [ECX + -0x34] | 004D78E0 FUN_004d78e0 @ 004D7A6B SUB ESI,dword ptr [ECX + -0x34] | 004D8080 FUN_004d8080 @ 004D80AA MOV dword ptr [EDI + ESI*0x2 + 0x7f55fa],EAX | 004D80D0 FUN_004d80d0 @ 004D80F2 MOV EAX,dword ptr [EDX + ECX*0x2 + 0x7f55fa]	stride_relative_memory_access
1	record_a62x8	2014	0x7DE	4		/int	medium	none	0	0	hash-intact generated record field	existing_generated_field_baseline
1	record_a62x8	2018	0x7E2	4		/int	medium	none	0	0	hash-intact generated record field	existing_generated_field_baseline
1	record_a62x8	2022	0x7E6	4		/int	medium	none	0	0	hash-intact generated record field	existing_generated_field_baseline
1	record_a62x8	2026	0x7EA	4		/int	medium	none	0	0	hash-intact generated record field	existing_generated_field_baseline
1	record_a62x8	2034	0x7F2	4		/undefined4	layout	none	7	12	004D7570 FUN_004d7570 @ 004D759F MOV dword ptr [EAX + 0x7f5612],ESI | 004D7570 FUN_004d7570 @ 004D75A5 MOV EDX,dword ptr [EAX + 0x7f5612] | 004D7570 FUN_004d7570 @ 004D75CB MOV dword ptr [EAX + 0x7f5612],EDX | 004D7570 FUN_004d7570 @ 004D7659 MOV EDX,dword ptr [EAX + 0x7f5612] | 004D76E0 FUN_004d76e0 @ 004D7711 MOV dword ptr [EAX + 0x7f5612],ECX | 004D76E0 FUN_004d76e0 @ 004D7717 MOV ESI,dword ptr [EAX + 0x7f5612] | 004D76E0 FUN_004d76e0 @ 004D773D MOV dword ptr [EAX + 0x7f5612],ESI | 004D7C10 FUN_004d7c10 @ 004D7C4D MOV dword ptr [ESI + 0x7f5612],EDI | 004D7C10 FUN_004d7c10 @ 004D7C53 MOV ECX,dword ptr [ESI + 0x7f5612] | 004D7C10 FUN_004d7c10 @ 004D7C75 MOV dword ptr [ESI + 0x7f5612],ECX | 004D7D30 FUN_004d7d30 @ 004D7D6D MOV dword ptr [ESI + 0x7f5612],EDI | 004D7D30 FUN_004d7d30 @ 004D7D73 MOV ECX,dword ptr [ESI + 0x7f5612] | 004D7D30 FUN_004d7d30 @ 004D7D95 MOV dword ptr [ESI + 0x7f5612],ECX | 004D7E50 FUN_004d7e50 @ 004D7E8D MOV dword ptr [ESI + 0x7f5612],EDI | 004D7E50 FUN_004d7e50 @ 004D7E93 MOV ECX,dword ptr [ESI + 0x7f5612] | 004D7E50 FUN_004d7e50 @ 004D7EB5 MOV dword ptr [ESI + 0x7f5612],ECX | 004D7F70 FUN_004d7f70 @ 004D7FAB MOV dword ptr [ESI + 0x7f5612],EDI | 004D7F70 FUN_004d7f70 @ 004D7FB1 MOV EDX,dword ptr [ESI + 0x7f5612] | 004D7F70 FUN_004d7f70 @ 004D7FD3 MOV dword ptr [ESI + 0x7f5612],EDX	stride_relative_memory_access
1	record_a62x8	2038	0x7F6	4		/int	medium	none	0	0	hash-intact generated record field	existing_generated_field_baseline
1	record_a62x8	2042	0x7FA	4		/uint	medium	none	0	0	hash-intact generated record field	existing_generated_field_baseline
1	record_a62x8	2058	0x80A	4		/int	medium	none	0	0	hash-intact generated record field	existing_generated_field_baseline
1	record_a62x8	2062	0x80E	4		/int	medium	none	0	0	hash-intact generated record field	existing_generated_field_baseline
1	record_a62x8	2066	0x812	4		/int	medium	none	0	0	hash-intact generated record field	existing_generated_field_baseline
1	record_a62x8	2070	0x816	4		/int	medium	none	0	0	hash-intact generated record field	existing_generated_field_baseline
1	record_a62x8	2074	0x81A	4		/int	medium	none	0	0	hash-intact generated record field	existing_generated_field_baseline
1	record_a62x8	2078	0x81E	4		/undefined4	layout	none	5	0	004D78E0 FUN_004d78e0 @ 004D792F MOV EBX,dword ptr [ECX] | 004D78E0 FUN_004d78e0 @ 004D798E MOV EAX,dword ptr [ECX + -0x34] | 004D78E0 FUN_004d78e0 @ 004D79AA MOV EAX,dword ptr [ECX + -0x34] | 004D78E0 FUN_004d78e0 @ 004D79C6 MOV EAX,dword ptr [ECX + -0x34] | 004D78E0 FUN_004d78e0 @ 004D79E3 MOV EAX,dword ptr [ECX + -0x34]	stride_relative_memory_access
1	record_a62x8	2082	0x822	4		/undefined4	layout	none	1	0	004D78E0 FUN_004d78e0 @ 004D79FB MOV EDX,dword ptr [ECX + -0x30]	stride_relative_memory_access
1	record_a62x8	2086	0x826	4		/undefined4	layout	none	1	0	004D78E0 FUN_004d78e0 @ 004D7A0D MOV EDX,dword ptr [ECX + -0x2c]	stride_relative_memory_access
1	record_a62x8	2090	0x82A	4		/undefined4	layout	none	1	0	004D78E0 FUN_004d78e0 @ 004D7A1F MOV EDX,dword ptr [ECX + -0x28]	stride_relative_memory_access
1	record_a62x8	2094	0x82E	4		/undefined4	layout	none	1	0	004D78E0 FUN_004d78e0 @ 004D7A31 MOV EDX,dword ptr [ECX + -0x24]	stride_relative_memory_access
1	record_a62x8	2110	0x83E	4		/undefined4	layout	none	2	0	004D78E0 FUN_004d78e0 @ 004D7928 MOV EBX,dword ptr [ECX + 0x20] | 004D78E0 FUN_004d78e0 @ 004D797E MOV EAX,dword ptr [ECX + -0x14]	stride_relative_memory_access
1	record_a62x8	2130	0x852	4		/undefined4	layout	none	2	0	004D78E0 FUN_004d78e0 @ 004D7933 MOV EBX,dword ptr [ECX + 0x34] | 004D78E0 FUN_004d78e0 @ 004D79F9 MOV EAX,dword ptr [ECX]	stride_relative_memory_access
1	record_a62x8	2134	0x856	4		/undefined4	layout	none	3	0	004D78E0 FUN_004d78e0 @ 004D7938 MOV EBX,dword ptr [ECX + 0x38] | 004D78E0 FUN_004d78e0 @ 004D79A3 MOV EAX,dword ptr [ECX + 0x4] | 004D78E0 FUN_004d78e0 @ 004D7A0A MOV EAX,dword ptr [ECX + 0x4]	stride_relative_memory_access
1	record_a62x8	2138	0x85A	4		/undefined4	layout	none	3	0	004D78E0 FUN_004d78e0 @ 004D793E MOV EBX,dword ptr [ECX + 0x3c] | 004D78E0 FUN_004d78e0 @ 004D79BF MOV EAX,dword ptr [ECX + 0x8] | 004D78E0 FUN_004d78e0 @ 004D7A1C MOV EAX,dword ptr [ECX + 0x8]	stride_relative_memory_access
1	record_a62x8	2142	0x85E	4		/undefined4	layout	none	3	0	004D78E0 FUN_004d78e0 @ 004D7944 MOV EBX,dword ptr [ECX + 0x40] | 004D78E0 FUN_004d78e0 @ 004D79DC MOV EAX,dword ptr [ECX + 0xc] | 004D78E0 FUN_004d78e0 @ 004D7A2E MOV EAX,dword ptr [ECX + 0xc]	stride_relative_memory_access
1	record_a62x8	2418	0x972	4		/undefined4	layout	none	10	1	00443F30 STAllPlayersC::SaveAllPlData @ 00444422 MOV ECX,dword ptr [EDX + 0x969] | 00444E70 FUN_00444e70 @ 00445186 MOV dword ptr [EBX + 0x7f5792],EDX | 004B7080 FUN_004b7080 @ 004B709C MOV EDI,dword ptr [ESI*0x2 + 0x7f5792] | 004B7080 FUN_004b7080 @ 004B70B8 MOV EAX,dword ptr [ESI] | 004B70D0 FUN_004b70d0 @ 004B70EC MOV EDI,dword ptr [ESI*0x2 + 0x7f5792] | 004B70D0 FUN_004b70d0 @ 004B7110 MOV EAX,dword ptr [ESI] | 004B7140 FUN_004b7140 @ 004B718B MOV EAX,dword ptr [EDI] | 004B71C0 FUN_004b71c0 @ 004B71D5 MOV EAX,dword ptr [ECX*0x2 + 0x7f5792] | 004D8B70 FUN_004d8b70 @ 004D8C28 MOV EDI,dword ptr [ESI + 0x7f5792] | 004DA390 FUN_004da390 @ 004DA5D1 MOV EDI,dword ptr [ECX + 0x7f5792] | 004DA390 FUN_004da390 @ 004DA7A4 MOV EDI,dword ptr [ECX + 0x7f5792]	stride_relative_memory_access
1	record_a62x8	2422	0x976	4		/undefined4	layout	none	9	1	00443F30 STAllPlayersC::SaveAllPlData @ 00444434 MOV ECX,dword ptr [EDX + 0x96d] | 00444E70 FUN_00444e70 @ 00445192 MOV dword ptr [EBX + 0x7f5796],ECX | 004B71F0 FUN_004b71f0 @ 004B720C MOV EDI,dword ptr [ESI*0x2 + 0x7f5796] | 004B71F0 FUN_004b71f0 @ 004B7228 MOV EAX,dword ptr [ESI] | 004B7240 FUN_004b7240 @ 004B725C MOV EDI,dword ptr [ESI*0x2 + 0x7f5796] | 004B7240 FUN_004b7240 @ 004B7280 MOV EAX,dword ptr [ESI] | 004B72B0 FUN_004b72b0 @ 004B72C5 MOV EAX,dword ptr [ECX*0x2 + 0x7f5796] | 004D8B70 FUN_004d8b70 @ 004D8C2E MOV EDX,dword ptr [ESI + 0x7f5796] | 004DA390 FUN_004da390 @ 004DA5D7 MOV EDX,dword ptr [ECX + 0x7f5796] | 004DA390 FUN_004da390 @ 004DA7AA MOV EDX,dword ptr [ECX + 0x7f5796]	stride_relative_memory_access
1	record_a62x8	2426	0x97A	4		/undefined4	layout	none	6	1	004B6E30 FUN_004b6e30 @ 004B6E97 MOV EAX,dword ptr [EBX + EDX*0x1 + 0x7f579a] | 004B6E30 FUN_004b6e30 @ 004B6EB7 MOV EDX,dword ptr [ESI + EAX*0x1 + 0x7f579a] | 004B6E30 FUN_004b6e30 @ 004B6ECA MOV dword ptr [ESI + EAX*0x1 + 0x7f579a],EDX | 004B6E30 FUN_004b6e30 @ 004B6F04 MOV EDI,dword ptr [ESI] | 004B7750 FUN_004b7750 @ 004B785E MOV ECX,dword ptr [ESI + EAX*0x4 + 0x7f579a] | 004B7750 FUN_004b7750 @ 004B7865 MOV EAX,dword ptr [ESI + EDX*0x4 + 0x7f579a] | 004BEA70 TLOBaseTy::FUN_004bea70 @ 004C0829 MOV DL,byte ptr [ECX*0x2 + 0x7f579a]	stride_relative_memory_access
1	record_a62x8	2430	0x97E	4		/undefined4	layout	none	4	1	004B6E30 FUN_004b6e30 @ 004B6E97 MOV EAX,dword ptr [EBX + EDX*0x1 + 0x7f579a] | 004B6E30 FUN_004b6e30 @ 004B6EB7 MOV EDX,dword ptr [ESI + EAX*0x1 + 0x7f579a] | 004B6E30 FUN_004b6e30 @ 004B6ECA MOV dword ptr [ESI + EAX*0x1 + 0x7f579a],EDX | 004B6E30 FUN_004b6e30 @ 004B6F04 MOV EDI,dword ptr [ESI] | 004BEA70 TLOBaseTy::FUN_004bea70 @ 004C0844 MOV DL,byte ptr [ECX*0x2 + 0x7f579e]	stride_relative_memory_access
1	record_a62x8	2434	0x982	4		/undefined4	layout	none	2	0	004B6E30 FUN_004b6e30 @ 004B6E97 MOV EAX,dword ptr [EBX + EDX*0x1 + 0x7f579a] | 004BEA70 TLOBaseTy::FUN_004bea70 @ 004C085F MOV DL,byte ptr [ECX*0x2 + 0x7f57a2]	stride_relative_memory_access
1	record_a62x8	2438	0x986	4		/undefined4	layout	none	2	0	004B6E30 FUN_004b6e30 @ 004B6E97 MOV EAX,dword ptr [EBX + EDX*0x1 + 0x7f579a] | 004BEA70 TLOBaseTy::FUN_004bea70 @ 004C087A MOV DL,byte ptr [ECX*0x2 + 0x7f57a6]	stride_relative_memory_access
1	record_a62x8	2442	0x98A	4		/undefined4	layout	none	2	0	004B6E30 FUN_004b6e30 @ 004B6E97 MOV EAX,dword ptr [EBX + EDX*0x1 + 0x7f579a] | 004BEA70 TLOBaseTy::FUN_004bea70 @ 004C0895 MOV DL,byte ptr [ECX*0x2 + 0x7f57aa]	stride_relative_memory_access
1	record_a62x8	2446	0x98E	4		/undefined4	layout	none	3	2	004B6E30 FUN_004b6e30 @ 004B6E97 MOV EAX,dword ptr [EBX + EDX*0x1 + 0x7f579a] | 004B6E30 FUN_004b6e30 @ 004B6EBE MOV EDI,dword ptr [EBX + EAX*0x1 + 0x7f579a] | 004B6E30 FUN_004b6e30 @ 004B6EEA MOV dword ptr [EBX + EDX*0x2 + 0x7f579a],0x0 | 004B6E30 FUN_004b6e30 @ 004B6F1C MOV dword ptr [EBX + EDX*0x1 + 0x7f579a],EAX | 004BEA70 TLOBaseTy::FUN_004bea70 @ 004C08B0 MOV DL,byte ptr [ECX*0x2 + 0x7f57ae]	stride_relative_memory_access
1	record_a62x8	2450	0x992	4		pointer:/SubmarineTitans/Recovered/DArrayTy	medium	none	0	0	hash-intact generated record field	existing_generated_field_baseline
1	record_a62x8	2454	0x996	4		/undefined4	layout	none	5	3	00443F30 STAllPlayersC::SaveAllPlData @ 0044444D MOV ECX,dword ptr [EDX + 0x98d] | 00444E70 FUN_00444e70 @ 004451B1 MOV dword ptr [EBX + 0x7f57b6],EDX | 004D86A0 FUN_004d86a0 @ 004D86F5 MOV dword ptr [EAX + 0x7f57b6],ESI | 004E41C0 FUN_004e41c0 @ 004E41D4 MOV EAX,dword ptr [ECX*0x2 + 0x7f57b6] | 004E41F0 FUN_004e41f0 @ 004E4207 MOV dword ptr [ECX*0x2 + 0x7f57b6],EAX | 004E4230 FUN_004e4230 @ 004E424E MOV ECX,dword ptr [ECX*0x2 + 0x7f57b6] | 004E4330 FUN_004e4330 @ 004E434E MOV ECX,dword ptr [ECX*0x2 + 0x7f57b6] | 004E4330 FUN_004e4330 @ 004E4361 MOV EAX,dword ptr [EAX]	stride_relative_memory_access
1	record_a62x8	2458	0x99A	4		/undefined4	layout	none	4	1	00443F30 STAllPlayersC::SaveAllPlData @ 0044445F MOV ECX,dword ptr [EDX + 0x991] | 00444E70 FUN_00444e70 @ 004451BD MOV dword ptr [EBX + 0x7f57ba],ECX | 004E4090 FUN_004e4090 @ 004E40A4 MOV EAX,dword ptr [ECX*0x2 + 0x7f57ba] | 004E40C0 FUN_004e40c0 @ 004E40DB MOV ECX,dword ptr [ECX*0x2 + 0x7f57ba] | 004E4100 FUN_004e4100 @ 004E411B MOV ECX,dword ptr [ECX*0x2 + 0x7f57ba]	stride_relative_memory_access
1	record_a62x8	2462	0x99E	4		/undefined4	layout	none	7	3	00443F30 STAllPlayersC::SaveAllPlData @ 0044446B MOV ECX,dword ptr [EDX + 0x995] | 00444E70 FUN_00444e70 @ 004451C9 MOV dword ptr [EBX + 0x7f57be],EDX | 004D78E0 FUN_004d78e0 @ 004D7956 MOV EDX,dword ptr [EAX + 0x7f57be] | 004D86A0 FUN_004d86a0 @ 004D86EF MOV dword ptr [EAX + 0x7f57be],EDI | 004D8B70 FUN_004d8b70 @ 004D8C00 MOV EAX,dword ptr [ESI + 0x7f57be] | 004E4380 FUN_004e4380 @ 004E439E MOV ECX,dword ptr [ECX*0x2 + 0x7f57be] | 004E43C0 FUN_004e43c0 @ 004E43DE MOV ECX,dword ptr [ECX*0x2 + 0x7f57be] | 004E43C0 FUN_004e43c0 @ 004E43F1 MOV EAX,dword ptr [EAX] | 004E4410 FUN_004e4410 @ 004E4424 MOV EAX,dword ptr [ECX*0x2 + 0x7f57be] | 004E4440 FUN_004e4440 @ 004E4457 MOV dword ptr [ECX*0x2 + 0x7f57be],EAX	stride_relative_memory_access
1	record_a62x8	2466	0x9A2	4		/undefined4	layout	none	5	2	004EB010 STAllPlayersC::sub_004EB010 @ 004EB0A7 MOV dword ptr [ECX + EDI*0x1 + 0x7f57c2],EBX | 004EB010 STAllPlayersC::sub_004EB010 @ 004EB0C4 MOV dword ptr [EDI + EAX*0x8 + 0x7f57c2],ECX | 004EB150 FUN_004eb150 @ 004EB22D MOV EDX,dword ptr [ESI] | 004EB300 FUN_004eb300 @ 004EB418 MOV ECX,dword ptr [EDX*0x2 + 0x7f57c2] | 004EB300 FUN_004eb300 @ 004EB52A IDIV dword ptr [ECX*0x2 + 0x7f57c2] | 004EB600 FUN_004eb600 @ 004EB645 MOV EDI,dword ptr [EAX + 0x7f57c2] | 004EB600 FUN_004eb600 @ 004EB67E MOV AX,word ptr [EDX + EDI*0x2 + 0x7f57ba]	stride_relative_memory_access
1	record_a62x8	2470	0x9A6	4		/int	medium	none	0	0	hash-intact generated record field	existing_generated_field_baseline
1	record_a62x8	2474	0x9AA	4		/undefined4	layout	none	5	0	004EB150 FUN_004eb150 @ 004EB22D MOV EDX,dword ptr [ESI] | 004EB300 FUN_004eb300 @ 004EB37C MOV ECX,dword ptr [EAX*0x2 + 0x7f57ca] | 004EB300 FUN_004eb300 @ 004EB4B4 MOV EBX,dword ptr [EDX*0x2 + 0x7f57ca] | 004EB600 FUN_004eb600 @ 004EB645 MOV EDI,dword ptr [EAX + 0x7f57c2] | 004EB600 FUN_004eb600 @ 004EB67E MOV AX,word ptr [EDX + EDI*0x2 + 0x7f57ba]	stride_relative_memory_access
1	record_a62x8	2478	0x9AE	4		/undefined4	layout	none	1	0	004EB600 FUN_004eb600 @ 004EB64B MOV EAX,dword ptr [EAX + 0x7f57c6]	stride_relative_memory_access
1	record_a62x8	2482	0x9B2	4		/int	medium	none	0	0	hash-intact generated record field	existing_generated_field_baseline
1	record_a62x8	2486	0x9B6	4		/undefined4	layout	none	1	0	004EB600 FUN_004eb600 @ 004EB64B MOV EAX,dword ptr [EAX + 0x7f57c6]	stride_relative_memory_access
1	record_a62x8	2490	0x9BA	4		/int	medium	none	0	0	hash-intact generated record field	existing_generated_field_baseline
1	record_a62x8	2498	0x9C2	4		/undefined4	layout	none	1	2	004EB010 STAllPlayersC::sub_004EB010 @ 004EB0F3 MOV dword ptr [EDI + 0x7f57e2],EDX | 004EB150 FUN_004eb150 @ 004EB191 MOV EAX,dword ptr [EBX + 0x7f57e2] | 004EB150 FUN_004eb150 @ 004EB1A9 MOV dword ptr [EBX + 0x7f57e2],ESI	stride_relative_memory_access
1	record_a62x8	2502	0x9C6	4		/undefined4	layout	none	4	3	004EB010 STAllPlayersC::sub_004EB010 @ 004EB036 MOV dword ptr [EDI + 0x7f57e6],ESI | 004EB010 STAllPlayersC::sub_004EB010 @ 004EB05B MOV EAX,dword ptr [EDI + 0x7f57e6] | 004EB150 FUN_004eb150 @ 004EB1D0 MOV EDX,dword ptr [EBX + 0x7f57e6] | 004EB150 FUN_004eb150 @ 004EB1DF MOV dword ptr [EBX + 0x7f57e6],ECX | 004EB150 FUN_004eb150 @ 004EB1FD MOV ECX,dword ptr [EBX + 0x7f57e6] | 004EB150 FUN_004eb150 @ 004EB20C MOV dword ptr [EBX + 0x7f57e6],EAX | 004EB150 FUN_004eb150 @ 004EB235 MOV EAX,dword ptr [EBX + 0x7f57e6]	stride_relative_memory_access
1	record_a62x8	2506	0x9CA	4		/int	medium	none	0	0	hash-intact generated record field	existing_generated_field_baseline
1	record_a62x8	2510	0x9CE	4		pointer:/SubmarineTitans/Recovered/DArrayTy	medium	none	0	0	hash-intact generated record field	existing_generated_field_baseline
1	record_a62x8	2514	0x9D2	4		pointer:/SubmarineTitans/Recovered/DArrayTy	medium	none	0	0	hash-intact generated record field	existing_generated_field_baseline
1	record_a62x8	2518	0x9D6	4		pointer:/SubmarineTitans/Recovered/DArrayTy	medium	none	0	0	hash-intact generated record field	existing_generated_field_baseline
1	record_a62x8	2522	0x9DA	4		pointer:/SubmarineTitans/Recovered/DArrayTy	medium	none	0	0	hash-intact generated record field	existing_generated_field_baseline
1	record_a62x8	2526	0x9DE	4		pointer:/SubmarineTitans/Recovered/DArrayTy	medium	none	0	0	hash-intact generated record field	existing_generated_field_baseline
1	record_a62x8	2530	0x9E2	4		pointer:/SubmarineTitans/Recovered/DArrayTy	medium	none	0	0	hash-intact generated record field	existing_generated_field_baseline
1	record_a62x8	2534	0x9E6	4		pointer:/SubmarineTitans/Recovered/DArrayTy	medium	none	0	0	hash-intact generated record field	existing_generated_field_baseline
1	record_a62x8	2538	0x9EA	4		pointer:/SubmarineTitans/Recovered/DArrayTy	medium	none	0	0	hash-intact generated record field	existing_generated_field_baseline
1	record_a62x8	2542	0x9EE	4		pointer:/SubmarineTitans/Recovered/DArrayTy	medium	none	0	0	hash-intact generated record field	existing_generated_field_baseline
1	record_a62x8	2546	0x9F2	4		pointer:/SubmarineTitans/Recovered/DArrayTy	medium	none	0	0	hash-intact generated record field	existing_generated_field_baseline
1	record_a62x8	2550	0x9F6	4		/undefined4	layout	none	13	3	004354E0 STAllPlayersC::ReplaceObject @ 004355A8 MOV ECX,dword ptr [ECX*0x2 + 0x7f5816] | 00443F30 STAllPlayersC::SaveAllPlData @ 00444099 MOV EAX,dword ptr [EAX + 0x839] | 00444E70 FUN_00444e70 @ 0044529B MOV dword ptr [EBX + 0x7f5816],EAX | 00444E70 FUN_00444e70 @ 00445319 MOV ECX,dword ptr [EBX + 0x7f5816] | 00444E70 FUN_00444e70 @ 0044542E MOV dword ptr [EBX + 0x7f5816],EDI | 00445A40 STAllPlayersC::RegisterPGPair @ 00445D60 MOV EAX,dword ptr [EDX*0x2 + 0x7f5816] | 00445A40 STAllPlayersC::RegisterPGPair @ 00445F44 MOV EAX,dword ptr [ECX*0x2 + 0x7f5816] | 00445A40 STAllPlayersC::RegisterPGPair @ 00445F65 MOV EAX,dword ptr [EDI] | 004461B0 STAllPlayersC::_DeleteGuardBoat @ 004461DF MOV EDX,dword ptr [ECX*0x2 + 0x7f5816] | 00446520 STAllPlayersC::DeleteGuardBoat @ 00446548 MOV EDX,dword ptr [ECX*0x2 + 0x7f5816] | 00446910 STAllPlayersC::DeletePGPairs @ 00446935 MOV EDX,dword ptr [ECX*0x2 + 0x7f5816] | 00446910 STAllPlayersC::DeletePGPairs @ 004469B1 MOV dword ptr [ECX*0x2 + 0x7f5816],0x0 | 00446AA0 STAllPlayersC::OptimizeGuardBoats @ 00446AC0 MOV ECX,dword ptr [EAX + 0x7f5816] | 00446F80 STAllPlayersC::DistributeGuardBoats @ 00446FA3 MOV ECX,dword ptr [EAX + 0x7f5816] | 00449A90 FUN_00449a90 @ 00449AAB MOV ESI,dword ptr [ECX*0x2 + 0x7f5816] | 004A0FA0 STGroupBoatC::RechargeNewCmd @ 004A1D07 MOV ECX,dword ptr [ECX*0x2 + 0x7f5816]	stride_relative_memory_access
1	record_a62x8	2554	0x9FA	4		/undefined4	layout	none	2	3	00444E70 FUN_00444e70 @ 0044524A MOV dword ptr [EBX + 0x7f581a],EDI | 00446AA0 STAllPlayersC::OptimizeGuardBoats @ 00446AC6 MOV EAX,dword ptr [EAX + 0x7f581a] | 00446AA0 STAllPlayersC::OptimizeGuardBoats @ 00446CD4 MOV dword ptr [EDX*0x2 + 0x7f581a],EAX | 00446F80 STAllPlayersC::DistributeGuardBoats @ 00446FB2 MOV ECX,dword ptr [EAX + 0x7f581a] | 00446F80 STAllPlayersC::DistributeGuardBoats @ 00447C08 MOV dword ptr [ECX + 0x7f581a],EBX	stride_relative_memory_access
1	record_a62x8	2558	0x9FE	4		/undefined4	layout	none	1	3	00444E70 FUN_00444e70 @ 00445250 MOV dword ptr [EBX + 0x7f581e],EDI | 00446F80 STAllPlayersC::DistributeGuardBoats @ 00446FA9 MOV EDX,dword ptr [EAX + 0x7f581e] | 00446F80 STAllPlayersC::DistributeGuardBoats @ 0044706C MOV dword ptr [EBX + 0x7f581e],ECX | 00446F80 STAllPlayersC::DistributeGuardBoats @ 00447C52 MOV dword ptr [ECX + 0x7f581e],EBX	stride_relative_memory_access
1	record_a62x8	2562	0xA02	4		/undefined4	layout	none	1	4	00444E70 FUN_00444e70 @ 00445256 MOV dword ptr [EBX + 0x7f5822],EDI | 00446F80 STAllPlayersC::DistributeGuardBoats @ 00446FB8 MOV EAX,dword ptr [EAX + 0x7f5822] | 00446F80 STAllPlayersC::DistributeGuardBoats @ 004473CA MOV dword ptr [EBX + 0x7f5822],0x0 | 00446F80 STAllPlayersC::DistributeGuardBoats @ 004473F7 MOV dword ptr [EBX + 0x7f5822],EDI | 00446F80 STAllPlayersC::DistributeGuardBoats @ 00447C9C MOV dword ptr [ECX + 0x7f5822],EBX	stride_relative_memory_access
1	record_a62x8	2566	0xA06	4		/undefined4	layout	none	0	3	00444E70 FUN_00444e70 @ 0044525C MOV dword ptr [EBX + 0x7f5826],EDI | 00446F80 STAllPlayersC::DistributeGuardBoats @ 00447551 MOV dword ptr [ECX + 0x7f5826],EDI | 00446F80 STAllPlayersC::DistributeGuardBoats @ 00447D1C MOV dword ptr [EAX + 0x7f5826],EBX	stride_relative_memory_access
1	record_a62x8	2570	0xA0A	4		/undefined4	layout	none	2	2	00430A90 STAllPlayersC::GetMessage @ 00430D66 MOV EDX,dword ptr [EDI] | 00443F30 STAllPlayersC::SaveAllPlData @ 004448EB MOV EDX,dword ptr [EAX + 0x14] | 00444E70 FUN_00444e70 @ 00445268 MOV dword ptr [EBX + 0x7f582a],ECX | 00446F80 STAllPlayersC::DistributeGuardBoats @ 00447B6C MOV dword ptr [EDX + 0x7f582a],ECX	stride_relative_memory_access
1	record_a62x8	2574	0xA0E	4		/undefined4	layout	none	9	4	004B9FA0 TLOBaseTy::GetMessage @ 004BCCCA MOV ECX,dword ptr [EAX + 0x7f582e] | 004BEA70 TLOBaseTy::FUN_004bea70 @ 004BF793 MOV EAX,dword ptr [ECX*0x2 + 0x7f582e] | 004BEA70 TLOBaseTy::FUN_004bea70 @ 004BF9E5 MOV EAX,dword ptr [ECX*0x2 + 0x7f582e] | 004BEA70 TLOBaseTy::FUN_004bea70 @ 004C0B08 MOV ECX,dword ptr [EAX + 0x7f582e] | 004DA390 FUN_004da390 @ 004DA4F2 CMP dword ptr [ESI + 0x7f582e],0x3 | 004DA9C0 FUN_004da9c0 @ 004DA9E4 MOV EAX,dword ptr [EDI] | 004DA9C0 FUN_004da9c0 @ 004DAA5E MOV dword ptr [EDI],0x0 | 004DA9C0 FUN_004da9c0 @ 004DAA79 MOV dword ptr [EDI],0x2 | 004DB020 FUN_004db020 @ 004DB036 MOV ECX,dword ptr [EAX + 0x7f582e] | 004DB020 FUN_004db020 @ 004DB049 MOV dword ptr [EAX + 0x7f582e],0x1 | 004DB0A0 FUN_004db0a0 @ 004DB0BB MOV ECX,dword ptr [ECX*0x2 + 0x7f582e] | 004DB0F0 FUN_004db0f0 @ 004DB106 CMP dword ptr [EAX + 0x7f582e],0x2 | 004DB0F0 FUN_004db0f0 @ 004DB115 MOV dword ptr [EAX + 0x7f582e],0x3	stride_relative_memory_access
1	record_a62x8	2578	0xA12	4		/undefined4	layout	none	1	1	004DA9C0 FUN_004da9c0 @ 004DAA4D MOV EAX,dword ptr [EDI + 0x4] | 004DB020 FUN_004db020 @ 004DB053 MOV dword ptr [EAX + 0x7f5832],ECX	stride_relative_memory_access
1	record_a62x8	2582	0xA16	4		/undefined4	layout	none	1	2	004BEA70 TLOBaseTy::FUN_004bea70 @ 004C0B1E MOV ECX,dword ptr [EAX + 0x7f5836] | 004DA9C0 FUN_004da9c0 @ 004DAA64 MOV dword ptr [EDI + 0x8],EDX | 004DB020 FUN_004db020 @ 004DB059 MOV dword ptr [EAX + 0x7f5836],0x0	stride_relative_memory_access
1	record_a62x8	2586	0xA1A	4		/undefined4	layout	none	3	2	004BEA70 TLOBaseTy::FUN_004bea70 @ 004C0B95 MOV EAX,dword ptr [EDX*0x2 + 0x7f583a] | 004DA390 FUN_004da390 @ 004DA51C MOV EDI,dword ptr [ESI + 0x7f583a] | 004DA9C0 FUN_004da9c0 @ 004DAA3A MOV ESI,dword ptr [EDI + 0xc] | 004DB020 FUN_004db020 @ 004DB069 MOV dword ptr [EAX + 0x7f583a],ECX | 004DB0F0 FUN_004db0f0 @ 004DB125 MOV dword ptr [EAX + 0x7f583a],EDX	stride_relative_memory_access
1	record_a62x8	2590	0xA1E	4		/undefined4	layout	none	1	1	004BEA70 TLOBaseTy::FUN_004bea70 @ 004C0BF8 MUL dword ptr [ECX*0x2 + 0x7f583e] | 004DA9C0 FUN_004da9c0 @ 004DAA81 MOV dword ptr [EDI + 0x10],EDX	stride_relative_memory_access
1	record_a62x8	2594	0xA22	4		/undefined4	layout	none	4	1	004DA9C0 FUN_004da9c0 @ 004DACB3 MOV EDX,dword ptr [ECX + -0x20] | 004DA9C0 FUN_004da9c0 @ 004DADA1 CMP ECX,dword ptr [EDX] | 004E7EB0 FUN_004e7eb0 @ 004E7EDD CMP ECX,dword ptr [EAX + 0x7f5842] | 004E7EB0 FUN_004e7eb0 @ 004E7EE5 MOV dword ptr [EAX + 0x7f5842],ECX | 004E7F20 FUN_004e7f20 @ 004E7F60 CMP EAX,dword ptr [EDX + ECX*0x2 + 0x7f5842]	stride_relative_memory_access
1	record_a62x8	2598	0xA26	4		/undefined4	layout	none	2	0	004DA9C0 FUN_004da9c0 @ 004DADA1 CMP ECX,dword ptr [EDX] | 004E7F20 FUN_004e7f20 @ 004E7F60 CMP EAX,dword ptr [EDX + ECX*0x2 + 0x7f5842]	stride_relative_memory_access
1	record_a62x8	2626	0xA42	4		/undefined4	layout	none	1	2	004DA9C0 FUN_004da9c0 @ 004DACC0 CMP dword ptr [EDX],0x0 | 004DA9C0 FUN_004da9c0 @ 004DACD4 MOV dword ptr [ECX],0x1 | 004E7EB0 FUN_004e7eb0 @ 004E7EEB MOV dword ptr [EAX + 0x7f5862],0x0	stride_relative_memory_access
