address	status	proposed_name	detail
00402E14	disabled	AiEventClassTy::sub_00402E14	all apply flags are 0
00405687	disabled	CursorClassTy::sub_00405687	all apply flags are 0
0040EB90	disabled	RuntimeRecord_007F4D3C_0014::sub_0040EB90	all apply flags are 0
00415B30	disabled		all apply flags are 0
00415ED0	disabled	STJellyGunC::sub_00415ED0	all apply flags are 0
00416240	disabled		all apply flags are 0
004162B0	disabled	STFishC::sub_004162B0	all apply flags are 0
004162F0	disabled	STFishC::sub_004162F0	all apply flags are 0
004167A0	disabled		all apply flags are 0
004176C0	disabled	STBoatC::sub_004176C0	all apply flags are 0
00417830	disabled		all apply flags are 0
00417910	disabled	STBoatC::sub_00417910	all apply flags are 0
00417A00	disabled		all apply flags are 0
00417A20	disabled		all apply flags are 0
00417D30	disabled	TLOBaseTy::sub_00417D30	all apply flags are 0
00417E70	disabled		all apply flags are 0
00417EE0	disabled		all apply flags are 0
00417FF0	disabled		all apply flags are 0
00418010	disabled		all apply flags are 0
00418030	disabled		all apply flags are 0
00419C70	disabled	TLOEmbryoTy::sub_00419C70	all apply flags are 0
00419CF0	disabled	TLOEmbryoTy::sub_00419CF0	all apply flags are 0
00419D30	disabled	TLOBaseTy::sub_00419D30	all apply flags are 0
0041C3F0	disabled	TLOEmbryoTy::sub_0041C3F0	all apply flags are 0
0041C5A0	disabled		all apply flags are 0
0041C710	disabled		all apply flags are 0
0041CAF0	disabled		all apply flags are 0
0041CDA0	disabled	VisibleClassTy::sub_0041CDA0	all apply flags are 0
0041D1A0	disabled	STMineSetC::sub_0041D1A0	all apply flags are 0
0041D2B0	disabled	STMineSetC::sub_0041D2B0	all apply flags are 0
0041D590	disabled	TLOBaseTy::sub_0041D590	all apply flags are 0
0041D6C0	disabled	STMineSetC::sub_0041D6C0	all apply flags are 0
0041D900	disabled	TLOEmbryoTy::sub_0041D900	all apply flags are 0
0041DC40	disabled		all apply flags are 0
0041DD00	disabled		all apply flags are 0
0041F630	disabled	TLOEmbryoTy::sub_0041F630	all apply flags are 0
0041F970	disabled	STSprGameObjC::sub_0041F970	all apply flags are 0
004232A0	disabled	STGroupBoatC::sub_004232A0	all apply flags are 0
00423E00	disabled	STGroupC::sub_00423E00	all apply flags are 0
0042A990	disabled	STAllPlayersC::sub_0042A990	all apply flags are 0
0042A9C0	disabled	STAllPlayersC::sub_0042A9C0	all apply flags are 0
0042A9F0	disabled	STAllPlayersC::sub_0042A9F0	all apply flags are 0
0042B5B0	disabled	STAllPlayersC::sub_0042B5B0	all apply flags are 0
0042B760	disabled	STAllPlayersC::sub_0042B760	all apply flags are 0
0042C300	disabled	STAllPlayersC::sub_0042C300	all apply flags are 0
00430750	disabled	STAllPlayersC::sub_00430750	all apply flags are 0
00430910	disabled	STAllPlayersC::sub_00430910	all apply flags are 0
004353B0	disabled	STAllPlayersC::sub_004353B0	all apply flags are 0
004357B0	disabled	STAllPlayersC::sub_004357B0	all apply flags are 0
004357F0	disabled	STAllPlayersC::sub_004357F0	all apply flags are 0
00435850	disabled	STAllPlayersC::sub_00435850	all apply flags are 0
0043E420	disabled	STAllPlayersC::sub_0043E420	all apply flags are 0
0043E460	disabled	STAllPlayersC::sub_0043E460	all apply flags are 0
0043E640	disabled	STAllPlayersC::sub_0043E640	all apply flags are 0
0043EC20	disabled	STAllPlayersC::sub_0043EC20	all apply flags are 0
0043F7B0	disabled	STAllPlayersC::sub_0043F7B0	all apply flags are 0
0043FC50	disabled	STAllPlayersC::sub_0043FC50	all apply flags are 0
00440700	disabled	STAllPlayersC::sub_00440700	all apply flags are 0
004407A0	disabled	STAllPlayersC::sub_004407A0	all apply flags are 0
00440820	disabled	STAllPlayersC::sub_00440820	all apply flags are 0
00444E70	disabled	STAllPlayersC::sub_00444E70	all apply flags are 0
00449A90	disabled	STAllPlayersC::sub_00449A90	all apply flags are 0
0044CC90	disabled	STAllPlayersC::sub_0044CC90	all apply flags are 0
0044CD20	disabled	STAllPlayersC::sub_0044CD20	all apply flags are 0
0044CDB0	disabled	STAllPlayersC::sub_0044CDB0	all apply flags are 0
0044E1B0	disabled	STAllPlayersC::sub_0044E1B0	all apply flags are 0
0044E1F0	disabled	STAllPlayersC::sub_0044E1F0	all apply flags are 0
0044E220	disabled	STAllPlayersC::sub_0044E220	all apply flags are 0
0044E260	disabled	STAllPlayersC::sub_0044E260	all apply flags are 0
0045F6C0	disabled	STBoatC::sub_0045F6C0	all apply flags are 0
0045FF50	disabled	STBoatC::sub_0045FF50	all apply flags are 0
00460260	disabled	STBoatC::sub_00460260	all apply flags are 0
004602B0	disabled	STBoatC::sub_004602B0	all apply flags are 0
00460360	disabled	STBoatC::sub_00460360	all apply flags are 0
00481520	disabled	STBoatC::sub_00481520	all apply flags are 0
0048D930	disabled	STBoatC::sub_0048D930	all apply flags are 0
0048DBA0	disabled	STBoatC::sub_0048DBA0	all apply flags are 0
0048DFD0	disabled	STBoatC::sub_0048DFD0	all apply flags are 0
00490570	disabled	STBoatC::sub_00490570	all apply flags are 0
00490CD0	disabled	STBoatC::sub_00490CD0	all apply flags are 0
00492390	disabled	STBoatC::sub_00492390	all apply flags are 0
00492420	disabled	STBoatC::sub_00492420	all apply flags are 0
004926C0	disabled	STBoatC::sub_004926C0	all apply flags are 0
004939B0	disabled	STBoatC::sub_004939B0	all apply flags are 0
00493CD0	disabled		all apply flags are 0
004952E0	disabled	STBoatC::sub_004952E0	all apply flags are 0
00495E50	disabled	DumpClassC::sub_00495E50	all apply flags are 0
00495EA0	disabled	DumpClassC::sub_00495EA0	all apply flags are 0
00495FF0	disabled	DumpClassC::sub_00495FF0	all apply flags are 0
004960D0	disabled	DumpClassC::sub_004960D0	all apply flags are 0
00496140	disabled	DumpClassC::sub_00496140	all apply flags are 0
004961B0	disabled	DumpClassC::sub_004961B0	all apply flags are 0
00496250	disabled	DumpClassC::sub_00496250	all apply flags are 0
00496CC0	disabled	DumpClassC::sub_00496CC0	all apply flags are 0
00496E40	disabled	DumpClassC::sub_00496E40	all apply flags are 0
00497000	disabled	DumpClassC::sub_00497000	all apply flags are 0
00497030	disabled	DumpClassC::sub_00497030	all apply flags are 0
00497850	disabled	DumpClassC::sub_00497850	all apply flags are 0
0049A500	disabled	STGroupBoatC::sub_0049A500	all apply flags are 0
004A7E30	disabled	STGroupBoatC::sub_004A7E30	all apply flags are 0
004A8E00	disabled	OpticClassC::sub_004A8E00	all apply flags are 0
004A8F20	disabled	OpticClassC::sub_004A8F20	all apply flags are 0
004A9B60	disabled	OpticClassC::sub_004A9B60	all apply flags are 0
004A9C80	disabled	OpticClassC::sub_004A9C80	all apply flags are 0
004AAF60	disabled	OpticClassC::sub_004AAF60	all apply flags are 0
004AB030	disabled	OpticClassC::sub_004AB030	all apply flags are 0
004AB050	disabled	OpticClassC::sub_004AB050	all apply flags are 0
004AB070	disabled	OpticClassC::sub_004AB070	all apply flags are 0
004AB270	disabled	OpticClassC::sub_004AB270	all apply flags are 0
004AB300	disabled	OpticClassC::sub_004AB300	all apply flags are 0
004AB470	disabled	OpticClassC::sub_004AB470	all apply flags are 0
004AB530	disabled	OpticClassC::sub_004AB530	all apply flags are 0
004AB650	disabled	OpticClassC::sub_004AB650	all apply flags are 0
004ACD30	disabled	STT3DSprC::sub_004ACD30	all apply flags are 0
004ACE30	disabled	STT3DSprC::sub_004ACE30	all apply flags are 0
004ACE60	disabled	STT3DSprC::sub_004ACE60	all apply flags are 0
004ACEF0	disabled	STT3DSprC::sub_004ACEF0	all apply flags are 0
004ACF20	disabled	STT3DSprC::sub_004ACF20	all apply flags are 0
004ACF50	disabled	STT3DSprC::sub_004ACF50	all apply flags are 0
004ACF90	disabled	STT3DSprC::sub_004ACF90	all apply flags are 0
004ACFE0	disabled	STT3DSprC::sub_004ACFE0	all apply flags are 0
004AD020	disabled	STT3DSprC::sub_004AD020	all apply flags are 0
004AD070	disabled	STT3DSprC::sub_004AD070	all apply flags are 0
004AD3C0	disabled	STT3DSprC::sub_004AD3C0	all apply flags are 0
004AF080	disabled	InternalExceptionFrame::sub_004AF080	all apply flags are 0
004AFFA0	disabled	InternalExceptionFrame::sub_004AFFA0	all apply flags are 0
004B6FC0	disabled	STAllPlayersC::sub_004B6FC0	all apply flags are 0
004B7030	disabled	STAllPlayersC::sub_004B7030	all apply flags are 0
004B7080	disabled	STAllPlayersC::sub_004B7080	all apply flags are 0
004B70D0	disabled	STAllPlayersC::sub_004B70D0	all apply flags are 0
004B7140	disabled	STAllPlayersC::sub_004B7140	all apply flags are 0
004B71C0	disabled	STAllPlayersC::sub_004B71C0	all apply flags are 0
004B72B0	disabled	STAllPlayersC::sub_004B72B0	all apply flags are 0
004B72E0	disabled	STAllPlayersC::sub_004B72E0	all apply flags are 0
004B7520	disabled	STAllPlayersC::sub_004B7520	all apply flags are 0
004B76D0	disabled	STAllPlayersC::sub_004B76D0	all apply flags are 0
004B7710	disabled	STAllPlayersC::sub_004B7710	all apply flags are 0
004B7750	disabled	STAllPlayersC::sub_004B7750	all apply flags are 0
004B79C0	disabled	STAllPlayersC::sub_004B79C0	all apply flags are 0
004B7F90	disabled	TLOBaseTy::sub_004B7F90	all apply flags are 0
004B98E0	disabled	TLOBaseTy::sub_004B98E0	all apply flags are 0
004B9A40	disabled	TLOBaseTy::sub_004B9A40	all apply flags are 0
004C2F70	disabled	TLOBaseTy::sub_004C2F70	all apply flags are 0
004C3480	disabled	TLOBaseTy::sub_004C3480	all apply flags are 0
004C34A0	disabled	TLOBaseTy::sub_004C34A0	all apply flags are 0
004C4550	disabled	TLOBaseTy::sub_004C4550	all apply flags are 0
004C56B0	disabled	TLOBaseTy::sub_004C56B0	all apply flags are 0
004C61A0	disabled	TLOBldMark::sub_004C61A0	all apply flags are 0
004C61E0	disabled	TLOBldMark::sub_004C61E0	all apply flags are 0
004C6210	disabled	TLOBldMark::sub_004C6210	all apply flags are 0
004C63F0	disabled	TLOBldMark::sub_004C63F0	all apply flags are 0
004C6440	disabled	TLOBldMark::sub_004C6440	all apply flags are 0
004C6C70	disabled	TLOBaseTy::sub_004C6C70	all apply flags are 0
004C7070	disabled	TLOBaseTy::sub_004C7070	all apply flags are 0
004C7230	disabled	TLOBaseTy::sub_004C7230	all apply flags are 0
004C7260	disabled	TLOBaseTy::sub_004C7260	all apply flags are 0
004C7460	disabled	TLOBaseTy::sub_004C7460	all apply flags are 0
004C7730	disabled	TLOBaseTy::sub_004C7730	all apply flags are 0
004C7860	disabled	TLOBaseTy::sub_004C7860	all apply flags are 0
004C7C20	disabled	TLOBaseTy::sub_004C7C20	all apply flags are 0
004C90C0	disabled	TLOBaseTy::sub_004C90C0	all apply flags are 0
004C9370	disabled	TLOBaseTy::sub_004C9370	all apply flags are 0
004C96E0	disabled	TLOBaseTy::sub_004C96E0	all apply flags are 0
004CA7B0	disabled	TLOBaseTy::sub_004CA7B0	all apply flags are 0
004CAFC0	disabled	TLOBaseTy::sub_004CAFC0	all apply flags are 0
004CBA10	disabled	TLOBaseTy::sub_004CBA10	all apply flags are 0
004CBA30	disabled	TLOBaseTy::sub_004CBA30	all apply flags are 0
004CBF30	disabled	TLOBaseTy::sub_004CBF30	all apply flags are 0
004CBFB0	disabled	TLOBaseTy::sub_004CBFB0	all apply flags are 0
004CC330	disabled	TLOBaseTy::sub_004CC330	all apply flags are 0
004CC880	disabled	TLOBaseTy::sub_004CC880	all apply flags are 0
004CC900	disabled	TLOBaseTy::sub_004CC900	all apply flags are 0
004CD3B0	disabled	TLOBaseTy::sub_004CD3B0	all apply flags are 0
004CE770	disabled	TLOBaseTy::sub_004CE770	all apply flags are 0
004CE7D0	disabled	TLOBaseTy::sub_004CE7D0	all apply flags are 0
004CE860	disabled	TLOBaseTy::sub_004CE860	all apply flags are 0
004CEB00	disabled	TLOBaseTy::sub_004CEB00	all apply flags are 0
004CFA00	disabled	TLOBaseTy::sub_004CFA00	all apply flags are 0
004D0970	disabled	TLOFakeTy::sub_004D0970	all apply flags are 0
004D0A80	disabled	TLOFakeTy::sub_004D0A80	all apply flags are 0
004D10A0	disabled	TLOEmbryoTy::sub_004D10A0	all apply flags are 0
004D6DF0	disabled	TLOBaseTy::sub_004D6DF0	all apply flags are 0
004D73B0	disabled	STAllPlayersC::sub_004D73B0	all apply flags are 0
004D7430	disabled	STAllPlayersC::sub_004D7430	all apply flags are 0
004D7480	disabled	STAllPlayersC::sub_004D7480	all apply flags are 0
004D7570	disabled	STAllPlayersC::sub_004D7570	all apply flags are 0
004D76E0	disabled	STAllPlayersC::sub_004D76E0	all apply flags are 0
004D78E0	disabled	STAllPlayersC::sub_004D78E0	all apply flags are 0
004D7B10	disabled	STAllPlayersC::sub_004D7B10	all apply flags are 0
004D7B50	disabled	STAllPlayersC::sub_004D7B50	all apply flags are 0
004D7B90	disabled	STAllPlayersC::sub_004D7B90	all apply flags are 0
004D7BD0	disabled	STAllPlayersC::sub_004D7BD0	all apply flags are 0
004D7C10	disabled	STAllPlayersC::sub_004D7C10	all apply flags are 0
004D7D30	disabled	STAllPlayersC::sub_004D7D30	all apply flags are 0
004D7E50	disabled	STAllPlayersC::sub_004D7E50	all apply flags are 0
004D7F70	disabled	STAllPlayersC::sub_004D7F70	all apply flags are 0
004D8110	disabled	STAllPlayersC::sub_004D8110	all apply flags are 0
004D8230	disabled	STAllPlayersC::sub_004D8230	all apply flags are 0
004D8250	disabled	STAllPlayersC::sub_004D8250	all apply flags are 0
004D8280	disabled	STAllPlayersC::sub_004D8280	all apply flags are 0
004D82B0	disabled	STAllPlayersC::sub_004D82B0	all apply flags are 0
004D8320	disabled	STAllPlayersC::sub_004D8320	all apply flags are 0
004D83D0	disabled	STAllPlayersC::sub_004D83D0	all apply flags are 0
004D84E0	disabled	STAllPlayersC::sub_004D84E0	all apply flags are 0
004D8530	disabled	STAllPlayersC::sub_004D8530	all apply flags are 0
004D85E0	disabled	STAllPlayersC::sub_004D85E0	all apply flags are 0
004D86A0	disabled	STAllPlayersC::sub_004D86A0	all apply flags are 0
004D8760	disabled	STAllPlayersC::sub_004D8760	all apply flags are 0
004D87B0	disabled	STAllPlayersC::sub_004D87B0	all apply flags are 0
004D8800	disabled	STAllPlayersC::sub_004D8800	all apply flags are 0
004D8870	disabled	STAllPlayersC::sub_004D8870	all apply flags are 0
004D88B0	disabled	STAllPlayersC::sub_004D88B0	all apply flags are 0
004D88F0	disabled	STAllPlayersC::sub_004D88F0	all apply flags are 0
004D8940	disabled	STAllPlayersC::sub_004D8940	all apply flags are 0
004D89B0	disabled	STAllPlayersC::sub_004D89B0	all apply flags are 0
004D89F0	disabled	STAllPlayersC::sub_004D89F0	all apply flags are 0
004D8A30	disabled	STAllPlayersC::sub_004D8A30	all apply flags are 0
004D8A80	disabled	STAllPlayersC::sub_004D8A80	all apply flags are 0
004D8AF0	disabled	STAllPlayersC::sub_004D8AF0	all apply flags are 0
004D8B30	disabled	STAllPlayersC::sub_004D8B30	all apply flags are 0
004D8B70	disabled	STAllPlayersC::sub_004D8B70	all apply flags are 0
004DA390	disabled	STAllPlayersC::sub_004DA390	all apply flags are 0
004DB020	disabled	STAllPlayersC::sub_004DB020	all apply flags are 0
004DB0A0	disabled	STAllPlayersC::sub_004DB0A0	all apply flags are 0
004DB0F0	disabled	STAllPlayersC::sub_004DB0F0	all apply flags are 0
004DB160	disabled	STAllPlayersC::sub_004DB160	all apply flags are 0
004DB980	disabled	DumpClassC::sub_004DB980	all apply flags are 0
004DC150	disabled	TLOBaseTy::sub_004DC150	all apply flags are 0
004DE410	disabled	STAllPlayersC::sub_004DE410	all apply flags are 0
004DE4F0	disabled	STAllPlayersC::sub_004DE4F0	all apply flags are 0
004DE7D0	disabled	TLOBaseTy::sub_004DE7D0	all apply flags are 0
004DF9F0	disabled	TLOBaseTy::sub_004DF9F0	all apply flags are 0
004DFB90	disabled	STAllPlayersC::sub_004DFB90	all apply flags are 0
004DFC70	disabled	STAllPlayersC::sub_004DFC70	all apply flags are 0
004E2AD0	disabled	TLOBaseTy::sub_004E2AD0	all apply flags are 0
004E3120	disabled	TLOBaseTy::sub_004E3120	all apply flags are 0
004E40C0	disabled	STAllPlayersC::sub_004E40C0	all apply flags are 0
004E4100	disabled	STAllPlayersC::sub_004E4100	all apply flags are 0
004E4140	disabled	STAllPlayersC::sub_004E4140	all apply flags are 0
004E4180	disabled	STAllPlayersC::sub_004E4180	all apply flags are 0
004E41C0	disabled	STAllPlayersC::sub_004E41C0	all apply flags are 0
004E41F0	disabled	STAllPlayersC::sub_004E41F0	all apply flags are 0
004E4230	disabled	STAllPlayersC::sub_004E4230	all apply flags are 0
004E4270	disabled	STAllPlayersC::sub_004E4270	all apply flags are 0
004E42E0	disabled	STAllPlayersC::sub_004E42E0	all apply flags are 0
004E4330	disabled	STAllPlayersC::sub_004E4330	all apply flags are 0
004E4380	disabled	STAllPlayersC::sub_004E4380	all apply flags are 0
004E43C0	disabled	STAllPlayersC::sub_004E43C0	all apply flags are 0
004E4410	disabled	STAllPlayersC::sub_004E4410	all apply flags are 0
004E4440	disabled	STAllPlayersC::sub_004E4440	all apply flags are 0
004E51B0	disabled	STAllPlayersC::sub_004E51B0	all apply flags are 0
004E5910	disabled	STAllPlayersC::sub_004E5910	all apply flags are 0
004E5990	disabled	STAllPlayersC::sub_004E5990	all apply flags are 0
004E5C40	disabled	STAllPlayersC::sub_004E5C40	all apply flags are 0
004E5CC0	disabled	STAllPlayersC::sub_004E5CC0	all apply flags are 0
004E5EB0	disabled	STAllPlayersC::sub_004E5EB0	all apply flags are 0
004E5F20	disabled	STAllPlayersC::sub_004E5F20	all apply flags are 0
004E5F90	disabled	STAllPlayersC::sub_004E5F90	all apply flags are 0
004E6010	disabled	STAllPlayersC::sub_004E6010	all apply flags are 0
004E6080	disabled	STAllPlayersC::sub_004E6080	all apply flags are 0
004E60D0	disabled	STAllPlayersC::sub_004E60D0	all apply flags are 0
004E6140	disabled	STAllPlayersC::sub_004E6140	all apply flags are 0
004E6310	disabled	STAllPlayersC::sub_004E6310	all apply flags are 0
004E68A0	disabled	STAllPlayersC::sub_004E68A0	all apply flags are 0
004E6A80	disabled	STAllPlayersC::sub_004E6A80	all apply flags are 0
004E6B40	disabled	STAllPlayersC::sub_004E6B40	all apply flags are 0
004E6C20	disabled	STAllPlayersC::sub_004E6C20	all apply flags are 0
004E6D00	disabled	STAllPlayersC::sub_004E6D00	all apply flags are 0
004E6E10	disabled	STAllPlayersC::sub_004E6E10	all apply flags are 0
004E6F00	disabled	STAllPlayersC::sub_004E6F00	all apply flags are 0
004E6FE0	disabled	STAllPlayersC::sub_004E6FE0	all apply flags are 0
004E7230	disabled	STAllPlayersC::sub_004E7230	all apply flags are 0
004E7390	disabled	STAllPlayersC::sub_004E7390	all apply flags are 0
004E75F0	disabled	STAllPlayersC::sub_004E75F0	all apply flags are 0
004E76E0	disabled	STAllPlayersC::sub_004E76E0	all apply flags are 0
004E7980	disabled	STAllPlayersC::sub_004E7980	all apply flags are 0
004E7D70	disabled	STAllPlayersC::sub_004E7D70	all apply flags are 0
004E7E10	disabled	STAllPlayersC::sub_004E7E10	all apply flags are 0
004E7EB0	disabled	STAllPlayersC::sub_004E7EB0	all apply flags are 0
004E7F20	disabled	STAllPlayersC::sub_004E7F20	all apply flags are 0
004E7FC0	disabled	STAllPlayersC::sub_004E7FC0	all apply flags are 0
004E8030	disabled	STAllPlayersC::sub_004E8030	all apply flags are 0
004E80F0	disabled	STAllPlayersC::sub_004E80F0	all apply flags are 0
004EA620	disabled	TLOBaseTy::sub_004EA620	all apply flags are 0
004EA6E0	disabled	STAllPlayersC::sub_004EA6E0	all apply flags are 0
004EAA20	disabled	TLOBaseTy::sub_004EAA20	all apply flags are 0
004EB010	disabled	STAllPlayersC::sub_004EB010	all apply flags are 0
004EB300	disabled	STAllPlayersC::sub_004EB300	all apply flags are 0
004EF140	disabled	BldBoatPanelTy::sub_004EF140	all apply flags are 0
004EFE20	disabled	BldLabPanelTy::sub_004EFE20	all apply flags are 0
004F0C80	disabled	BldObjPanelTy::sub_004F0C80	all apply flags are 0
004F1610	disabled	CPanelTy::sub_004F1610	all apply flags are 0
004F17D0	disabled	CPanelTy::sub_004F17D0	all apply flags are 0
004F1890	disabled	CPanelTy::sub_004F1890	all apply flags are 0
004F1950	disabled	CPanelTy::sub_004F1950	all apply flags are 0
004F19D0	disabled	CPanelTy::sub_004F19D0	all apply flags are 0
004F1C80	disabled	CPanelTy::sub_004F1C80	all apply flags are 0
004F1D20	disabled	CPanelTy::sub_004F1D20	all apply flags are 0
004F4570	disabled	CPanelTy::sub_004F4570	all apply flags are 0
004F8020	disabled	CPanelTy::sub_004F8020	all apply flags are 0
004F9120	disabled	CPanelTy::sub_004F9120	all apply flags are 0
004F91A0	disabled	CPanelTy::sub_004F91A0	all apply flags are 0
004F9260	disabled	CPanelTy::sub_004F9260	all apply flags are 0
004FA3B0	disabled	CPanelTy::sub_004FA3B0	all apply flags are 0
004FA870	disabled	CPanelTy::sub_004FA870	all apply flags are 0
004FAB10	disabled	CPanelTy::sub_004FAB10	all apply flags are 0
004FAD20	disabled	CPanelTy::sub_004FAD20	all apply flags are 0
004FAD60	disabled	CPanelTy::sub_004FAD60	all apply flags are 0
004FAE70	disabled	CPanelTy::sub_004FAE70	all apply flags are 0
004FAE90	disabled	CPanelTy::sub_004FAE90	all apply flags are 0
004FAFF0	disabled	CPanelTy::sub_004FAFF0	all apply flags are 0
00501A10	disabled	CPanelTy::sub_00501A10	all apply flags are 0
00501D00	disabled	CPanelTy::sub_00501D00	all apply flags are 0
00502330	disabled	CPanelTy::sub_00502330	all apply flags are 0
00505070	disabled	CPanelTy::sub_00505070	all apply flags are 0
005050B0	disabled	CPanelTy::sub_005050B0	all apply flags are 0
00506040	disabled	CPanelTy::sub_00506040	all apply flags are 0
005097B0	disabled	CPanelTy::sub_005097B0	all apply flags are 0
005121F0	disabled	HelpPanelTy::sub_005121F0	all apply flags are 0
00512BE0	disabled	HelpPanelTy::sub_00512BE0	all apply flags are 0
005148A0	disabled	HelpPanelTy::sub_005148A0	all apply flags are 0
00514BC0	disabled	HelpPanelTy::sub_00514BC0	all apply flags are 0
00515180	disabled	HelpPanelTy::sub_00515180	all apply flags are 0
0051DA70	disabled	HelpPanelTy::sub_0051DA70	all apply flags are 0
0051FAC0	disabled	HelpStringTy::sub_0051FAC0	all apply flags are 0
00522810	disabled	InternalExceptionFrame::sub_00522810	all apply flags are 0
00523410	disabled	HINSTANCE__::sub_00523410	all apply flags are 0
00524FE0	disabled	HINSTANCE__::sub_00524FE0	all apply flags are 0
005252C0	disabled	InternalExceptionFrame::sub_005252C0	all apply flags are 0
00525890	disabled	HINSTANCE__::sub_00525890	all apply flags are 0
00526BA0	disabled	BldLabPanelTy::sub_00526BA0	all apply flags are 0
00528060	disabled	HINSTANCE__::sub_00528060	all apply flags are 0
0052AFE0	disabled	CPanelTy::sub_0052AFE0	all apply flags are 0
0052B330	disabled	CPanelTy::sub_0052B330	all apply flags are 0
0052B760	disabled	MoneyTy::sub_0052B760	all apply flags are 0
0052B8A0	disabled	MoneyTy::sub_0052B8A0	all apply flags are 0
0052B8F0	disabled	MoneyTy::sub_0052B8F0	all apply flags are 0
0052B940	disabled	MoneyTy::sub_0052B940	all apply flags are 0
0052B990	disabled	MoneyTy::sub_0052B990	all apply flags are 0
0052BBE0	disabled	MoneyTy::sub_0052BBE0	all apply flags are 0
0052BC30	disabled	MoneyTy::sub_0052BC30	all apply flags are 0
0052BDA0	disabled	MoneyTy::sub_0052BDA0	all apply flags are 0
0052D320	disabled		all apply flags are 0
00532CE0	disabled	OptPanelTy::sub_00532CE0	all apply flags are 0
0053A540	disabled	PlayPanelTy::sub_0053A540	all apply flags are 0
0053C620	disabled	ResearchPanelTy::sub_0053C620	all apply flags are 0
0053F510	disabled		all apply flags are 0
00540C40	disabled	StartSystemTy::sub_00540C40	all apply flags are 0
005411A0	disabled	DArrayTy::sub_005411A0	all apply flags are 0
005440C0	disabled	CursorClassTy::sub_005440C0	all apply flags are 0
00544100	disabled	CursorClassTy::sub_00544100	all apply flags are 0
00544150	disabled	CursorClassTy::sub_00544150	all apply flags are 0
00544940	disabled	CursorClassTy::sub_00544940	all apply flags are 0
00544990	disabled	CursorClassTy::sub_00544990	all apply flags are 0
0054A8D0	disabled	CursorClassTy::sub_0054A8D0	all apply flags are 0
0054B540	disabled	CursorClassTy::sub_0054B540	all apply flags are 0
0054B630	disabled	CursorClassTy::sub_0054B630	all apply flags are 0
0054B6D0	disabled	CursorClassTy::sub_0054B6D0	all apply flags are 0
0054B700	disabled	CursorClassTy::sub_0054B700	all apply flags are 0
0054CBB0	disabled	STPlaySystemC::sub_0054CBB0	all apply flags are 0
0054CF70	disabled	STPlaySystemC::sub_0054CF70	all apply flags are 0
0054EAB0	disabled	STPlaySystemC::sub_0054EAB0	all apply flags are 0
0054EBB0	disabled	STPlaySystemC::sub_0054EBB0	all apply flags are 0
0054EDF0	disabled	STPlaySystemC::sub_0054EDF0	all apply flags are 0
00550190	disabled	STPlaySystemC::sub_00550190	all apply flags are 0
005501D0	disabled	STPlaySystemC::sub_005501D0	all apply flags are 0
00550380	disabled		all apply flags are 0
005503C0	disabled	STPlaySystemC::sub_005503C0	all apply flags are 0
00550430	disabled	STPlaySystemC::sub_00550430	all apply flags are 0
005504F0	disabled	STPlaySystemC::sub_005504F0	all apply flags are 0
005505D0	disabled	STPlaySystemC::sub_005505D0	all apply flags are 0
00550830	disabled	STPlaySystemC::sub_00550830	all apply flags are 0
005508F0	disabled	STPlaySystemC::sub_005508F0	all apply flags are 0
00550BB0	disabled	STPlaySystemC::sub_00550BB0	all apply flags are 0
00551800	disabled	TradePanelTy::sub_00551800	all apply flags are 0
00551B10	disabled	TradePanelTy::sub_00551B10	all apply flags are 0
00552160	disabled	TradePanelTy::sub_00552160	all apply flags are 0
005547D0	disabled	cLoadingTy::sub_005547D0	all apply flags are 0
00554A50	disabled	cLoadingTy::sub_00554A50	all apply flags are 0
00555570	disabled	cLoadingTy::sub_00555570	all apply flags are 0
00555680	disabled	cLoadingTy::sub_00555680	all apply flags are 0
00555880	disabled	TraksClassTy::sub_00555880	all apply flags are 0
00555D90	disabled	TraksClassTy::sub_00555D90	all apply flags are 0
00558140	disabled	VisibleClassTy::sub_00558140	all apply flags are 0
00558C00	disabled	VisibleClassTy::sub_00558C00	all apply flags are 0
00558DC0	disabled	VisibleClassTy::sub_00558DC0	all apply flags are 0
00559110	disabled	VisibleClassTy::sub_00559110	all apply flags are 0
005594A0	disabled	VisibleClassTy::sub_005594A0	all apply flags are 0
00559620	disabled	VisibleClassTy::sub_00559620	all apply flags are 0
005599D0	disabled	VisibleClassTy::sub_005599D0	all apply flags are 0
00559D60	disabled	VisibleClassTy::sub_00559D60	all apply flags are 0
0055A110	disabled	VisibleClassTy::sub_0055A110	all apply flags are 0
0055A4C0	disabled	VisibleClassTy::sub_0055A4C0	all apply flags are 0
0055A870	disabled	VisibleClassTy::sub_0055A870	all apply flags are 0
0055AD00	disabled	VisibleClassTy::sub_0055AD00	all apply flags are 0
0055B1C0	disabled	VisibleClassTy::sub_0055B1C0	all apply flags are 0
0055B7F0	disabled	VisibleClassTy::sub_0055B7F0	all apply flags are 0
0055B9F0	disabled	VisibleClassTy::sub_0055B9F0	all apply flags are 0
0055BB00	disabled	VisibleClassTy::sub_0055BB00	all apply flags are 0
0055BBC0	disabled	VisibleClassTy::sub_0055BBC0	all apply flags are 0
0055DB70	disabled	StartSystemTy::sub_0055DB70	all apply flags are 0
0055DDF0	disabled		all apply flags are 0
00566600	disabled	SoundManagerTy::sub_00566600	all apply flags are 0
00566900	disabled	SoundManagerTy::sub_00566900	all apply flags are 0
00566970	disabled	SoundManagerTy::sub_00566970	all apply flags are 0
00566AA0	disabled	SoundManagerTy::sub_00566AA0	all apply flags are 0
00566BD0	disabled	SoundManagerTy::sub_00566BD0	all apply flags are 0
00568780	disabled	SoundClassTy::sub_00568780	all apply flags are 0
0056E9E0	disabled	STAppC::sub_0056E9E0	all apply flags are 0
0056EBE0	disabled	STAppC::sub_0056EBE0	all apply flags are 0
0056EE90	disabled	STAppC::sub_0056EE90	all apply flags are 0
0056EF50	disabled	STAppC::sub_0056EF50	all apply flags are 0
0056F040	disabled	STAppC::sub_0056F040	all apply flags are 0
005711D0	disabled	STAppC::sub_005711D0	all apply flags are 0
00571240	disabled	InternalExceptionFrame::sub_00571240	all apply flags are 0
005713B0	disabled	STAppC::sub_005713B0	all apply flags are 0
00577690	disabled	GameSystemC::sub_00577690	all apply flags are 0
0057BF20	disabled	STFishC::sub_0057BF20	all apply flags are 0
0057CB30	disabled	STFishC::sub_0057CB30	all apply flags are 0
0057D420	disabled	STFishC::sub_0057D420	all apply flags are 0
0057D5F0	disabled	STFishC::sub_0057D5F0	all apply flags are 0
0057D700	disabled	STFishC::sub_0057D700	all apply flags are 0
0057F240	disabled	STDcResourcC::sub_0057F240	all apply flags are 0
0057F2E0	disabled	STDcResourcC::sub_0057F2E0	all apply flags are 0
0057F3A0	disabled	STDcResourcC::sub_0057F3A0	all apply flags are 0
0057F470	disabled	STDcResourcC::sub_0057F470	all apply flags are 0
0057F530	disabled	STDcResourcC::sub_0057F530	all apply flags are 0
005802A0	disabled	STResourceC::sub_005802A0	all apply flags are 0
00580380	disabled	STResourceC::sub_00580380	all apply flags are 0
005805C0	disabled	STDcResourcC::sub_005805C0	all apply flags are 0
00580D30	disabled	STResourceC::sub_00580D30	all apply flags are 0
00580FA0	disabled	STResourceC::sub_00580FA0	all apply flags are 0
00582530	disabled	STJellyGunC::sub_00582530	all apply flags are 0
00582580	disabled	STJellyGunC::sub_00582580	all apply flags are 0
00583E30	disabled	STJellyGunC::sub_00583E30	all apply flags are 0
00584060	disabled	STJellyGunC::sub_00584060	all apply flags are 0
00584380	disabled	STJellyGunC::sub_00584380	all apply flags are 0
005844E0	disabled	STJellyGunC::sub_005844E0	all apply flags are 0
005899E0	disabled	STOctopusC::sub_005899E0	all apply flags are 0
0058AF70	disabled	STOctopusC::sub_0058AF70	all apply flags are 0
0058B190	disabled	STOctopusC::sub_0058B190	all apply flags are 0
0058EEB0	disabled	STSharkC::sub_0058EEB0	all apply flags are 0
0058EFE0	disabled	STSharkC::sub_0058EFE0	all apply flags are 0
0058F430	disabled	STSharkC::sub_0058F430	all apply flags are 0
0058FF70	disabled	STSharkC::sub_0058FF70	all apply flags are 0
00590860	disabled	MAdvTy::sub_00590860	all apply flags are 0
005925A0	disabled	CampaignTy::sub_005925A0	all apply flags are 0
00592620	disabled	CampaignTy::sub_00592620	all apply flags are 0
005926A0	disabled	CampaignTy::sub_005926A0	all apply flags are 0
005943F0	disabled	ComboTy::sub_005943F0	all apply flags are 0
0059B820	disabled	FSGSTy::sub_0059B820	all apply flags are 0
0059BE50	disabled	FSGSTy::sub_0059BE50	all apply flags are 0
005A0590	disabled	FSGSTy::sub_005A0590	all apply flags are 0
005A07F0	disabled	FSGSTy::sub_005A07F0	all apply flags are 0
005A0A50	disabled	FSGSTy::sub_005A0A50	all apply flags are 0
005A0AF0	disabled	FSGSTy::sub_005A0AF0	all apply flags are 0
005A0C80	disabled	FSGSTy::sub_005A0C80	all apply flags are 0
005A39A0	disabled	FSGSTy::sub_005A39A0	all apply flags are 0
005AE840	disabled	ChooseMapTy::sub_005AE840	all apply flags are 0
005AE950	disabled	ChooseMapTy::sub_005AE950	all apply flags are 0
005B47E0	disabled	MainMenuTy::sub_005B47E0	all apply flags are 0
005B4860	disabled	MainMenuTy::sub_005B4860	all apply flags are 0
005B5BE0	disabled	ChooseMapTy::sub_005B5BE0	all apply flags are 0
005B5F00	disabled	SettMapMTy::sub_005B5F00	all apply flags are 0
005B6350	disabled		all apply flags are 0
005B6450	disabled		all apply flags are 0
005B66E0	disabled		all apply flags are 0
005B6730	disabled		all apply flags are 0
005BB9F0	disabled	PrividerTy::sub_005BB9F0	all apply flags are 0
005BBA40	disabled	PrividerTy::sub_005BBA40	all apply flags are 0
005C00D0	disabled	MReportTy::sub_005C00D0	all apply flags are 0
005C0190	disabled	MReportTy::sub_005C0190	all apply flags are 0
005C05F0	disabled	MReportTy::sub_005C05F0	all apply flags are 0
005C29B0	disabled	SettMapMTy::sub_005C29B0	all apply flags are 0
005C7800	disabled		all apply flags are 0
005CBBE0	disabled		all apply flags are 0
005D00B0	disabled	SettMapMTy::sub_005D00B0	all apply flags are 0
005D1380	disabled	SettMapMTy::sub_005D1380	all apply flags are 0
005DA7A0	disabled	StartSystemTy::sub_005DA7A0	all apply flags are 0
005DA910	disabled	StartSystemTy::sub_005DA910	all apply flags are 0
005DA940	disabled	StartSystemTy::sub_005DA940	all apply flags are 0
005DA980	disabled	StartSystemTy::sub_005DA980	all apply flags are 0
005DAA60	disabled	StartSystemTy::sub_005DAA60	all apply flags are 0
005DAA90	disabled	StartSystemTy::sub_005DAA90	all apply flags are 0
005DAB30	disabled	StartSystemTy::sub_005DAB30	all apply flags are 0
005DAB70	disabled	StartSystemTy::sub_005DAB70	all apply flags are 0
005DAC60	disabled	StartSystemTy::sub_005DAC60	all apply flags are 0
005DAF20	disabled	StartSystemTy::sub_005DAF20	all apply flags are 0
005DB010	disabled	StartSystemTy::sub_005DB010	all apply flags are 0
005DB2A0	disabled	StartSystemTy::sub_005DB2A0	all apply flags are 0
005E5F60	disabled	MTestTy::sub_005E5F60	all apply flags are 0
005E9970	disabled	WaitTy::sub_005E9970	all apply flags are 0
005E9A40	disabled	WaitTy::sub_005E9A40	all apply flags are 0
005EBCB0	disabled	STArtiafactC::sub_005EBCB0	all apply flags are 0
005EBD80	disabled	STArtiafactC::sub_005EBD80	all apply flags are 0
005EC370	disabled	STArtiafactC::sub_005EC370	all apply flags are 0
005EC4A0	disabled	STArtiafactC::sub_005EC4A0	all apply flags are 0
005EC9F0	disabled		all apply flags are 0
005EE6E0	disabled	InternalExceptionFrame::sub_005EE6E0	all apply flags are 0
005EEFF0	disabled		all apply flags are 0
005EF5F0	disabled		all apply flags are 0
005F0D00	disabled	STArtiafactC::sub_005F0D00	all apply flags are 0
005F0D90	disabled	STContainerC::sub_005F0D90	all apply flags are 0
005F1380	disabled	STManBasisC::sub_005F1380	all apply flags are 0
005F14B0	disabled	STManBasisC::sub_005F14B0	all apply flags are 0
005F1700	disabled	STManBasisC::sub_005F1700	all apply flags are 0
005F19A0	disabled	STManBasisC::sub_005F19A0	all apply flags are 0
005F1D80	disabled	VisibleClassTy::sub_005F1D80	all apply flags are 0
005F1E40	disabled	STManBasisC::sub_005F1E40	all apply flags are 0
005F1FA0	disabled	STManBasisC::sub_005F1FA0	all apply flags are 0
005F2110	disabled	STManBasisC::sub_005F2110	all apply flags are 0
005F21D0	disabled	STManBasisC::sub_005F21D0	all apply flags are 0
005F2330	disabled	STManBasisC::sub_005F2330	all apply flags are 0
005F23D0	disabled	STManBasisC::sub_005F23D0	all apply flags are 0
005F3470	disabled	STBHEShellC::sub_005F3470	all apply flags are 0
005F34B0	disabled	STBHEShellC::sub_005F34B0	all apply flags are 0
005F35F0	disabled	STBHEShellC::sub_005F35F0	all apply flags are 0
005F3940	disabled	STBHEShellC::sub_005F3940	all apply flags are 0
005F3B00	disabled	STBHEShellC::sub_005F3B00	all apply flags are 0
005F3BF0	disabled	STBHEShellC::sub_005F3BF0	all apply flags are 0
005F4370	disabled	STBHEShellC::sub_005F4370	all apply flags are 0
005F4680	disabled	STBHEShellC::sub_005F4680	all apply flags are 0
005F4A30	disabled	STBHEShellC::sub_005F4A30	all apply flags are 0
005F4C50	disabled	STBHEShellC::sub_005F4C50	all apply flags are 0
005F4FA0	disabled	STBHEShellC::sub_005F4FA0	all apply flags are 0
005F53A0	disabled	STBHEShellC::sub_005F53A0	all apply flags are 0
005F5440	disabled	STBHEShellC::sub_005F5440	all apply flags are 0
005F5700	disabled	STBHEShellC::sub_005F5700	all apply flags are 0
005F5A90	disabled	STBHEShellC::sub_005F5A90	all apply flags are 0
005F5B80	disabled	STBHEShellC::sub_005F5B80	all apply flags are 0
005F5C40	disabled	STBHEShellC::sub_005F5C40	all apply flags are 0
005F5D10	disabled	STBHEShellC::sub_005F5D10	all apply flags are 0
005F5E30	disabled	STBHEShellC::sub_005F5E30	all apply flags are 0
005F66B0	disabled	STColl3C::sub_005F66B0	all apply flags are 0
005F66F0	disabled	STColl3C::sub_005F66F0	all apply flags are 0
005F68B0	disabled	STColl3C::sub_005F68B0	all apply flags are 0
005F6AD0	disabled	STColl3C::sub_005F6AD0	all apply flags are 0
005F6F20	disabled	STColl3C::sub_005F6F20	all apply flags are 0
005F6F60	disabled	STColl3C::sub_005F6F60	all apply flags are 0
005F8650	disabled	STColl3C::sub_005F8650	all apply flags are 0
005F9450	disabled	STColl3C::sub_005F9450	all apply flags are 0
005FA030	disabled	STColl3C::sub_005FA030	all apply flags are 0
005FA070	disabled	STColl3C::sub_005FA070	all apply flags are 0
005FA0B0	disabled	STColl3C::sub_005FA0B0	all apply flags are 0
005FA8B0	disabled	STColl3C::sub_005FA8B0	all apply flags are 0
005FAF70	disabled	STColl3C::sub_005FAF70	all apply flags are 0
005FC3E0	disabled	STContainerC::sub_005FC3E0	all apply flags are 0
005FC4A0	disabled	STContainerC::sub_005FC4A0	all apply flags are 0
005FCAD0	disabled	STContainerC::sub_005FCAD0	all apply flags are 0
005FCC00	disabled	STContainerC::sub_005FCC00	all apply flags are 0
00602440	disabled	STDestC::sub_00602440	all apply flags are 0
006024B0	disabled	STDestC::sub_006024B0	all apply flags are 0
006025D0	disabled	STDestC::sub_006025D0	all apply flags are 0
00602660	disabled	STDestC::sub_00602660	all apply flags are 0
006029C0	disabled	STDestC::sub_006029C0	all apply flags are 0
00602BE0	disabled	STDestC::sub_00602BE0	all apply flags are 0
00602E90	disabled	STDestC::sub_00602E90	all apply flags are 0
00603120	disabled	STDestC::sub_00603120	all apply flags are 0
00604120	disabled	STExplosion::sub_00604120	all apply flags are 0
00604350	disabled	STExplosion::sub_00604350	all apply flags are 0
00604970	disabled	STExplosion::sub_00604970	all apply flags are 0
00604A00	disabled	STExplosion::sub_00604A00	all apply flags are 0
00605130	disabled	STExplosion::sub_00605130	all apply flags are 0
00605780	disabled	STExplosion::sub_00605780	all apply flags are 0
00606050	disabled	STExplosion::sub_00606050	all apply flags are 0
00606A50	disabled	STExplosion::sub_00606A50	all apply flags are 0
00607EE0	disabled	STExplosion::sub_00607EE0	all apply flags are 0
00609CD0	disabled	STFieldC::sub_00609CD0	all apply flags are 0
0060D660	disabled	STFieldC::sub_0060D660	all apply flags are 0
006179D0	disabled	JumpManagC::sub_006179D0	all apply flags are 0
00617FB0	disabled	JumpManagC::sub_00617FB0	all apply flags are 0
00618170	disabled	JumpManagC::sub_00618170	all apply flags are 0
00618AD0	disabled	JumpManagC::sub_00618AD0	all apply flags are 0
006191A0	disabled	STJumpMineC::sub_006191A0	all apply flags are 0
006192E0	disabled	STJumpMineC::sub_006192E0	all apply flags are 0
00619320	disabled	STJumpMineC::sub_00619320	all apply flags are 0
00619350	disabled	STJumpMineC::sub_00619350	all apply flags are 0
006193A0	disabled	STJumpMineC::sub_006193A0	all apply flags are 0
006193E0	disabled	STJumpMineC::sub_006193E0	all apply flags are 0
00619A20	disabled	STJumpMineC::sub_00619A20	all apply flags are 0
00619C70	disabled	STJumpMineC::sub_00619C70	all apply flags are 0
0061B340	disabled	STJumpMineC::sub_0061B340	all apply flags are 0
0061D650	disabled	STLightC::sub_0061D650	all apply flags are 0
0061D6D0	disabled	STLightC::sub_0061D6D0	all apply flags are 0
0061D710	disabled	STLightC::sub_0061D710	all apply flags are 0
0061D8F0	disabled	STLightC::sub_0061D8F0	all apply flags are 0
0061D9C0	disabled	STLightC::sub_0061D9C0	all apply flags are 0
0061DD40	disabled	STLightC::sub_0061DD40	all apply flags are 0
0061DFE0	disabled	STLightC::sub_0061DFE0	all apply flags are 0
0061E110	disabled	STLightC::sub_0061E110	all apply flags are 0
0061E4F0	disabled	STLightC::sub_0061E4F0	all apply flags are 0
0061E7F0	disabled	STLightC::sub_0061E7F0	all apply flags are 0
0061F290	disabled	STLightC::sub_0061F290	all apply flags are 0
0061F530	disabled	STLightC::sub_0061F530	all apply flags are 0
0061F8B0	disabled	SndUnderAttMenegC::sub_0061F8B0	all apply flags are 0
0061FA40	disabled	SndUnderAttMenegC::sub_0061FA40	all apply flags are 0
0061FB70	disabled	SndUnderAttMenegC::sub_0061FB70	all apply flags are 0
0061FCC0	disabled	SndUnderAttMenegC::sub_0061FCC0	all apply flags are 0
0061FE80	disabled	SndUnderAttMenegC::sub_0061FE80	all apply flags are 0
00620030	disabled	SndUnderAttMenegC::sub_00620030	all apply flags are 0
00620160	disabled	SndUnderAttMenegC::sub_00620160	all apply flags are 0
006202B0	disabled	SndUnderAttMenegC::sub_006202B0	all apply flags are 0
006203F0	disabled	SndUnderAttMenegC::sub_006203F0	all apply flags are 0
00620520	disabled	SndUnderAttMenegC::sub_00620520	all apply flags are 0
00620670	disabled	SndUnderAttMenegC::sub_00620670	all apply flags are 0
00620780	disabled	SndUnderAttMenegC::sub_00620780	all apply flags are 0
006208B0	disabled	SndUnderAttMenegC::sub_006208B0	all apply flags are 0
00620A00	disabled	SndUnderAttMenegC::sub_00620A00	all apply flags are 0
00620B20	disabled	SndUnderAttMenegC::sub_00620B20	all apply flags are 0
00620C50	disabled	SndUnderAttMenegC::sub_00620C50	all apply flags are 0
00620DA0	disabled	SndUnderAttMenegC::sub_00620DA0	all apply flags are 0
00620E40	disabled	SndUnderAttMenegC::sub_00620E40	all apply flags are 0
00620F60	disabled	SndUnderAttMenegC::sub_00620F60	all apply flags are 0
00621090	disabled	SndUnderAttMenegC::sub_00621090	all apply flags are 0
006211E0	disabled	SndUnderAttMenegC::sub_006211E0	all apply flags are 0
00621300	disabled	SndUnderAttMenegC::sub_00621300	all apply flags are 0
00621430	disabled	SndUnderAttMenegC::sub_00621430	all apply flags are 0
00621580	disabled	SndUnderAttMenegC::sub_00621580	all apply flags are 0
00621640	disabled	SndUnderAttMenegC::sub_00621640	all apply flags are 0
006216E0	disabled	SndUnderAttMenegC::sub_006216E0	all apply flags are 0
00621780	disabled	SndUnderAttMenegC::sub_00621780	all apply flags are 0
00622670	disabled	STMineSetC::sub_00622670	all apply flags are 0
006226C0	disabled	STMineSetC::sub_006226C0	all apply flags are 0
00622880	disabled	STMineSetC::sub_00622880	all apply flags are 0
00622990	disabled	STMineSetC::sub_00622990	all apply flags are 0
00622BA0	disabled	STMineSetC::sub_00622BA0	all apply flags are 0
00623600	disabled	STMineSetC::sub_00623600	all apply flags are 0
006239A0	disabled	STMineSetC::sub_006239A0	all apply flags are 0
00624920	disabled	STMineSetC::sub_00624920	all apply flags are 0
00625730	disabled	STMineSetC::sub_00625730	all apply flags are 0
006263B0	disabled	STMineSetC::sub_006263B0	all apply flags are 0
00626B50	disabled	STMineSetC::sub_00626B50	all apply flags are 0
00626F10	disabled	STMineSetC::sub_00626F10	all apply flags are 0
00627170	disabled	STMineSetC::sub_00627170	all apply flags are 0
00627390	disabled	STMineSetC::sub_00627390	all apply flags are 0
00627400	disabled	STMineSetC::sub_00627400	all apply flags are 0
00627670	disabled	STMineSetC::sub_00627670	all apply flags are 0
00629830	disabled	STParticleC::sub_00629830	all apply flags are 0
00629E60	disabled	STParticleC::sub_00629E60	all apply flags are 0
00629F20	disabled	STParticleC::sub_00629F20	all apply flags are 0
00629F90	disabled	STParticleC::sub_00629F90	all apply flags are 0
0062A370	disabled	STParticleC::sub_0062A370	all apply flags are 0
0062A860	disabled	STParticleC::sub_0062A860	all apply flags are 0
0062AEF0	disabled	STParticleC::sub_0062AEF0	all apply flags are 0
0062AF40	disabled	STParticleC::sub_0062AF40	all apply flags are 0
0062B4A0	disabled	STParticleC::sub_0062B4A0	all apply flags are 0
0062CF50	disabled	STManRub3C::sub_0062CF50	all apply flags are 0
0062D120	disabled	STManRub3C::sub_0062D120	all apply flags are 0
0062D230	disabled	STManRub3C::sub_0062D230	all apply flags are 0
0062D2D0	disabled	STManRub3C::sub_0062D2D0	all apply flags are 0
0062D550	disabled	STManRub3C::sub_0062D550	all apply flags are 0
0062D670	disabled	STManRub3C::sub_0062D670	all apply flags are 0
0062D7D0	disabled	STManRub3C::sub_0062D7D0	all apply flags are 0
0062D840	disabled	STManRub3C::sub_0062D840	all apply flags are 0
0062DD40	disabled	STManRub3C::sub_0062DD40	all apply flags are 0
0062E130	disabled	STManRub3C::sub_0062E130	all apply flags are 0
0062E440	disabled	STManRub3C::sub_0062E440	all apply flags are 0
0062E520	disabled	STManRub3C::sub_0062E520	all apply flags are 0
0062E550	disabled	STManRub3C::sub_0062E550	all apply flags are 0
0062E610	disabled	STManRub3C::sub_0062E610	all apply flags are 0
0062E640	disabled	STManRub3C::sub_0062E640	all apply flags are 0
0062E6B0	disabled	STManRub3C::sub_0062E6B0	all apply flags are 0
0062EF00	disabled	STRubbishC::sub_0062EF00	all apply flags are 0
0062F080	disabled	STRubbishC::sub_0062F080	all apply flags are 0
0062F900	disabled	STRubbishC::sub_0062F900	all apply flags are 0
0062FCA0	disabled	STRubbishC::sub_0062FCA0	all apply flags are 0
0062FEA0	disabled	STRubbishC::sub_0062FEA0	all apply flags are 0
0062FFD0	disabled	STRubbishC::sub_0062FFD0	all apply flags are 0
00630260	disabled	STRubbishC::sub_00630260	all apply flags are 0
006308B0	disabled	STManRuinC::sub_006308B0	all apply flags are 0
006308F0	disabled	STManRuinC::sub_006308F0	all apply flags are 0
00630AC0	disabled	STManRuinC::sub_00630AC0	all apply flags are 0
00630BB0	disabled	STManRuinC::sub_00630BB0	all apply flags are 0
00630C50	disabled	STManRuinC::sub_00630C50	all apply flags are 0
00630FF0	disabled	STManRuinC::sub_00630FF0	all apply flags are 0
00631010	disabled	STManRuinC::sub_00631010	all apply flags are 0
00631190	disabled	STManRuinC::sub_00631190	all apply flags are 0
00631220	disabled	STManRuinC::sub_00631220	all apply flags are 0
00631390	disabled	STManRuinC::sub_00631390	all apply flags are 0
00631450	disabled	STManRuinC::sub_00631450	all apply flags are 0
00631510	disabled	STManRuinC::sub_00631510	all apply flags are 0
00631560	disabled	STManRuinC::sub_00631560	all apply flags are 0
00631880	disabled	STManRuinC::sub_00631880	all apply flags are 0
00646D00	disabled	STVolcanoC::sub_00646D00	all apply flags are 0
00646D40	disabled	STVolcanoC::sub_00646D40	all apply flags are 0
00646DB0	disabled	STVolcanoC::sub_00646DB0	all apply flags are 0
006472B0	disabled	STVolcanoC::sub_006472B0	all apply flags are 0
006479E0	disabled	STVolcanoC::sub_006479E0	all apply flags are 0
00647ED0	disabled	AiBossClassTy::sub_00647ED0	all apply flags are 0
006484F0	disabled	InternalExceptionFrame::sub_006484F0	all apply flags are 0
00648A30	disabled	OptPanelTy::sub_00648A30	all apply flags are 0
0064A800	disabled	DArrayTy::sub_0064A800	all apply flags are 0
0064EB60	disabled	CPanelTy::sub_0064EB60	all apply flags are 0
0065BD70	disabled	AiEventClassTy::sub_0065BD70	all apply flags are 0
0065D0F0	disabled	InternalExceptionFrame::sub_0065D0F0	all apply flags are 0
0065D480	disabled	AiFltClassTy::sub_0065D480	all apply flags are 0
0065D6A0	disabled	AiFltClassTy::sub_0065D6A0	all apply flags are 0
0065D6E0	disabled	AiFltClassTy::sub_0065D6E0	all apply flags are 0
0065D720	disabled	AiFltClassTy::sub_0065D720	all apply flags are 0
0065D940	disabled	AiFltClassTy::sub_0065D940	all apply flags are 0
0065D9C0	disabled	AiFltClassTy::sub_0065D9C0	all apply flags are 0
0065DA10	disabled	AiFltClassTy::sub_0065DA10	all apply flags are 0
0065E360	disabled	AiFltClassTy::sub_0065E360	all apply flags are 0
0065E3B0	disabled	AiFltClassTy::sub_0065E3B0	all apply flags are 0
0065E6C0	disabled	AiFltClassTy::sub_0065E6C0	all apply flags are 0
0065F5C0	disabled	AiFltClassTy::sub_0065F5C0	all apply flags are 0
0065F980	disabled	AiFltClassTy::sub_0065F980	all apply flags are 0
0065FA60	disabled	AiFltClassTy::sub_0065FA60	all apply flags are 0
00660F70	disabled	AiFltClassTy::sub_00660F70	all apply flags are 0
00661580	disabled	AiFltClassTy::sub_00661580	all apply flags are 0
00661800	disabled	AiFltClassTy::sub_00661800	all apply flags are 0
00661CA0	disabled	AiFltClassTy::sub_00661CA0	all apply flags are 0
00664760	disabled	AiFltClassTy::sub_00664760	all apply flags are 0
00664960	disabled	AiFltClassTy::sub_00664960	all apply flags are 0
006686C0	disabled	InternalExceptionFrame::sub_006686C0	all apply flags are 0
00673D20	disabled	InternalExceptionFrame::sub_00673D20	all apply flags are 0
00674FB0	disabled	AiFltClassTy::sub_00674FB0	all apply flags are 0
00678BA0	disabled	AiPlrClassTy::sub_00678BA0	all apply flags are 0
00678E00	disabled	AiPlrClassTy::sub_00678E00	all apply flags are 0
00678FC0	disabled	AiPlrClassTy::sub_00678FC0	all apply flags are 0
0067A020	disabled	AiPlrClassTy::sub_0067A020	all apply flags are 0
0067A240	disabled	AiPlrClassTy::sub_0067A240	all apply flags are 0
0067B1A0	disabled	AiPlrClassTy::sub_0067B1A0	all apply flags are 0
0067B2E0	disabled	AiPlrClassTy::sub_0067B2E0	all apply flags are 0
0067BE20	disabled	AiPlrClassTy::sub_0067BE20	all apply flags are 0
0067BEF0	disabled	AiPlrClassTy::sub_0067BEF0	all apply flags are 0
0067BF30	disabled	AiPlrClassTy::sub_0067BF30	all apply flags are 0
0067BFD0	disabled	AiPlrClassTy::sub_0067BFD0	all apply flags are 0
0067C110	disabled	AiPlrClassTy::sub_0067C110	all apply flags are 0
0067D160	disabled	InternalExceptionFrame::sub_0067D160	all apply flags are 0
0067EE40	disabled	InternalExceptionFrame::sub_0067EE40	all apply flags are 0
00681540	disabled	AllocationRecord_006684E0::sub_00681540	all apply flags are 0
006819A0	disabled	AllocationRecord_006684E0::sub_006819A0	all apply flags are 0
0068E010	disabled	AiTactClassTy::sub_0068E010	all apply flags are 0
0068E220	disabled	AiTactClassTy::sub_0068E220	all apply flags are 0
0068E290	disabled	AiTactClassTy::sub_0068E290	all apply flags are 0
0068E480	disabled	AiTactClassTy::sub_0068E480	all apply flags are 0
0068E610	disabled	AiTactClassTy::sub_0068E610	all apply flags are 0
0068E850	disabled	AiTactClassTy::sub_0068E850	all apply flags are 0
0068E8C0	disabled	AiTactClassTy::sub_0068E8C0	all apply flags are 0
00690230	disabled	AiTactClassTy::sub_00690230	all apply flags are 0
006902B0	disabled	AiTactClassTy::sub_006902B0	all apply flags are 0
00690550	disabled	AiTactClassTy::sub_00690550	all apply flags are 0
00690A40	disabled	AiTactClassTy::sub_00690A40	all apply flags are 0
00690AB0	disabled	AiTactClassTy::sub_00690AB0	all apply flags are 0
00691480	disabled	AiTactClassTy::sub_00691480	all apply flags are 0
006948E0	disabled	CGenerate::sub_006948E0	all apply flags are 0
00694B90	disabled	CGenerate::sub_00694B90	all apply flags are 0
00694BE0	disabled	CGenerate::sub_00694BE0	all apply flags are 0
00694C30	disabled	CGenerate::sub_00694C30	all apply flags are 0
00694C80	disabled	CGenerate::sub_00694C80	all apply flags are 0
00694CD0	disabled	CGenerate::sub_00694CD0	all apply flags are 0
00695140	disabled	CGenerate::sub_00695140	all apply flags are 0
00695180	disabled	CGenerate::sub_00695180	all apply flags are 0
00695C10	disabled	CGenerate::sub_00695C10	all apply flags are 0
00695EB0	disabled	CGenerate::sub_00695EB0	all apply flags are 0
00695F20	disabled	CGenerate::sub_00695F20	all apply flags are 0
00695F70	disabled	CGenerate::sub_00695F70	all apply flags are 0
00696050	disabled	CGenerate::sub_00696050	all apply flags are 0
006960D0	disabled	CGenerate::sub_006960D0	all apply flags are 0
006961B0	disabled	CGenerate::sub_006961B0	all apply flags are 0
00696400	disabled	CGenerate::sub_00696400	all apply flags are 0
006964F0	disabled	CGenerate::sub_006964F0	all apply flags are 0
00696740	disabled	CGenerate::sub_00696740	all apply flags are 0
00696790	disabled	CGenerate::sub_00696790	all apply flags are 0
00696810	disabled	CGenerate::sub_00696810	all apply flags are 0
00696940	disabled	CGenerate::sub_00696940	all apply flags are 0
00696D00	disabled	CGenerate::sub_00696D00	all apply flags are 0
00696DC0	disabled	CGenerate::sub_00696DC0	all apply flags are 0
00696EB0	disabled	CGenerate::sub_00696EB0	all apply flags are 0
006971B0	disabled	CGenerate::sub_006971B0	all apply flags are 0
00697390	disabled	CGenerate::sub_00697390	all apply flags are 0
006975F0	disabled	CGenerate::sub_006975F0	all apply flags are 0
006978C0	disabled	CGenerate::sub_006978C0	all apply flags are 0
00697AF0	disabled	CGenerate::sub_00697AF0	all apply flags are 0
00697C50	disabled	CGenerate::sub_00697C50	all apply flags are 0
00697CF0	disabled	CGenerate::sub_00697CF0	all apply flags are 0
006988C0	disabled	CGenerate::sub_006988C0	all apply flags are 0
00698CA0	disabled	CGenerate::sub_00698CA0	all apply flags are 0
00698F90	disabled	CGenerate::sub_00698F90	all apply flags are 0
006991C0	disabled	CGenerate::sub_006991C0	all apply flags are 0
0069ADA0	disabled	CGenerate::sub_0069ADA0	all apply flags are 0
0069B190	disabled	CGenerate::sub_0069B190	all apply flags are 0
0069B400	disabled	CGenerate::sub_0069B400	all apply flags are 0
0069B910	disabled	CGenerate::sub_0069B910	all apply flags are 0
0069BC10	disabled	CGenerate::sub_0069BC10	all apply flags are 0
0069BDC0	disabled	CGenerate::sub_0069BDC0	all apply flags are 0
0069CB50	disabled	CGenerate::sub_0069CB50	all apply flags are 0
0069F160	disabled	CGenerate::sub_0069F160	all apply flags are 0
0069FF90	disabled	CGenerate::sub_0069FF90	all apply flags are 0
006A0150	disabled	CGenerate::sub_006A0150	all apply flags are 0
006A0470	disabled	CGenerate::sub_006A0470	all apply flags are 0
006A09F0	disabled	CGenerate::sub_006A09F0	all apply flags are 0
006A0C90	disabled	CGenerate::sub_006A0C90	all apply flags are 0
006A0E30	disabled	CGenerate::sub_006A0E30	all apply flags are 0
006A5E90	disabled	InternalExceptionFrame::sub_006A5E90	all apply flags are 0
006ACF90	disabled	RuntimeRecord_00803300_0014::sub_006ACF90	all apply flags are 0
006B0020	disabled		all apply flags are 0
006B08F0	disabled	DDXContext::sub_006B08F0	all apply flags are 0
006B0A20	disabled	DDXContext::sub_006B0A20	all apply flags are 0
006B0BA0	disabled	ST3DSMAPContext::sub_006B0BA0	all apply flags are 0
006B13E0	disabled	DDXContext_008075A8::sub_006B13E0	all apply flags are 0
006B1980	disabled	DDXContext_008075A8::sub_006B1980	all apply flags are 0
006B1A50	disabled	DDXContext_008075A8::sub_006B1A50	all apply flags are 0
006B1CC0	disabled	DDXContext_008075A8::sub_006B1CC0	all apply flags are 0
006B2330	disabled	DDXContext_008075A8::sub_006B2330	all apply flags are 0
006B2800	disabled	DDXContext_008075A8::sub_006B2800	all apply flags are 0
006B35D0	disabled		all apply flags are 0
006B3AF0	disabled		all apply flags are 0
006B3BB0	disabled	DDXContext_008075A8::sub_006B3BB0	all apply flags are 0
006B4170	disabled		all apply flags are 0
006B4640	disabled	DDXContext::sub_006B4640	all apply flags are 0
006B48A0	disabled	DDXContext::sub_006B48A0	all apply flags are 0
006B4FA0	disabled	InternalExceptionFrame::sub_006B4FA0	all apply flags are 0
006B5570	disabled	STAppC::sub_006B5570	all apply flags are 0
006B5B10	disabled	ChooseMapTy::sub_006B5B10	all apply flags are 0
006B5EE0	disabled	MReportTy::sub_006B5EE0	all apply flags are 0
006B5F80	disabled	DDXContext_008075A8::sub_006B5F80	all apply flags are 0
006B6110	disabled	StartSystemTy::sub_006B6110	all apply flags are 0
006B6500	disabled	StartSystemTy::sub_006B6500	all apply flags are 0
006B9890	disabled	ST3DSMAPContext::sub_006B9890	all apply flags are 0
006BBB20	disabled	DDXContext::sub_006BBB20	all apply flags are 0
006C4A00	disabled	DDXContext::sub_006C4A00	all apply flags are 0
006C7F90	disabled	DDXContext::sub_006C7F90	all apply flags are 0
006C87C0	disabled	DArrayTy::sub_006C87C0	all apply flags are 0
006D46A0	disabled	InternalExceptionFrame::sub_006D46A0	all apply flags are 0
006DB610	disabled	ST3DSMAPContext::sub_006DB610	all apply flags are 0
006DBAB0	disabled	ST3DSMAPContext::sub_006DBAB0	all apply flags are 0
006DBCF0	disabled	ST3DSMAPContext::sub_006DBCF0	all apply flags are 0
006DBD20	disabled	ST3DSMAPContext::sub_006DBD20	all apply flags are 0
006DC050	disabled	ST3DSMAPContext::sub_006DC050	all apply flags are 0
006DC300	disabled	ST3DSMAPContext::sub_006DC300	all apply flags are 0
006DC310	disabled	ST3DSMAPContext::sub_006DC310	all apply flags are 0
006DD530	disabled	ST3DSMAPContext::sub_006DD530	all apply flags are 0
006DD610	disabled	ST3DSMAPContext::sub_006DD610	all apply flags are 0
006DD790	disabled	ST3DSMAPContext::sub_006DD790	all apply flags are 0
006DD800	disabled	ST3DSMAPContext::sub_006DD800	all apply flags are 0
006DDA90	disabled	ST3DSMAPContext::sub_006DDA90	all apply flags are 0
006DDAE0	disabled	ST3DSMAPContext::sub_006DDAE0	all apply flags are 0
006DDB70	disabled	ST3DSMAPContext::sub_006DDB70	all apply flags are 0
006DDBB0	disabled	ST3DSMAPContext::sub_006DDBB0	all apply flags are 0
006DDBD0	disabled	ST3DSMAPContext::sub_006DDBD0	all apply flags are 0
006DDBE0	disabled	ST3DSMAPContext::sub_006DDBE0	all apply flags are 0
006DDD50	disabled	ST3DSMAPContext::sub_006DDD50	all apply flags are 0
006E1050	disabled	ST3DSMAPContext::sub_006E1050	all apply flags are 0
006E1440	disabled	ST3DSMAPContext::sub_006E1440	all apply flags are 0
006E1460	disabled	ST3DSMAPContext::sub_006E1460	all apply flags are 0
006E1C20	disabled	ST3DSMAPContext::sub_006E1C20	all apply flags are 0
006E1DD0	disabled	ST3DSMAPContext::sub_006E1DD0	all apply flags are 0
006E25D0	disabled	ST3DSMAPContext::sub_006E25D0	all apply flags are 0
006E2970	disabled	ST3DSMAPContext::sub_006E2970	all apply flags are 0
006E2D00	disabled	ST3DSMAPContext::sub_006E2D00	all apply flags are 0
006E3210	disabled	ST3DSMAPContext::sub_006E3210	all apply flags are 0
006E3310	disabled	ST3DSMAPContext::sub_006E3310	all apply flags are 0
006E3DB0	disabled		all apply flags are 0
006E4290	disabled	STAppC::sub_006E4290	all apply flags are 0
006E4B80	disabled		all apply flags are 0
006E4D20	disabled	AppClassTy::sub_006E4D20	all apply flags are 0
006E5150	disabled	STAppC::sub_006E5150	all apply flags are 0
006E51B0	disabled	STAppC::sub_006E51B0	all apply flags are 0
006E52D0	disabled		all apply flags are 0
006E5360	disabled	StartSystemTy::sub_006E5360	all apply flags are 0
006E5380	disabled	STPlaySystemC::sub_006E5380	all apply flags are 0
006E56B0	disabled	StartSystemTy::sub_006E56B0	all apply flags are 0
006E57B0	disabled	STPlaySystemC::sub_006E57B0	all apply flags are 0
006E5FB0	disabled		all apply flags are 0
006E5FD0	disabled		all apply flags are 0
006E5FE0	disabled	ComboTy::sub_006E5FE0	all apply flags are 0
006E6000	disabled		all apply flags are 0
006E6020	disabled		all apply flags are 0
006E6080	disabled		all apply flags are 0
006E60A0	disabled		all apply flags are 0
006E60E0	disabled		all apply flags are 0
006E62D0	disabled	STPlaySystemC::sub_006E62D0	all apply flags are 0
006E6400	disabled	ST3DSMAPContext::sub_006E6400	all apply flags are 0
006E6460	disabled	ST3DSMAPContext::sub_006E6460	all apply flags are 0
006E6500	disabled	ST3DSMAPContext::sub_006E6500	all apply flags are 0
006E6540	disabled	ST3DSMAPContext::sub_006E6540	all apply flags are 0
006E6580	disabled	ST3DSMAPContext::sub_006E6580	all apply flags are 0
006E65C0	disabled	ST3DSMAPContext::sub_006E65C0	all apply flags are 0
006E6620	disabled	ST3DSMAPContext::sub_006E6620	all apply flags are 0
006E6710	disabled	ST3DSMAPContext::sub_006E6710	all apply flags are 0
006E6780	disabled	ST3DSMAPContext::sub_006E6780	all apply flags are 0
006E68C0	disabled	ST3DSMAPContext::sub_006E68C0	all apply flags are 0
006E6FB0	disabled	ST3DSMAPContext::sub_006E6FB0	all apply flags are 0
006E8580	disabled	ST3DSMAPContext::sub_006E8580	all apply flags are 0
006E8630	disabled	ST3DSMAPContext::sub_006E8630	all apply flags are 0
006E8640	disabled	ST3DSMAPContext::sub_006E8640	all apply flags are 0
006E8660	disabled	ST3DSMAPContext::sub_006E8660	all apply flags are 0
006E88C0	disabled	ST3DSMAPContext::sub_006E88C0	all apply flags are 0
006E89B0	disabled	ST3DSMAPContext::sub_006E89B0	all apply flags are 0
006E9000	disabled	ST3DSMAPContext::sub_006E9000	all apply flags are 0
006E91D0	disabled	ST3DSMAPContext::sub_006E91D0	all apply flags are 0
006E98E0	disabled	ST3DSMAPContext::sub_006E98E0	all apply flags are 0
006E9CB0	disabled	ST3DSMAPContext::sub_006E9CB0	all apply flags are 0
006E9D40	disabled	ST3DSMAPContext::sub_006E9D40	all apply flags are 0
006E9EF0	disabled	ST3DSMAPContext::sub_006E9EF0	all apply flags are 0
006EA270	disabled	ST3DSMAPContext::sub_006EA270	all apply flags are 0
006EA5E0	disabled	ST3DSMAPContext::sub_006EA5E0	all apply flags are 0
006EA6D0	disabled	ST3DSMAPContext::sub_006EA6D0	all apply flags are 0
006EA800	disabled	ST3DSMAPContext::sub_006EA800	all apply flags are 0
006EA8A0	disabled	ST3DSMAPContext::sub_006EA8A0	all apply flags are 0
006EB310	disabled	ST3DSMAPContext::sub_006EB310	all apply flags are 0
006EB350	disabled	ST3DSMAPContext::sub_006EB350	all apply flags are 0
006F07E0	disabled	CGenerate::sub_006F07E0	all apply flags are 0
00709470	disabled	ST3DSMAPContext::sub_00709470	all apply flags are 0
0070A9F0	disabled	cMf32::sub_0070A9F0	all apply flags are 0
0070AA70	disabled	cMf32::sub_0070AA70	all apply flags are 0
0070B3A0	disabled		all apply flags are 0
00710790	disabled	StartSystemTy::sub_00710790	all apply flags are 0
00717870	disabled	ST3DSMAPContext::sub_00717870	all apply flags are 0
007178C0	disabled	ST3DSMAPContext::sub_007178C0	all apply flags are 0
0071A990	disabled	SoundClassTy::sub_0071A990	all apply flags are 0
0072B700	disabled		all apply flags are 0
0074857E	disabled		all apply flags are 0
00749D5F	disabled	CBaseRenderer::sub_00749D5F	all apply flags are 0
0074C38F	unchanged	RecoveredClass_0074CDC5::sub_0074C38F	owner=unchanged; this_type=unchanged
0074C658	unchanged	RecoveredClass_0074CFC0::sub_0074C658	owner=unchanged; this_type=unchanged
