type_apply	name_apply	repair	protected_override	function_address	expected_function	target_kind	target_ordinal	expected_target_name	expected_target_type	expected_target_source	proposed_name	proposed_type	confidence	evidence_sites	reason
0	0	0	0	00413170	FUN_00413170	parameter	4	param_5	pointer:/undefined4	DEFAULT		pointer:/int	review	00413050 -> 00413170 @ 004130DD; address of FUN_00413050 parameter param_1	type_evidence={pointer:/int=1}; name_evidence={}; strong_evidence=0
0	0	0	0	00419CF0	TLOEmbryoTy::sub_00419CF0	parameter	1	param_2	/undefined4	DEFAULT		/uint	review	004B9FA0 -> 00419CF0 @ 004BACBB; unproven partial register write at 004BACB4	type_evidence={/uint=1}; name_evidence={}; strong_evidence=0
0	0	0	0	00423300	FUN_00423300	return		<RETURN>	/int	ANALYSIS		pointer:/AiFltClassTy	review	00423300 returns used as this of AiFltClassTy::GetAiMess @ 00657BB1 | 00423300 returns used as this of AiFltClassTy::GetAiMess @ 00658CE4 | 00423300 returns used as this of AiFltClassTy::GetAiMess @ 0065935D	type_evidence={pointer:/AiFltClassTy=3}; name_evidence={}; strong_evidence=3; machine_abi_target_preserved
0	0	0	0	004354E0	STAllPlayersC::ReplaceObject	parameter	2	param_2	/undefined4	DEFAULT		/uint	review	004D32C0 -> 004354E0 @ 004D3986; unproven partial register write at 004D3972	type_evidence={/uint=1}; name_evidence={}; strong_evidence=0
0	0	0	0	004354E0	STAllPlayersC::ReplaceObject	parameter	3	param_3	/undefined4	DEFAULT		/uint	review	004D32C0 -> 004354E0 @ 004D3986; unproven partial register write at 004D3976	type_evidence={/uint=1}; name_evidence={}; strong_evidence=0
0	0	0	0	00435930	STAllPlayersC::GetCursorType	parameter	1	param_1	/undefined4	DEFAULT		/SubmarineTitans/Recovered/Enums/Global_sub_00435B90_param_3Enum	review	00435930 -> 00435B90 @ 00435B00	type_evidence={/SubmarineTitans/Recovered/Enums/Global_sub_00435B90_param_3Enum=1}; name_evidence={}; strong_evidence=0
0	0	0	0	004407A0	FUN_004407a0	parameter	1	param_2	/undefined4	DEFAULT		/uint	review	004945C0 -> 004407A0 @ 004947A6; unproven partial register write at 0049479A	type_evidence={/uint=1}; name_evidence={}; strong_evidence=0
0	0	0	0	004407A0	FUN_004407a0	parameter	2	param_3	/undefined4	DEFAULT		/uint	review	004945C0 -> 004407A0 @ 004947A6; unproven partial register write at 00494796	type_evidence={/uint=1}; name_evidence={}; strong_evidence=0
0	0	0	0	00488D10	STBoatC::vfunc_4C	parameter	1	param_1	pointer:/undefined4	DEFAULT		pointer:/SubmarineTitans/Recovered/Enums/STBoatC_field_06F7State	review	00488D34 exact 4-byte output store from /STBoatC+0x6f7	type_evidence={pointer:/SubmarineTitans/Recovered/Enums/STBoatC_field_06F7State=1}; name_evidence={}; strong_evidence=1; offset_zero_scalar_store_is_part_of_larger_output_aggregate
0	0	0	0	00492550	FUN_00492550	parameter	4	param_4	pointer:/undefined2	DEFAULT		pointer:/short	review	004758E0 -> 00492550 @ 00475A1D; /STBoatC+0x5d0	type_evidence={pointer:/short=1}; name_evidence={}; strong_evidence=0
0	0	0	0	00492550	FUN_00492550	parameter	5	param_5	pointer:/undefined2	DEFAULT		pointer:/short	review	004758E0 -> 00492550 @ 00475A1D; /STBoatC+0x5d2	type_evidence={pointer:/short=1}; name_evidence={}; strong_evidence=0
0	0	0	0	004AF080	FUN_004af080	parameter	7	param_8	/undefined4	DEFAULT		/int	review	004B0D10 -> 004AF080 @ 004B0E36; FUN_004b0d10 parameter param_8	type_evidence={/int=1}; name_evidence={}; strong_evidence=0
0	0	0	0	004AF080	FUN_004af080	parameter	8	param_9	pointer:/SubmarineTitans/Recovered/PointerShapes/RecoveredRecord_004AF080_5D31BF96	DEFAULT		pointer:/SubmarineTitans/Recovered/PointerShapes/RecoveredRecord_004B0D10_23CAA7D2	review	004B0D10 -> 004AF080 @ 004B0E36; FUN_004b0d10 parameter param_9	type_evidence={pointer:/SubmarineTitans/Recovered/PointerShapes/RecoveredRecord_004B0D10_23CAA7D2=1}; name_evidence={}; strong_evidence=1; offset_zero_scalar_store_is_part_of_larger_output_aggregate
0	0	0	0	004B2520	FUN_004b2520	parameter	5	param_6	pointer:/undefined4	DEFAULT		pointer:/short	review	00479600 -> 004B2520 @ 0047B46E; /STBoatC+0x657	type_evidence={pointer:/short=1}; name_evidence={}; strong_evidence=0
0	0	0	0	004B2520	FUN_004b2520	parameter	7	param_8	pointer:/undefined4	DEFAULT		pointer:/short	review	00479600 -> 004B2520 @ 0047B46E; /STBoatC+0x65b	type_evidence={pointer:/short=1}; name_evidence={}; strong_evidence=0
0	0	0	0	004B7140	FUN_004b7140	parameter	1	param_2	/undefined4	DEFAULT		/uint	review	00652810 -> 004B7140 @ 00655541; unproven partial register write at 00655537	type_evidence={/uint=1}; name_evidence={}; strong_evidence=0
0	0	0	0	004B9BB0	FUN_004b9bb0	parameter	3	param_3	/undefined2	DEFAULT		/ushort	review	004B9FA0 -> 004B9BB0 @ 004BB031; literal 65535 at 004BB022	type_evidence={/ushort=1}; name_evidence={}; strong_evidence=0
0	0	0	0	004C7260	TLOBaseTy::sub_004C7260	parameter	3	param_3	pointer:/undefined4	DEFAULT		pointer:/int	review	004C7CC0 -> 004C7260 @ 004C7FBE; /TLOBaseTy+0x398	type_evidence={pointer:/int=1}; name_evidence={}; strong_evidence=0
0	0	0	0	004C7260	TLOBaseTy::sub_004C7260	parameter	4	param_4	pointer:/undefined4	DEFAULT		pointer:/int	review	004C7CC0 -> 004C7260 @ 004C7FBE; /TLOBaseTy+0x39c	type_evidence={pointer:/int=1}; name_evidence={}; strong_evidence=0
0	0	0	0	004C7260	TLOBaseTy::sub_004C7260	parameter	6	param_6	pointer:/undefined4	DEFAULT		pointer:/int	review	004C7CC0 -> 004C7260 @ 004C7FBE; /TLOBaseTy+0x3a4	type_evidence={pointer:/int=1}; name_evidence={}; strong_evidence=0
0	0	0	0	004D7480	STAllPlayersC::sub_004D7480	parameter	3	param_3	/undefined4	DEFAULT		/int	review	004749C0 -> 004D7480 @ 004751BF; /STBoatC+0x18	type_evidence={/int=1}; name_evidence={}; strong_evidence=0
0	0	1	0	004DBCC0	FUN_004dbcc0	parameter	1	param_1	pointer:/SubmarineTitans/Recovered/PointerShapes/RecoveredRecordView_004DBCC0_6E09EFD2	DEFAULT		/uint	review	incoming stack slot is read as a uint before its address is passed as a distinct output lifetime	type_evidence={/uint=1}; name_evidence={}; strong_evidence=1; offset_zero_scalar_store_is_part_of_larger_output_aggregate; script_target_repair; addressed_stack_slot_entry_domain_repair
0	0	1	0	004DBF30	FUN_004dbf30	parameter	1	param_1	pointer:/SubmarineTitans/Recovered/PointerShapes/RecoveredRecordView_004DBF30_6D6AEAAB	DEFAULT		/uint	review	incoming stack slot is read as a uint before its address is passed as a distinct output lifetime	type_evidence={/uint=1}; name_evidence={}; strong_evidence=1; offset_zero_scalar_store_is_part_of_larger_output_aggregate; script_target_repair; addressed_stack_slot_entry_domain_repair
0	0	0	0	004E20D0	FUN_004e20d0	parameter	4	param_4	/undefined4	DEFAULT		/int	review	0046F5C0 -> 004E20D0 @ 004706A7; /STBoatC+0x716	type_evidence={/int=1}; name_evidence={}; strong_evidence=0
0	0	1	0	004E2190	FUN_004e2190	parameter	1	param_1	pointer:/int	DEFAULT		pointer:/STBoatC	review	004E2190 -> 00490CA0 @ 004E21C7	type_evidence={pointer:/STBoatC=1}; name_evidence={}; strong_evidence=0; script_target_repair
0	0	0	0	004E5AF0	FUN_004e5af0	parameter	1	param_2	/uint	DEFAULT		pointer:/uint	review	004E7980 -> 004E5AF0 @ 004E7A08; data at 00801020	type_evidence={pointer:/uint=1}; name_evidence={}; strong_evidence=0
0	0	0	0	004E5D50	FUN_004e5d50	parameter	1	param_2	/uint	DEFAULT		pointer:/uint	review	004E7980 -> 004E5D50 @ 004E7BCB; data at 00801020	type_evidence={pointer:/uint=1}; name_evidence={}; strong_evidence=0
0	0	0	0	004E9650	FUN_004e9650	parameter	1	param_1	pointer:/undefined4	DEFAULT		pointer:/short	review	00479600 -> 004E9650 @ 0047A452; /STBoatC+0x657	type_evidence={pointer:/short=1}; name_evidence={}; strong_evidence=0
0	0	0	0	004E9650	FUN_004e9650	parameter	3	param_3	pointer:/undefined4	DEFAULT		pointer:/short	review	00479600 -> 004E9650 @ 0047A452; /STBoatC+0x65b	type_evidence={pointer:/short=1}; name_evidence={}; strong_evidence=0
0	0	0	0	004E9960	FUN_004e9960	parameter	1	param_1	pointer:/undefined4	DEFAULT		pointer:/short	review	00660700 -> 004E9960 @ 00660835; address of FUN_00660700 parameter param_1	type_evidence={pointer:/short=1}; name_evidence={}; strong_evidence=0
0	0	0	0	004E9960	FUN_004e9960	parameter	2	param_2	pointer:/undefined4	DEFAULT		pointer:/short	review	00660700 -> 004E9960 @ 00660835; address of FUN_00660700 parameter param_2	type_evidence={pointer:/short=1}; name_evidence={}; strong_evidence=0
0	0	0	0	004E9960	FUN_004e9960	parameter	3	param_3	pointer:/undefined4	DEFAULT		pointer:/short	review	00660700 -> 004E9960 @ 00660835; address of FUN_00660700 parameter param_3	type_evidence={pointer:/short=1}; name_evidence={}; strong_evidence=0
0	0	0	0	004F19D0	FUN_004f19d0	parameter	2	param_3	pointer:/undefined4	DEFAULT		pointer:/uint	review	004F1C80 -> 004F19D0 @ 004F1C9A; address of CPanelTy::sub_004F1C80 parameter param_1	type_evidence={pointer:/uint=1}; name_evidence={}; strong_evidence=0
0	0	0	0	004F19D0	FUN_004f19d0	parameter	3	param_4	pointer:/undefined4	DEFAULT		pointer:/uint	review	004F1C80 -> 004F19D0 @ 004F1C9A; address of CPanelTy::sub_004F1C80 parameter param_2	type_evidence={pointer:/uint=1}; name_evidence={}; strong_evidence=0
0	0	1	0	00523410	FUN_00523410	return		<RETURN>	/int	ANALYSIS		/WinDef.h/UINT	review	00523410 returns used as parameter 2 of HelpPanelTy::DrawDescription @ 00519C5A | 00523410 returns used as parameter 2 of HelpPanelTy::DrawDescription @ 0051B100 | 00523410 returns used as parameter 2 of HelpPanelTy::DrawDescription @ 0051D0E7 | 00523410 returns used as parameter 2 of HelpPanelTy::DrawDescription @ 0051D46B | 00523410 returns used as parameter 3 of HelpPanelTy::DrawTitle @ 00518D43 | 00523410 returns used as parameter 3 of HelpPanelTy::DrawTitle @ 0051A20E | 00523410 returns used as parameter 3 of HelpPanelTy::DrawTitle @ 0051CA96 | 00523410 returns used as parameter 3 of HelpPanelTy::DrawTitle @ 0051D445	type_evidence={/WinDef.h/UINT=8}; name_evidence={}; strong_evidence=8; machine_abi_target_preserved; script_target_repair
0	0	1	0	00524FE0	FUN_00524fe0	return		<RETURN>	/int	ANALYSIS		/WinDef.h/UINT	review	00524FE0 returns used as parameter 3 of HelpPanelTy::DrawTitle @ 0051B6BE	type_evidence={/WinDef.h/UINT=1}; name_evidence={}; strong_evidence=1; machine_abi_target_preserved; script_target_repair
0	0	0	0	005260B0	FUN_005260b0	parameter	1	param_2	/undefined1	DEFAULT		/byte	review	004F96A0 -> 005260B0 @ 004F99FC; unproven partial register write at 004F99F2	type_evidence={/byte=1}; name_evidence={}; strong_evidence=0
0	0	1	0	00528060	FUN_00528060	return		<RETURN>	/int	ANALYSIS		/WinDef.h/UINT	review	00528060 returns used as parameter 3 of HelpPanelTy::DrawTitle @ 00516B84	type_evidence={/WinDef.h/UINT=1}; name_evidence={}; strong_evidence=1; machine_abi_target_preserved; script_target_repair
0	0	1	0	005293F0	FUN_005293f0	return		<RETURN>	/int	ANALYSIS		/WinDef.h/UINT	review	005293F0 returns used as parameter 3 of HelpPanelTy::DrawTitle @ 00517BAD	type_evidence={/WinDef.h/UINT=1}; name_evidence={}; strong_evidence=1; machine_abi_target_preserved; script_target_repair
0	0	0	0	0052AB40	CreateMiniMap	parameter	0	param_1	pointer:/SubmarineTitans/Recovered/PointerShapes/RecoveredRecord_0052AB40_8E5CB246	DEFAULT		pointer:/short	review	004F5690 -> 0052AB40 @ 004F7008; data at 00806750	type_evidence={pointer:/short=1}; name_evidence={}; strong_evidence=0; offset_zero_scalar_store_is_part_of_larger_output_aggregate
0	0	0	0	00538DB0	PanelTy::PaintIBut	parameter	1	param_1	pointer:/SubmarineTitans/Recovered/PointerShapes/AnonShape_00538DB0_574DDCD0	DEFAULT		pointer:/SubmarineTitans/Recovered/PointerShapes/RecoveredRecord_00529FE0_85E582CB	review	00538DB0 -> 00529FE0 @ 00538EB0	type_evidence={pointer:/SubmarineTitans/Recovered/PointerShapes/RecoveredRecord_00529FE0_85E582CB=1}; name_evidence={}; strong_evidence=0; offset_zero_scalar_store_is_part_of_larger_output_aggregate
0	0	0	0	0053DAF0	UPanelTy::PaintIBut	parameter	1	param_1	pointer:/SubmarineTitans/Recovered/PointerShapes/AnonShape_0053DAF0_3BDC2979	DEFAULT		pointer:/SubmarineTitans/Recovered/PointerShapes/RecoveredRecord_00529FE0_85E582CB	review	0053DAF0 -> 00529FE0 @ 0053DBC4	type_evidence={pointer:/SubmarineTitans/Recovered/PointerShapes/RecoveredRecord_00529FE0_85E582CB=1}; name_evidence={}; strong_evidence=0; offset_zero_scalar_store_is_part_of_larger_output_aggregate
0	0	0	0	0054CC20	STPlaySystemC::CreateGameObject	parameter	5	param_5	/undefined4	DEFAULT		/uint	review	004D0F00 -> 0054CC20 @ 004D0F46; zeroed full register at 004D0F0C	type_evidence={/uint=1}; name_evidence={}; strong_evidence=0
0	0	0	0	0054CF00	STPlaySystemC::vfunc_8	parameter	1	param_1	/int	DEFAULT		/SubmarineTitans/Recovered/Enums/STObjectTypeId	review	0054CF00 -> 006E6170 @ 0054CF1D	type_evidence={/SubmarineTitans/Recovered/Enums/STObjectTypeId=1}; name_evidence={}; strong_evidence=0
0	0	0	0	0054E950	STPlaySystemC::AddToRep	parameter	1	param_1	pointer:/undefined4	DEFAULT		pointer:/char	review	0054EBB0 -> 0054E950 @ 0054EBCC; STPlaySystemC::sub_0054EBB0 parameter param_1	type_evidence={pointer:/char=1}; name_evidence={}; strong_evidence=0
0	0	0	0	0054EEE0	STPlaySystemC::SetCtrlCmd	parameter	1	param_1	/undefined1	DEFAULT		/byte	review	0054EDF0 -> 0054EEE0 @ 0054EE87; unproven partial register write at 0054EE7B	type_evidence={/byte=1}; name_evidence={}; strong_evidence=0
0	0	0	0	00566E70	FUN_00566e70	parameter	1	param_1	/undefined4	DEFAULT		/WinDef.h/HWND	review	00571320 -> 00566E70 @ 00571381; FUN_00571320 parameter param_1	type_evidence={/WinDef.h/HWND=1}; name_evidence={}; strong_evidence=0
0	0	0	0	0057B990	FUN_0057b990	parameter	4	param_5	/undefined2	DEFAULT		/ushort	review	0057BA30 -> 0057B990 @ 0057BB9F; unproven partial register write at 0057BB86	type_evidence={/ushort=1}; name_evidence={}; strong_evidence=0
0	0	0	0	00580FF0	FUN_00580ff0	parameter	1	param_2	/undefined2	DEFAULT		/ushort	review	005804F0 -> 00580FF0 @ 0058053D; FUN_005804f0 parameter param_3	type_evidence={/ushort=1}; name_evidence={}; strong_evidence=0
0	0	0	0	00582460	FUN_00582460	parameter	11	param_12	/undefined2	DEFAULT		/ushort	review	00581AC0 -> 00582460 @ 00581B44; literal 65535 at 00581B0D	type_evidence={/ushort=1}; name_evidence={}; strong_evidence=0
0	0	0	0	0058CF90	FUN_0058cf90	parameter	2	param_2	/undefined2	DEFAULT		/ushort	review	004CCC10 -> 0058CF90 @ 004CD139; unproven partial register write at 004CD12D	type_evidence={/ushort=1}; name_evidence={}; strong_evidence=0
0	0	0	0	005AB300	ChooseMapTy::InitChooseMap	parameter	1	param_1	/undefined1	DEFAULT		/byte	review	005B0BA0 -> 005AB300 @ 005B0C4B; unproven partial register write at 005B0C44	type_evidence={/byte=1}; name_evidence={}; strong_evidence=0
0	0	0	0	005B5510	MMObjTy::CreateSprBut	parameter	2	param_2	/undefined4	DEFAULT		/uint	review	0059DB20 -> 005B5510 @ 0059E117; zeroed full register at 0059DFE2	type_evidence={/uint=1}; name_evidence={}; strong_evidence=0
0	0	0	0	005BD7A0	MReportTy::InitMReport	parameter	1	param_1	/undefined1	DEFAULT		/byte	review	005C1A90 -> 005BD7A0 @ 005C1B24; unproven partial register write at 005C1B20	type_evidence={/byte=1}; name_evidence={}; strong_evidence=0
0	0	0	0	005DAB70	FUN_005dab70	parameter	2	param_3	/undefined4	DEFAULT		pointer:/char	review	005BC5E0 -> 005DAB70 @ 005BCD9E; data at 008016A0	type_evidence={pointer:/char=1}; name_evidence={}; strong_evidence=0
0	0	0	0	005DFA30	MTaskTy::InitMTask	parameter	2	param_2	/undefined1	DEFAULT		/byte	review	005E4570 -> 005DFA30 @ 005E460B; unproven partial register write at 005E4603	type_evidence={/byte=1}; name_evidence={}; strong_evidence=0
0	0	0	0	005F05A0	FUN_005f05a0	parameter	2	param_2	/undefined2	DEFAULT		/ushort	review	005EDC20 -> 005F05A0 @ 005EDD87; unproven partial register write at 005EDD7C	type_evidence={/ushort=1}; name_evidence={}; strong_evidence=0
0	0	0	0	005F15F0	FUN_005f15f0	parameter	3	param_3	/undefined2	DEFAULT		/ushort	review	005F23D0 -> 005F15F0 @ 005F26C1; literal 0 at 005F26BD	type_evidence={/ushort=1}; name_evidence={}; strong_evidence=0
0	0	0	0	005F15F0	FUN_005f15f0	parameter	4	param_4	/undefined1	DEFAULT		/byte	review	005F23D0 -> 005F15F0 @ 005F26C1; STManBasisC::sub_005F23D0 parameter param_4	type_evidence={/byte=1}; name_evidence={}; strong_evidence=0
0	0	0	0	005F15F0	FUN_005f15f0	parameter	5	param_5	/undefined2	DEFAULT		/ushort	review	005F23D0 -> 005F15F0 @ 005F26C1; literal 0 at 005F26BA	type_evidence={/ushort=1}; name_evidence={}; strong_evidence=0
0	0	0	0	00605B60	FUN_00605b60	parameter	4	param_4	/int	DEFAULT		/SubmarineTitans/Recovered/Enums/Global_sub_00606FD0_param_1Enum	review	00605B60 -> 00606FD0 @ 00605BEB	type_evidence={/SubmarineTitans/Recovered/Enums/Global_sub_00606FD0_param_1Enum=1}; name_evidence={}; strong_evidence=0
0	0	0	0	00606050	STExplosion::sub_00606050	parameter	9	param_9	/undefined1	DEFAULT		/byte	review	00603740 -> 00606050 @ 00603921; unproven partial register write at 006038E9	type_evidence={/byte=1}; name_evidence={}; strong_evidence=0
0	0	0	0	00607200	FUN_00607200	parameter	4	param_4	/undefined4	DEFAULT		/SubmarineTitans/Recovered/Enums/Global_sub_00606CD0_param_1Enum	review	00607200 -> 00606CD0 @ 0060723A	type_evidence={/SubmarineTitans/Recovered/Enums/Global_sub_00606CD0_param_1Enum=1}; name_evidence={}; strong_evidence=0
0	0	0	0	00608B50	FUN_00608b50	parameter	9	param_9	/undefined1	DEFAULT		/byte	review	00603740 -> 00608B50 @ 00603C13; unproven partial register write at 00603BDD	type_evidence={/byte=1}; name_evidence={}; strong_evidence=0
0	0	0	0	00618B40	FUN_00618b40	parameter	2	param_2	/undefined2	DEFAULT		/ushort	review	004CCC10 -> 00618B40 @ 004CD101; unproven partial register write at 004CD0F5	type_evidence={/ushort=1}; name_evidence={}; strong_evidence=0
0	0	0	0	0061FB70	SndUnderAttMenegC::sub_0061FB70	parameter	4	param_4	/undefined4	DEFAULT		/uint	review	0061F8B0 -> 0061FB70 @ 0061F948; SndUnderAttMenegC::sub_0061F8B0 parameter param_3	type_evidence={/uint=1}; name_evidence={}; strong_evidence=0
0	0	0	0	00620160	SndUnderAttMenegC::sub_00620160	parameter	3	param_3	/undefined4	DEFAULT		/int	review	0061FE80 -> 00620160 @ 0061FED6; SndUnderAttMenegC::sub_0061FE80 parameter param_2	type_evidence={/int=1}; name_evidence={}; strong_evidence=0
0	0	0	0	00620520	SndUnderAttMenegC::sub_00620520	parameter	4	param_4	/undefined4	DEFAULT		/uint	review	006202B0 -> 00620520 @ 0062032F; SndUnderAttMenegC::sub_006202B0 parameter param_4	type_evidence={/uint=1}; name_evidence={}; strong_evidence=0
0	0	0	0	006208B0	SndUnderAttMenegC::sub_006208B0	parameter	2	param_2	/undefined4	DEFAULT		/int	review	00620670 -> 006208B0 @ 006206C6; SndUnderAttMenegC::sub_00620670 parameter param_1	type_evidence={/int=1}; name_evidence={}; strong_evidence=0
0	0	0	0	006208B0	SndUnderAttMenegC::sub_006208B0	parameter	3	param_3	/undefined4	DEFAULT		/int	review	00620670 -> 006208B0 @ 006206C6; SndUnderAttMenegC::sub_00620670 parameter param_2	type_evidence={/int=1}; name_evidence={}; strong_evidence=0
0	0	0	0	00620C50	SndUnderAttMenegC::sub_00620C50	parameter	4	param_4	/undefined4	DEFAULT		/uint	review	00620A00 -> 00620C50 @ 00620A56; SndUnderAttMenegC::sub_00620A00 parameter param_3	type_evidence={/uint=1}; name_evidence={}; strong_evidence=0
0	0	0	0	00620DA0	SndUnderAttMenegC::sub_00620DA0	parameter	2	param_2	/undefined4	DEFAULT		/int	review	0061FE80 -> 00620DA0 @ 0061FFAF; SndUnderAttMenegC::sub_0061FE80 parameter param_2	type_evidence={/int=1}; name_evidence={}; strong_evidence=0
0	0	0	0	00621090	SndUnderAttMenegC::sub_00621090	parameter	4	param_4	/undefined4	DEFAULT		/uint	review	00620E40 -> 00621090 @ 00620E95; SndUnderAttMenegC::sub_00620E40 parameter param_3	type_evidence={/uint=1}; name_evidence={}; strong_evidence=0
0	0	0	0	00621430	SndUnderAttMenegC::sub_00621430	parameter	4	param_4	/undefined4	DEFAULT		/uint	review	006211E0 -> 00621430 @ 00621236; SndUnderAttMenegC::sub_006211E0 parameter param_3	type_evidence={/uint=1}; name_evidence={}; strong_evidence=0
0	0	0	0	00629F90	STParticleC::sub_00629F90	parameter	2	param_2	/undefined4	DEFAULT		/uint	review	00627EB0 -> 00629F90 @ 00627F75; /STPlaySystemC+0xe4	type_evidence={/uint=1}; name_evidence={}; strong_evidence=0
0	0	0	0	0062E170	FUN_0062e170	parameter	4	param_5	/undefined4	DEFAULT		/int	review	0062E240 -> 0062E170 @ 0062E335; FUN_0062e240 parameter param_5	type_evidence={/int=1}; name_evidence={}; strong_evidence=0
0	0	0	0	006308F0	STManRuinC::sub_006308F0	parameter	5	param_5	/undefined4	DEFAULT		/uint	review	00631510 -> 006308F0 @ 00631546; zeroed full register at 0063152C	type_evidence={/uint=1}; name_evidence={}; strong_evidence=0
0	0	0	0	006324C0	FUN_006324c0	parameter	2	param_2	/undefined4	DEFAULT		/SubmarineTitans/Recovered/Enums/Global_sub_00632030_param_1Enum	review	006324C0 -> 00632030 @ 006324DF	type_evidence={/SubmarineTitans/Recovered/Enums/Global_sub_00632030_param_1Enum=1}; name_evidence={}; strong_evidence=0
0	0	0	0	00639500	FUN_00639500	parameter	1	param_1	/undefined4	DEFAULT		/uint	review	00638CA0 -> 00639500 @ 00638D0D; /STPlaySystemC+0xe4	type_evidence={/uint=1}; name_evidence={}; strong_evidence=0
0	0	0	0	0063C030	FUN_0063c030	parameter	1	param_1	/undefined4	DEFAULT		/uint	review	00639C90 -> 0063C030 @ 00639D04; /STPlaySystemC+0xe4	type_evidence={/uint=1}; name_evidence={}; strong_evidence=0
0	0	0	0	0065E9A0	FUN_0065e9a0	parameter	6	param_6	/undefined4	DEFAULT		/uint	review	00664960 -> 0065E9A0 @ 00666160; unproven partial register write at 00666132	type_evidence={/uint=1}; name_evidence={}; strong_evidence=0
0	0	0	0	0065EB70	FUN_0065eb70	parameter	7	param_7	/undefined4	DEFAULT		/uint	review	00664960 -> 0065EB70 @ 006665A0; unproven partial register write at 00666573	type_evidence={/uint=1}; name_evidence={}; strong_evidence=0
0	0	0	0	00660540	FUN_00660540	parameter	5	param_5	/undefined2	DEFAULT		/ushort	review	00664960 -> 00660540 @ 006653F2; unproven partial register write at 006653C7	type_evidence={/ushort=1}; name_evidence={}; strong_evidence=0
0	0	0	0	00660620	FUN_00660620	parameter	1	param_2	/undefined4	DEFAULT		/uint	review	00664960 -> 00660620 @ 00666AE9; unproven partial register write at 00666ADE	type_evidence={/uint=1}; name_evidence={}; strong_evidence=0
0	0	0	0	00660F70	AiFltClassTy::sub_00660F70	parameter	2	param_2	/undefined2	DEFAULT		/short	review	00662240 -> 00660F70 @ 00663608; literal -1 at 00663603	type_evidence={/short=1}; name_evidence={}; strong_evidence=0
0	0	0	0	0067CF30	FUN_0067cf30	parameter	1	param_2	/undefined2	DEFAULT		/ushort	review	00683C70 -> 0067CF30 @ 00685749; unproven partial register write at 00685739	type_evidence={/ushort=1}; name_evidence={}; strong_evidence=0
0	0	0	0	00680550	FUN_00680550	parameter	0	param_1	/undefined1	DEFAULT		/byte	review	00683C70 -> 00680550 @ 006855EF; unproven partial register write at 006855E7	type_evidence={/byte=1}; name_evidence={}; strong_evidence=0
0	0	0	0	00690E90	FUN_00690e90	parameter	1	param_2	/undefined2	DEFAULT		/ushort	review	00683C70 -> 00690E90 @ 00685AA7; unproven partial register write at 00685A97	type_evidence={/ushort=1}; name_evidence={}; strong_evidence=0
0	0	0	0	00690E90	FUN_00690e90	parameter	2	param_3	/undefined2	DEFAULT		/ushort	review	00683C70 -> 00690E90 @ 00685AA7; unproven partial register write at 00685A90	type_evidence={/ushort=1}; name_evidence={}; strong_evidence=0
0	0	0	0	00692C10	FUN_00692c10	parameter	2	param_3	pointer:/undefined4	DEFAULT		pointer:/uint	review	0069F5C0 -> 00692C10 @ 0069F60E; address of FUN_0069f5c0 parameter param_3	type_evidence={pointer:/uint=1}; name_evidence={}; strong_evidence=0
0	0	0	0	00695C10	CGenerate::sub_00695C10	parameter	4	param_4	/undefined4	DEFAULT		/int	review	00697390 -> 00695C10 @ 00697531; return of CGenerate::sub_00698CA0	type_evidence={/int=1}; name_evidence={}; strong_evidence=0
0	0	0	0	0069ECE0	FUN_0069ece0	parameter	2	param_2	/int	DEFAULT		pointer:/SubmarineTitans/Recovered/PointerShapes/RecoveredRecord_00695010_96BA53C4	review	0069ECE0 -> 00695010 @ 0069EF91	type_evidence={pointer:/SubmarineTitans/Recovered/PointerShapes/RecoveredRecord_00695010_96BA53C4=1}; name_evidence={}; strong_evidence=0
0	0	0	0	006B8F10	FUN_006b8f10	parameter	0	param_1	pointer:/SubmarineTitans/Recovered/PointerShapes/AnonShape_006B8F10_41B61BA9	DEFAULT		pointer:/byte	review	006B8F10 -> 006B82E0 @ 006B90A4	type_evidence={pointer:/byte=1}; name_evidence={}; strong_evidence=0
0	0	0	0	006B9940	Library::DKW::DDX::FUN_006b9940	parameter	2	param_3	/undefined4	DEFAULT		/WinDef.h/HWND	review	006B9B20 -> 006B9940 @ 006B9B31; FUN_006b9b20 parameter param_2	type_evidence={/WinDef.h/HWND=1}; name_evidence={}; strong_evidence=0
0	0	0	0	006BA9E0	Library::DKW::DDX::FUN_006ba9e0	parameter	5	param_6	/undefined4	DEFAULT		/uint	review	005B3D60 -> 006BA9E0 @ 005B430E; zeroed full register at 005B427F	type_evidence={/uint=1}; name_evidence={}; strong_evidence=0
0	0	0	0	006BFB90	FUN_006bfb90	return		<RETURN>	/int	ANALYSIS		/WinDef.h/DWORD	review	006BFB90 returns forwarded through return of FUN_006bfe70 @ 006BFF22 | 006BFB90 returns forwarded through return of FUN_006bfe70 @ 006C0363 | 006BFB90 returns forwarded through return of FUN_006bfe70 @ 006C07DB	type_evidence={/WinDef.h/DWORD=3}; name_evidence={}; strong_evidence=3; machine_abi_target_preserved
0	0	1	0	006BFE70	FUN_006bfe70	parameter	2	param_3	/int	DEFAULT		pointer:/SubmarineTitans/Recovered/PointerShapes/RecoveredRecordView_006BFBF0_7F78587C	review	006BFBF0 -> 006BFE70 @ 006BFD7F; FUN_006bfbf0 parameter param_1 | 006BFE70 -> 0072DA70 @ 006BFEED	type_evidence={/uint=1, pointer:/SubmarineTitans/Recovered/PointerShapes/RecoveredRecordView_006BFBF0_7F78587C=1}; name_evidence={}; strong_evidence=1; machine_abi_target_preserved; script_target_repair; strong_type_evidence_overrides_weak_alternatives
0	0	0	0	006C1530	Library::DKW::SND::FUN_006c1530	parameter	0	param_1	/undefined4	DEFAULT		/WinDef.h/HWND	review	00567180 -> 006C1530 @ 005671BF; FUN_00567180 parameter param_1	type_evidence={/WinDef.h/HWND=1}; name_evidence={}; strong_evidence=0
0	0	0	0	006C1CE0	Library::DKW::SND::FUN_006c1ce0	parameter	1	param_2	/undefined4	DEFAULT		/int	review	005682C0 -> 006C1CE0 @ 005685A6; FUN_005682c0 parameter param_1	type_evidence={/int=1}; name_evidence={}; strong_evidence=0
0	0	0	0	006C3570	FUN_006c3570	parameter	0	param_1	pointer:/SubmarineTitans/Recovered/PointerShapes/AnonShape_006C3570_37024033	DEFAULT		pointer:/int	review	006C3AA0 -> 006C3570 @ 006C3AA8; FUN_006c3aa0 parameter param_1	type_evidence={pointer:/int=1}; name_evidence={}; strong_evidence=0
0	0	0	0	006C5210	FUN_006c5210	parameter	0	param_1	pointer:/SubmarineTitans/Recovered/PointerShapes/AnonShape_006C5210_E9B30C00	DEFAULT		pointer:/SubmarineTitans/Recovered/PointerShapes/AnonShape_006CEC40_BB23E716	review	006C5210 -> 006CEC40 @ 006C528E	type_evidence={pointer:/SubmarineTitans/Recovered/PointerShapes/AnonShape_006CEC40_BB23E716=1}; name_evidence={}; strong_evidence=0; offset_zero_scalar_store_is_part_of_larger_output_aggregate
0	0	0	0	006C52E0	FUN_006c52e0	parameter	0	param_1	pointer:/SubmarineTitans/Recovered/PointerShapes/AnonShape_006C52E0_B18BC6D0	DEFAULT		pointer:/SubmarineTitans/Recovered/PointerShapes/AnonShape_006CEC40_BB23E716	review	006C52E0 -> 006CEC40 @ 006C535E	type_evidence={pointer:/SubmarineTitans/Recovered/PointerShapes/AnonShape_006CEC40_BB23E716=1}; name_evidence={}; strong_evidence=0; offset_zero_scalar_store_is_part_of_larger_output_aggregate
0	0	0	0	006CE770	Library::DKW::DDX::FUN_006ce770	parameter	0	param_1	/uint	DEFAULT		/WinDef.h/HDC	review	006D0020 -> 006CE770 @ 006D002F; FUN_006d0020 parameter hdc	type_evidence={/WinDef.h/HDC=1}; name_evidence={}; strong_evidence=0
0	0	0	0	006CE770	Library::DKW::DDX::FUN_006ce770	parameter	1	param_2	pointer:/undefined4	DEFAULT		pointer:/WinDef.h/HDC	review	006D0020 -> 006CE770 @ 006D002F; address of FUN_006d0020 parameter hdc	type_evidence={pointer:/WinDef.h/HDC=1}; name_evidence={}; strong_evidence=0
0	0	0	0	006D26D0	FUN_006d26d0	parameter	1	param_2	/int	DEFAULT		pointer:/SubmarineTitans/Recovered/PointerShapes/RecoveredSourceFamily_dibcopy	review	006D2820 -> 006D26D0 @ 006D2B0D; FUN_006d2820 parameter param_2	type_evidence={pointer:/SubmarineTitans/Recovered/PointerShapes/RecoveredSourceFamily_dibcopy=1}; name_evidence={}; strong_evidence=0
0	0	0	0	006D3300	FUN_006d3300	parameter	2	param_3	pointer:/SubmarineTitans/Recovered/PointerShapes/RecoveredRecord_006D3300_0D49F2B9	DEFAULT		pointer:/SubmarineTitans/Recovered/PointerShapes/RecoveredRecord_006CFE10_B59F6D2D	review	006D3300 -> 006CFE10 @ 006D332E	type_evidence={pointer:/SubmarineTitans/Recovered/PointerShapes/RecoveredRecord_006CFE10_B59F6D2D=1}; name_evidence={}; strong_evidence=0; offset_zero_scalar_store_is_part_of_larger_output_aggregate
0	0	0	0	006D4EF0	FUN_006d4ef0	parameter	2	param_3	/int	DEFAULT		pointer:/SubmarineTitans/Recovered/PointerShapes/RecoveredRecord_006D4FF0_C0FB69E1	review	006D4EF0 -> 006D4FF0 @ 006D4F1A	type_evidence={pointer:/SubmarineTitans/Recovered/PointerShapes/RecoveredRecord_006D4FF0_C0FB69E1=1}; name_evidence={}; strong_evidence=0
0	0	0	0	006D5CD0	FUN_006d5cd0	parameter	2	param_2	/undefined4	DEFAULT		/uint	review	006D4FF0 -> 006D5CD0 @ 006D5049; zeroed full register at 006D5039	type_evidence={/uint=1}; name_evidence={}; strong_evidence=0
0	0	0	0	006D7830	FUN_006d7830	parameter	5	param_6	/undefined1	DEFAULT		/byte	review	006C7570 -> 006D7830 @ 006C75D5; FUN_006c7570 parameter param_8	type_evidence={/byte=1}; name_evidence={}; strong_evidence=0
0	0	0	0	006D86E0	FUN_006d86e0	parameter	2	param_3	pointer:/SubmarineTitans/Recovered/PointerShapes/RecoveredGlobalRecordView_00854F68	DEFAULT		pointer:/SubmarineTitans/Recovered/PointerShapes/RecoveredRecord_006CFE10_B59F6D2D	review	006D86E0 -> 006CFE10 @ 006D8718	type_evidence={pointer:/SubmarineTitans/Recovered/PointerShapes/RecoveredRecord_006CFE10_B59F6D2D=1}; name_evidence={}; strong_evidence=0; offset_zero_scalar_store_is_part_of_larger_output_aggregate
0	0	0	0	006D8A60	FUN_006d8a60	parameter	2	param_3	pointer:/SubmarineTitans/Recovered/PointerShapes/RecoveredRecord_006D8A60_0D169E12	DEFAULT		pointer:/SubmarineTitans/Recovered/PointerShapes/RecoveredRecord_006CFE10_B59F6D2D	review	006D8A60 -> 006CFE10 @ 006D8AD3	type_evidence={pointer:/SubmarineTitans/Recovered/PointerShapes/RecoveredRecord_006CFE10_B59F6D2D=1}; name_evidence={}; strong_evidence=0; offset_zero_scalar_store_is_part_of_larger_output_aggregate
0	0	0	0	006DA1A0	FUN_006da1a0	parameter	4	param_5	pointer:/SubmarineTitans/Recovered/PointerShapes/RecoveredRecord_006DA1A0_A15A54BB	DEFAULT		pointer:/byte	review	006DA080 -> 006DA1A0 @ 006DA12E; FUN_006da080 parameter param_6 | 006DA1A0 -> 006CFE10 @ 006DA2A4	type_evidence={pointer:/SubmarineTitans/Recovered/PointerShapes/RecoveredRecord_006CFE10_B59F6D2D=1, pointer:/byte=1}; name_evidence={}; strong_evidence=1; offset_zero_scalar_store_is_part_of_larger_output_aggregate; strong_type_evidence_overrides_weak_alternatives
0	0	0	0	006DC050	ST3DSMAPContext::sub_006DC050	parameter	3	param_4	/undefined4	DEFAULT		/uint	review	00691690 -> 006DC050 @ 006917D4; zeroed full register at 006917A2	type_evidence={/uint=1}; name_evidence={}; strong_evidence=0
0	0	0	0	006DD050	Library::Ourlib::STREND::FUN_006dd050	parameter	1	param_2	/uint	DEFAULT		/SubmarineTitans/Recovered/Enums/ST3DSMAPContext_field_00A8State	review	006DD610 -> 006DD050 @ 006DD64A; ST3DSMAPContext::sub_006DD610 parameter param_2	type_evidence={/SubmarineTitans/Recovered/Enums/ST3DSMAPContext_field_00A8State=1}; name_evidence={}; strong_evidence=0
0	0	0	0	006E25D0	ST3DSMAPContext::sub_006E25D0	parameter	6	param_7	/undefined4	DEFAULT		/uint	review	006E1050 -> 006E25D0 @ 006E1188; zeroed full register at 006E114C	type_evidence={/uint=1}; name_evidence={}; strong_evidence=0
0	0	0	0	006E2970	ST3DSMAPContext::sub_006E2970	parameter	3	param_3	/undefined4	DEFAULT		/float	review	0054A9B0 -> 006E2970 @ 0054AC85; SubmarineTitans::Recovered::HiddenThis::RecoveredReceiver_0054A9B0::FUN_0054a9b0 parameter param_3	type_evidence={/float=1}; name_evidence={}; strong_evidence=0
0	0	0	0	006E34C0	AppClassTy::AppClassTy	parameter	1	param_1	/undefined4	DEFAULT		/uint	review	0056A5F0 -> 006E34C0 @ 0056A5FF; zeroed full register at 0056A5F9	type_evidence={/uint=1}; name_evidence={}; strong_evidence=0
0	0	0	0	006E5FE0	FUN_006e5fe0	parameter	1	param_1	pointer:/undefined4	DEFAULT		pointer:/SubmarineTitans/Recovered/PointerShapes/RecoveredRecord_006E3DB0_0F66DDCF	review	006E5FE0 -> 006E3DB0 @ 006E5FF6	type_evidence={pointer:/SubmarineTitans/Recovered/PointerShapes/RecoveredRecord_006E3DB0_0F66DDCF=1}; name_evidence={}; strong_evidence=1; offset_zero_scalar_store_is_part_of_larger_output_aggregate
0	0	0	0	006E6170	SystemWithNamedObjClassTy::CreateObject	parameter	5	param_5	/undefined4	DEFAULT		/int	review	0054CF00 -> 006E6170 @ 0054CF1D; STPlaySystemC::vfunc_8 parameter param_5	type_evidence={/int=1}; name_evidence={}; strong_evidence=0
0	0	0	0	006E6200	Library::Ourlib::SAPP::FUN_006e6200	parameter	5	param_5	/undefined4	DEFAULT		pointer:/int	review	0054CDD0 -> 006E6200 @ 0054CE37; FUN_0054cdd0 parameter param_5	type_evidence={pointer:/int=1}; name_evidence={}; strong_evidence=0
0	0	0	0	006E6460	FUN_006e6460	parameter	3	param_3	/undefined2	DEFAULT		/ushort	review	0052AFE0 -> 006E6460 @ 0052B134; literal 151 at 0052B116	type_evidence={/ushort=1}; name_evidence={}; strong_evidence=0
0	0	0	0	006E6460	FUN_006e6460	parameter	4	param_4	/undefined2	DEFAULT		/ushort	review	0052AFE0 -> 006E6460 @ 0052B134; literal 150 at 0052B111	type_evidence={/ushort=1}; name_evidence={}; strong_evidence=0
0	0	0	0	006E6540	FUN_006e6540	parameter	1	param_2	/undefined4	DEFAULT		/float	review	0052B330 -> 006E6540 @ 0052B5A6; /CPanelTy+0xdd6	type_evidence={/float=1}; name_evidence={}; strong_evidence=0
0	0	0	0	006E6630	Library::Ourlib::ST3DSMAP::FUN_006e6630	parameter	4	param_4	/undefined1	DEFAULT		/byte	review	0041F630 -> 006E6630 @ 0041F7FF; literal 0 at 0041F7F4	type_evidence={/byte=1}; name_evidence={}; strong_evidence=0
0	0	0	0	006E8660	ST3DSMAPContext::sub_006E8660	parameter	8	param_8	/uint	DEFAULT		pointer:/STDcResourcC	review	004AD1F0 -> 006E8660 @ 004AD251; STT3DSprC::Init parameter param_4	type_evidence={pointer:/STDcResourcC=1}; name_evidence={}; strong_evidence=0
0	0	0	0	006E89B0	FUN_006e89b0	parameter	5	param_5	/undefined1	DEFAULT		/byte	review	005449B0 -> 006E89B0 @ 00546D31; literal 69 at 00546D25	type_evidence={/byte=1}; name_evidence={}; strong_evidence=0
0	0	0	0	006E8EA0	ST3DSMAPContext::sub_006E8EA0	parameter	1	param_1	pointer:/SubmarineTitans/Recovered/PointerShapes/AnonShape_006E8EA0_96B71903	DEFAULT		pointer:/int	review	006E91D0 -> 006E8EA0 @ 006E91DB; ST3DSMAPContext::sub_006E91D0 parameter param_1	type_evidence={pointer:/int=1}; name_evidence={}; strong_evidence=0
0	0	0	0	006EB4B0	FUN_006eb4b0	parameter	0	param_1	/int	DEFAULT		pointer:/SubmarineTitans/Recovered/PointerShapes/RecoveredRecordView_006BB8B0_05970482	review	006EB4B0 -> 006BB8B0 @ 006EB4BA	type_evidence={pointer:/SubmarineTitans/Recovered/PointerShapes/RecoveredRecordView_006BB8B0_05970482=1}; name_evidence={}; strong_evidence=0
0	0	0	0	006EFC50	Library::Ourlib::MFSTMAP::mfTMapCreate	parameter	4	param_5	/undefined1	DEFAULT		/byte	review	006A01D0 -> 006EFC50 @ 006A02C5; literal 32 at 006A02B9	type_evidence={/byte=1}; name_evidence={}; strong_evidence=0
0	0	0	0	006F1910	cMf32::RecRen	parameter	1	param_1	/undefined1	DEFAULT		/byte	review	0071A250 -> 006F1910 @ 0071A264; literal 2 at 0071A262	type_evidence={/byte=1}; name_evidence={}; strong_evidence=0
0	0	0	0	00708D10	SubmarineTitans::Recovered::HiddenThis::RecoveredReceiver_00702510::FUN_00708d10	parameter	3	param_3	pointer:/SubmarineTitans/Recovered/PointerShapes/AnonShape_00708D10_69880022	DEFAULT		pointer:/SubmarineTitans/Recovered/PointerShapes/RecoveredRecord_006CFE10_B59F6D2D	review	00708D10 -> 006CFE10 @ 0070903F | 00708D10 -> 006CFE10 @ 00709271	type_evidence={pointer:/SubmarineTitans/Recovered/PointerShapes/RecoveredRecord_006CFE10_B59F6D2D=2}; name_evidence={}; strong_evidence=0; offset_zero_scalar_store_is_part_of_larger_output_aggregate
0	0	0	0	00715360	FUN_00715360	parameter	4	param_5	/uint	DEFAULT	local_34	pointer:/uint	review	005CE0E0 -> 00715360 @ 005CF57F; address of SettMapMTy::NoneSettMap stack local local_34 at 005CF568	type_evidence={pointer:/uint=1}; name_evidence={local_34=1}; strong_evidence=0
0	0	0	0	007192D0	Library::Ourlib::PALETTE::FUN_007192d0	parameter	0	param_1	pointer:/undefined4	DEFAULT		pointer:/SubmarineTitans/Recovered/LibraryContexts/DDXContext	review	0055DBF0 -> 007192D0 @ 0055DC4C; DarkScreen parameter param_1	type_evidence={pointer:/SubmarineTitans/Recovered/LibraryContexts/DDXContext=1}; name_evidence={}; strong_evidence=0
0	0	0	0	0072DA70	Library::MSVCRT::FUN_0072da70	parameter	2	param_3	/uint	DEFAULT		pointer:/SubmarineTitans/Recovered/PointerShapes/RecoveredRecordView_006BFBF0_7F78587C	review	006BFE70 -> 0072DA70 @ 006BFEED; FUN_006bfe70 parameter param_3	type_evidence={pointer:/SubmarineTitans/Recovered/PointerShapes/RecoveredRecordView_006BFBF0_7F78587C=1}; name_evidence={}; strong_evidence=0
0	0	0	0	00750FB0	FUN_00750fb0	parameter	0	param_1	pointer:/SubmarineTitans/Recovered/PointerShapes/AnonShape_00750FB0_15A3AC3E	DEFAULT		pointer:/SubmarineTitans/Recovered/PointerShapes/RecoveredRecordView_00753C80_637B4E8C	review	00750FB0 -> 00753C80 @ 00750FF0	type_evidence={pointer:/SubmarineTitans/Recovered/PointerShapes/RecoveredRecordView_00753C80_637B4E8C=1}; name_evidence={}; strong_evidence=0; offset_zero_scalar_store_is_part_of_larger_output_aggregate
0	0	0	0	00753300	Library::DKW::DB::FUN_00753300	parameter	2	param_3	/undefined2	DEFAULT		/ushort	review	00750970 -> 00753300 @ 00750985; literal 0 at 00750981	type_evidence={/ushort=1}; name_evidence={}; strong_evidence=0
0	0	0	0	00753BC0	Library::DKW::DB::FUN_00753bc0	parameter	2	param_3	pointer:/undefined4	DEFAULT		pointer:/WinDef.h/DWORD	review	00751BA0 -> 00753BC0 @ 00751BB2; address of FUN_00751ba0 parameter param_2	type_evidence={pointer:/WinDef.h/DWORD=1}; name_evidence={}; strong_evidence=0
0	0	0	0	00753F10	FUN_00753f10	parameter	1	param_2	/undefined4	DEFAULT		pointer:/char	review	00751140 -> 00753F10 @ 00751157; FUN_00751140 parameter param_1	type_evidence={pointer:/char=1}; name_evidence={}; strong_evidence=0
0	0	0	0	00754360	FUN_00754360	return		<RETURN>	/int	ANALYSIS		/WinDef.h/DWORD	review	00754360 returns forwarded through return of FUN_00751980 @ 007519B2 | 00754360 returns forwarded through return of FUN_00751ba0 @ 00751BD2 | 00754360 returns forwarded through return of FUN_00751bf0 @ 00751C22	type_evidence={/WinDef.h/DWORD=3}; name_evidence={}; strong_evidence=3; machine_abi_target_preserved
0	0	0	0	007543F0	FUN_007543f0	parameter	2	param_3	pointer:/undefined4	DEFAULT		pointer:/WinDef.h/DWORD	review	00751BF0 -> 007543F0 @ 00751C02; address of FUN_00751bf0 parameter param_2	type_evidence={pointer:/WinDef.h/DWORD=1}; name_evidence={}; strong_evidence=0
0	0	0	0	007553F0	FUN_007553f0	parameter	0	param_1	pointer:/SubmarineTitans/Recovered/PointerShapes/AnonShape_007553F0_ACB112C2	DEFAULT		pointer:/SubmarineTitans/Recovered/PointerShapes/RecoveredRecordView_00750F20_49A60217	review	007553F0 -> 00753B80 @ 0075540C	type_evidence={pointer:/SubmarineTitans/Recovered/PointerShapes/RecoveredRecordView_00750F20_49A60217=1}; name_evidence={}; strong_evidence=0; offset_zero_scalar_store_is_part_of_larger_output_aggregate
0	0	0	0	00755E10	FUN_00755e10	parameter	0	param_1	pointer:/SubmarineTitans/Recovered/PointerShapes/RecoveredRecordView_00755E10_DA2F2616	DEFAULT		pointer:/SubmarineTitans/Recovered/PointerShapes/RecoveredRecordView_00750F20_49A60217	review	00755E10 -> 00753B80 @ 00755E4E	type_evidence={pointer:/SubmarineTitans/Recovered/PointerShapes/RecoveredRecordView_00750F20_49A60217=1}; name_evidence={}; strong_evidence=0; offset_zero_scalar_store_is_part_of_larger_output_aggregate
0	0	0	0	0075EFE0	FUN_0075efe0	parameter	0	param_1	pointer:/SubmarineTitans/Recovered/PointerShapes/RecoveredRecord_0075EFE0_EBB05E23	DEFAULT		pointer:/int	review	0075EF60 -> 0075EFE0 @ 0075EF99; FUN_0075ef60 parameter param_1 | 0075F3F0 -> 0075EFE0 @ 0075F4E5; FUN_0075f3f0 parameter param_1 | 0075F3F0 -> 0075EFE0 @ 0075F4EF; FUN_0075f3f0 parameter param_1	type_evidence={pointer:/int=3}; name_evidence={}; strong_evidence=0; offset_zero_scalar_store_is_part_of_larger_output_aggregate
