apply	source_type	target_type	length	concrete_fields	defined_components	distinct_function_targets	global_reference_functions	global_pointer_roots	containing_pointer_fields	status	evidence
0	/SubmarineTitans/Recovered/PointerShapes/AnonShape_0040D540_1BB7A4CF		48	1	1	4	0		0	insufficient_structural_shape	fewer than two exact offset/width components do not establish a useful record view
0	/SubmarineTitans/Recovered/PointerShapes/AnonShape_0040F220_06315B9F		20	2	2	1	0		0	function_local_or_unreferenced	exact managed pointee reaches fewer than two distinct function boundaries and has no unique global root referenced by two functions
0	/SubmarineTitans/Recovered/PointerShapes/AnonShape_0040F220_61B59860		20	2	2	1	0		0	function_local_or_unreferenced	exact managed pointee reaches fewer than two distinct function boundaries and has no unique global root referenced by two functions
0	/SubmarineTitans/Recovered/PointerShapes/AnonShape_0041AF40_EF4C5356		12	0	2	1	0		0	function_local_or_unreferenced	exact managed pointee reaches fewer than two distinct function boundaries and has no unique global root referenced by two functions
0	/SubmarineTitans/Recovered/PointerShapes/AnonShape_0041AF40_F59F8577		24	2	2	0	0		0	function_local_or_unreferenced	exact managed pointee reaches fewer than two distinct function boundaries and has no unique global root referenced by two functions
0	/SubmarineTitans/Recovered/PointerShapes/AnonShape_004210E0_306A4C8B		945	4	67	1	0		0	function_local_or_unreferenced	exact managed pointee reaches fewer than two distinct function boundaries and has no unique global root referenced by two functions
0	/SubmarineTitans/Recovered/PointerShapes/AnonShape_00422210_9D5BEAD8		636	1	18	1	0		0	function_local_or_unreferenced	exact managed pointee reaches fewer than two distinct function boundaries and has no unique global root referenced by two functions
0	/SubmarineTitans/Recovered/PointerShapes/AnonShape_00424360_8159BFF1		56	2	8	1	0		0	function_local_or_unreferenced	exact managed pointee reaches fewer than two distinct function boundaries and has no unique global root referenced by two functions
0	/SubmarineTitans/Recovered/PointerShapes/AnonShape_00428E50_DFCBD4F2		64	2	4	1	0		0	function_local_or_unreferenced	exact managed pointee reaches fewer than two distinct function boundaries and has no unique global root referenced by two functions
0	/SubmarineTitans/Recovered/PointerShapes/AnonShape_00439100_AC816B12		16	1	3	1	0		0	function_local_or_unreferenced	exact managed pointee reaches fewer than two distinct function boundaries and has no unique global root referenced by two functions
0	/SubmarineTitans/Recovered/PointerShapes/AnonShape_00440AA0_D2D43F84		45	2	2	1	0		0	function_local_or_unreferenced	exact managed pointee reaches fewer than two distinct function boundaries and has no unique global root referenced by two functions
0	/SubmarineTitans/Recovered/PointerShapes/AnonShape_00443F30_5DF553AC		2109	1	1	1	0		0	insufficient_structural_shape	fewer than two exact offset/width components do not establish a useful record view
0	/SubmarineTitans/Recovered/PointerShapes/AnonShape_00443F30_9F0248D4		12	1	2	1	0		0	function_local_or_unreferenced	exact managed pointee reaches fewer than two distinct function boundaries and has no unique global root referenced by two functions
0	/SubmarineTitans/Recovered/PointerShapes/AnonShape_00444E70_523E22DE		116	2	4	1	0		0	function_local_or_unreferenced	exact managed pointee reaches fewer than two distinct function boundaries and has no unique global root referenced by two functions
0	/SubmarineTitans/Recovered/PointerShapes/AnonShape_00444E70_8EFB8E54		16	1	2	1	0		0	function_local_or_unreferenced	exact managed pointee reaches fewer than two distinct function boundaries and has no unique global root referenced by two functions
0	/SubmarineTitans/Recovered/PointerShapes/AnonShape_00444E70_E59ECBC3		2680	2	9	1	0		0	function_local_or_unreferenced	exact managed pointee reaches fewer than two distinct function boundaries and has no unique global root referenced by two functions
0	/SubmarineTitans/Recovered/PointerShapes/AnonShape_0044EE30_F343D8F0		1544	4	4	1	0		0	function_local_or_unreferenced	exact managed pointee reaches fewer than two distinct function boundaries and has no unique global root referenced by two functions
0	/SubmarineTitans/Recovered/PointerShapes/AnonShape_004758E0_51E65DA0		100	0	3	1	0		0	function_local_or_unreferenced	exact managed pointee reaches fewer than two distinct function boundaries and has no unique global root referenced by two functions
0	/SubmarineTitans/Recovered/PointerShapes/AnonShape_004900E0_F89C68CE		1528	2	32	1	0		0	function_local_or_unreferenced	exact managed pointee reaches fewer than two distinct function boundaries and has no unique global root referenced by two functions
0	/SubmarineTitans/Recovered/PointerShapes/AnonShape_00490B30_6CCF6294		52	3	3	0	0		0	function_local_or_unreferenced	exact managed pointee reaches fewer than two distinct function boundaries and has no unique global root referenced by two functions
0	/SubmarineTitans/Recovered/PointerShapes/AnonShape_004ADBA0_0D812343		32	5	11	1	0		0	function_local_or_unreferenced	exact managed pointee reaches fewer than two distinct function boundaries and has no unique global root referenced by two functions
0	/SubmarineTitans/Recovered/PointerShapes/AnonShape_004B31C0_DBC5A6CD		752	6	6	1	0		0	function_local_or_unreferenced	exact managed pointee reaches fewer than two distinct function boundaries and has no unique global root referenced by two functions
0	/SubmarineTitans/Recovered/PointerShapes/AnonShape_004B9FA0_0EE05DAC		1016	5	5	1	0		0	function_local_or_unreferenced	exact managed pointee reaches fewer than two distinct function boundaries and has no unique global root referenced by two functions
0	/SubmarineTitans/Recovered/PointerShapes/AnonShape_004C21A0_FDE833A6		588	2	2	1	0		0	function_local_or_unreferenced	exact managed pointee reaches fewer than two distinct function boundaries and has no unique global root referenced by two functions
0	/SubmarineTitans/Recovered/PointerShapes/AnonShape_004DBA70_007C3C4C		1572	1	2	1	0		0	function_local_or_unreferenced	exact managed pointee reaches fewer than two distinct function boundaries and has no unique global root referenced by two functions
0	/SubmarineTitans/Recovered/PointerShapes/AnonShape_004EE350_18D491EA		28	1	1	2	0		0	insufficient_structural_shape	fewer than two exact offset/width components do not establish a useful record view
0	/SubmarineTitans/Recovered/PointerShapes/AnonShape_004EF5F0_1FA558EC		24	1	1	2	0		0	insufficient_structural_shape	fewer than two exact offset/width components do not establish a useful record view
0	/SubmarineTitans/Recovered/PointerShapes/AnonShape_004F2560_DB98CB49		40	2	4	1	0		0	function_local_or_unreferenced	exact managed pointee reaches fewer than two distinct function boundaries and has no unique global root referenced by two functions
0	/SubmarineTitans/Recovered/PointerShapes/AnonShape_004F2560_E9671A44		12	2	2	1	0		0	function_local_or_unreferenced	exact managed pointee reaches fewer than two distinct function boundaries and has no unique global root referenced by two functions
0	/SubmarineTitans/Recovered/PointerShapes/AnonShape_004F3FE0_1578D6B9		28	2	2	1	0		0	function_local_or_unreferenced	exact managed pointee reaches fewer than two distinct function boundaries and has no unique global root referenced by two functions
0	/SubmarineTitans/Recovered/PointerShapes/AnonShape_00505960_269BEFC9		8	2	2	1	0		0	function_local_or_unreferenced	exact managed pointee reaches fewer than two distinct function boundaries and has no unique global root referenced by two functions
0	/SubmarineTitans/Recovered/PointerShapes/AnonShape_00515650_BBDC7053		12	2	2	1	0		0	function_local_or_unreferenced	exact managed pointee reaches fewer than two distinct function boundaries and has no unique global root referenced by two functions
0	/SubmarineTitans/Recovered/PointerShapes/AnonShape_00517A50_98726C61		40	5	5	1	0		0	function_local_or_unreferenced	exact managed pointee reaches fewer than two distinct function boundaries and has no unique global root referenced by two functions
0	/SubmarineTitans/Recovered/PointerShapes/AnonShape_00518C20_0B2995D2		12	0	2	1	0		0	function_local_or_unreferenced	exact managed pointee reaches fewer than two distinct function boundaries and has no unique global root referenced by two functions
0	/SubmarineTitans/Recovered/PointerShapes/AnonShape_00521CF0_154649D2		412	1	1	2	0		0	insufficient_structural_shape	fewer than two exact offset/width components do not establish a useful record view
0	/SubmarineTitans/Recovered/PointerShapes/AnonShape_00521CF0_4A42AA62		412	1	1	1	0		0	insufficient_structural_shape	fewer than two exact offset/width components do not establish a useful record view
0	/SubmarineTitans/Recovered/PointerShapes/AnonShape_0052A430_8E4D893F		24	1	1	1	0		0	insufficient_structural_shape	fewer than two exact offset/width components do not establish a useful record view
0	/SubmarineTitans/Recovered/PointerShapes/AnonShape_0052A7B0_DD603BF4		24	1	1	2	0		0	insufficient_structural_shape	fewer than two exact offset/width components do not establish a useful record view
0	/SubmarineTitans/Recovered/PointerShapes/AnonShape_0052A890_F679384E		24	1	1	1	0		0	insufficient_structural_shape	fewer than two exact offset/width components do not establish a useful record view
0	/SubmarineTitans/Recovered/PointerShapes/AnonShape_0052D0A0_90C708AF		148	3	3	1	0		0	function_local_or_unreferenced	exact managed pointee reaches fewer than two distinct function boundaries and has no unique global root referenced by two functions
0	/SubmarineTitans/Recovered/PointerShapes/AnonShape_005389E0_C98BD548		28	1	1	2	0		0	insufficient_structural_shape	fewer than two exact offset/width components do not establish a useful record view
0	/SubmarineTitans/Recovered/PointerShapes/AnonShape_00538BA0_C95DDA1D		28	1	1	2	0		0	insufficient_structural_shape	fewer than two exact offset/width components do not establish a useful record view
0	/SubmarineTitans/Recovered/PointerShapes/AnonShape_00538DB0_574DDCD0		28	1	1	2	0		0	insufficient_structural_shape	fewer than two exact offset/width components do not establish a useful record view
0	/SubmarineTitans/Recovered/PointerShapes/AnonShape_0053D7A0_044B6141		28	1	1	2	0		0	insufficient_structural_shape	fewer than two exact offset/width components do not establish a useful record view
0	/SubmarineTitans/Recovered/PointerShapes/AnonShape_0053D920_829E6B3B		28	1	1	2	0		0	insufficient_structural_shape	fewer than two exact offset/width components do not establish a useful record view
0	/SubmarineTitans/Recovered/PointerShapes/AnonShape_0053DAF0_3BDC2979		28	1	1	2	0		0	insufficient_structural_shape	fewer than two exact offset/width components do not establish a useful record view
0	/SubmarineTitans/Recovered/PointerShapes/AnonShape_0053DCC0_5B8C160B		28	2	2	1	0		0	function_local_or_unreferenced	exact managed pointee reaches fewer than two distinct function boundaries and has no unique global root referenced by two functions
0	/SubmarineTitans/Recovered/PointerShapes/AnonShape_0053FCD0_D10A885A		24	1	1	2	0		0	insufficient_structural_shape	fewer than two exact offset/width components do not establish a useful record view
0	/SubmarineTitans/Recovered/PointerShapes/AnonShape_0053FEE0_A49592EB		24	1	1	2	0		0	insufficient_structural_shape	fewer than two exact offset/width components do not establish a useful record view
0	/SubmarineTitans/Recovered/PointerShapes/AnonShape_005449B0_F65ED625		16	3	3	1	0		0	function_local_or_unreferenced	exact managed pointee reaches fewer than two distinct function boundaries and has no unique global root referenced by two functions
0	/SubmarineTitans/Recovered/PointerShapes/AnonShape_005557B0_28260162		40	1	1	2	0		0	insufficient_structural_shape	fewer than two exact offset/width components do not establish a useful record view
0	/SubmarineTitans/Recovered/PointerShapes/AnonShape_005582A0_F54946B9		80	8	14	1	0		0	function_local_or_unreferenced	exact managed pointee reaches fewer than two distinct function boundaries and has no unique global root referenced by two functions
0	/SubmarineTitans/Recovered/PointerShapes/AnonShape_00566FF0_D4E50B19		3987	1	1	2	0		0	insufficient_structural_shape	fewer than two exact offset/width components do not establish a useful record view
0	/SubmarineTitans/Recovered/PointerShapes/AnonShape_0056A2A0_1BCB13A2		3595	2	3	1	0		0	function_local_or_unreferenced	exact managed pointee reaches fewer than two distinct function boundaries and has no unique global root referenced by two functions
0	/SubmarineTitans/Recovered/PointerShapes/AnonShape_005738D0_F693E267		3567	0	1	2	0		0	insufficient_structural_shape	fewer than two exact offset/width components do not establish a useful record view
0	/SubmarineTitans/Recovered/PointerShapes/AnonShape_00575CB0_0408A0C4		8	1	1	1	0		0	insufficient_structural_shape	fewer than two exact offset/width components do not establish a useful record view
0	/SubmarineTitans/Recovered/PointerShapes/AnonShape_00575CB0_065D0A66		144	2	4	1	0		0	function_local_or_unreferenced	exact managed pointee reaches fewer than two distinct function boundaries and has no unique global root referenced by two functions
0	/SubmarineTitans/Recovered/PointerShapes/AnonShape_00575CB0_C367735D		12	1	2	1	0		0	function_local_or_unreferenced	exact managed pointee reaches fewer than two distinct function boundaries and has no unique global root referenced by two functions
0	/SubmarineTitans/Recovered/PointerShapes/AnonShape_00578630_C5BC66E1		100	2	17	1	0		0	function_local_or_unreferenced	exact managed pointee reaches fewer than two distinct function boundaries and has no unique global root referenced by two functions
0	/SubmarineTitans/Recovered/PointerShapes/AnonShape_0057A2C0_ED849BD2		44	0	3	1	0		0	function_local_or_unreferenced	exact managed pointee reaches fewer than two distinct function boundaries and has no unique global root referenced by two functions
0	/SubmarineTitans/Recovered/PointerShapes/AnonShape_0057B670_357441D5		8	3	4	1	0		0	function_local_or_unreferenced	exact managed pointee reaches fewer than two distinct function boundaries and has no unique global root referenced by two functions
0	/SubmarineTitans/Recovered/PointerShapes/AnonShape_0057BF60_C1393638		68	1	4	1	0		0	function_local_or_unreferenced	exact managed pointee reaches fewer than two distinct function boundaries and has no unique global root referenced by two functions
0	/SubmarineTitans/Recovered/PointerShapes/AnonShape_00581200_BFD82E5E		528	4	5	1	0		0	function_local_or_unreferenced	exact managed pointee reaches fewer than two distinct function boundaries and has no unique global root referenced by two functions
0	/SubmarineTitans/Recovered/PointerShapes/AnonShape_00583270_0B8831C2		108	1	4	1	0		0	function_local_or_unreferenced	exact managed pointee reaches fewer than two distinct function boundaries and has no unique global root referenced by two functions
0	/SubmarineTitans/Recovered/PointerShapes/AnonShape_00583270_F758043B		108	1	12	1	0		0	function_local_or_unreferenced	exact managed pointee reaches fewer than two distinct function boundaries and has no unique global root referenced by two functions
0	/SubmarineTitans/Recovered/PointerShapes/AnonShape_005859A0_2434EC3C		100	1	15	1	0		0	function_local_or_unreferenced	exact managed pointee reaches fewer than two distinct function boundaries and has no unique global root referenced by two functions
0	/SubmarineTitans/Recovered/PointerShapes/AnonShape_005859A0_2F00015D		100	1	4	1	0		0	function_local_or_unreferenced	exact managed pointee reaches fewer than two distinct function boundaries and has no unique global root referenced by two functions
0	/SubmarineTitans/Recovered/PointerShapes/AnonShape_00588BC0_84BDD66C		132	1	3	1	0		0	function_local_or_unreferenced	exact managed pointee reaches fewer than two distinct function boundaries and has no unique global root referenced by two functions
0	/SubmarineTitans/Recovered/PointerShapes/AnonShape_00589C10_CECA1FB4		148	3	5	1	0		0	function_local_or_unreferenced	exact managed pointee reaches fewer than two distinct function boundaries and has no unique global root referenced by two functions
0	/SubmarineTitans/Recovered/PointerShapes/AnonShape_0058C760_4470B7C6		112	1	20	1	0		0	function_local_or_unreferenced	exact managed pointee reaches fewer than two distinct function boundaries and has no unique global root referenced by two functions
0	/SubmarineTitans/Recovered/PointerShapes/AnonShape_0058C760_5C56630E		120	2	5	1	0		0	function_local_or_unreferenced	exact managed pointee reaches fewer than two distinct function boundaries and has no unique global root referenced by two functions
0	/SubmarineTitans/Recovered/PointerShapes/AnonShape_0058D7C0_99A937C6		100	1	6	1	0		0	function_local_or_unreferenced	exact managed pointee reaches fewer than two distinct function boundaries and has no unique global root referenced by two functions
0	/SubmarineTitans/Recovered/PointerShapes/AnonShape_005939E0_9F78A8B0		124	2	3	1	0		0	function_local_or_unreferenced	exact managed pointee reaches fewer than two distinct function boundaries and has no unique global root referenced by two functions
0	/SubmarineTitans/Recovered/PointerShapes/AnonShape_005A4350_59BACD18		48	3	3	1	0		0	function_local_or_unreferenced	exact managed pointee reaches fewer than two distinct function boundaries and has no unique global root referenced by two functions
0	/SubmarineTitans/Recovered/PointerShapes/AnonShape_005AA6A0_963F03BF		52	11	12	1	0		0	function_local_or_unreferenced	exact managed pointee reaches fewer than two distinct function boundaries and has no unique global root referenced by two functions
0	/SubmarineTitans/Recovered/PointerShapes/AnonShape_005AB1D0_5E4FF544		7295	2	2	1	0		0	function_local_or_unreferenced	exact managed pointee reaches fewer than two distinct function boundaries and has no unique global root referenced by two functions
0	/SubmarineTitans/Recovered/PointerShapes/AnonShape_005AD390_9AB360A8		40	1	3	1	0		0	function_local_or_unreferenced	exact managed pointee reaches fewer than two distinct function boundaries and has no unique global root referenced by two functions
0	/SubmarineTitans/Recovered/PointerShapes/AnonShape_005B9730_A5560D7D		7302	2	2	1	0		0	function_local_or_unreferenced	exact managed pointee reaches fewer than two distinct function boundaries and has no unique global root referenced by two functions
0	/SubmarineTitans/Recovered/PointerShapes/AnonShape_005C1610_B64592CA		24	1	1	2	0		0	insufficient_structural_shape	fewer than two exact offset/width components do not establish a useful record view
0	/SubmarineTitans/Recovered/PointerShapes/AnonShape_005CBBE0_2D1CAA09		84	1	1	2	0		0	insufficient_structural_shape	fewer than two exact offset/width components do not establish a useful record view
0	/SubmarineTitans/Recovered/PointerShapes/AnonShape_005CE0E0_C50CCD71		40	4	7	1	0		0	function_local_or_unreferenced	exact managed pointee reaches fewer than two distinct function boundaries and has no unique global root referenced by two functions
0	/SubmarineTitans/Recovered/PointerShapes/AnonShape_005D1400_5A9F7B11		84	1	1	1	0		0	insufficient_structural_shape	fewer than two exact offset/width components do not establish a useful record view
0	/SubmarineTitans/Recovered/PointerShapes/AnonShape_005D1400_891386BF		84	1	2	1	0		0	function_local_or_unreferenced	exact managed pointee reaches fewer than two distinct function boundaries and has no unique global root referenced by two functions
0	/SubmarineTitans/Recovered/PointerShapes/AnonShape_005D5560_9031BF1B		84	1	1	1	0		0	insufficient_structural_shape	fewer than two exact offset/width components do not establish a useful record view
0	/SubmarineTitans/Recovered/PointerShapes/AnonShape_005DE670_7D81EFA7		1720	0	3	1	0		0	function_local_or_unreferenced	exact managed pointee reaches fewer than two distinct function boundaries and has no unique global root referenced by two functions
0	/SubmarineTitans/Recovered/PointerShapes/AnonShape_005DEB90_FE6FE747		1720	4	4	1	0		0	function_local_or_unreferenced	exact managed pointee reaches fewer than two distinct function boundaries and has no unique global root referenced by two functions
0	/SubmarineTitans/Recovered/PointerShapes/AnonShape_005E1330_1AE0EB1C		1631	2	3	1	0		0	function_local_or_unreferenced	exact managed pointee reaches fewer than two distinct function boundaries and has no unique global root referenced by two functions
0	/SubmarineTitans/Recovered/PointerShapes/AnonShape_005E1330_47BFB53C		30	3	4	1	0		0	function_local_or_unreferenced	exact managed pointee reaches fewer than two distinct function boundaries and has no unique global root referenced by two functions
0	/SubmarineTitans/Recovered/PointerShapes/AnonShape_005E3E80_D5AAB6C7		48	1	3	1	0		0	function_local_or_unreferenced	exact managed pointee reaches fewer than two distinct function boundaries and has no unique global root referenced by two functions
0	/SubmarineTitans/Recovered/PointerShapes/AnonShape_005E4570_1DAE8C90		12	3	3	1	0		0	function_local_or_unreferenced	exact managed pointee reaches fewer than two distinct function boundaries and has no unique global root referenced by two functions
0	/SubmarineTitans/Recovered/PointerShapes/AnonShape_005E4570_F1672769		484	2	2	1	0		0	function_local_or_unreferenced	exact managed pointee reaches fewer than two distinct function boundaries and has no unique global root referenced by two functions
0	/SubmarineTitans/Recovered/PointerShapes/AnonShape_005E6640_0F1EE66B		6896	2	2	1	0		0	function_local_or_unreferenced	exact managed pointee reaches fewer than two distinct function boundaries and has no unique global root referenced by two functions
0	/SubmarineTitans/Recovered/PointerShapes/AnonShape_005E84D0_1273B60D		12	1	2	1	0		0	function_local_or_unreferenced	exact managed pointee reaches fewer than two distinct function boundaries and has no unique global root referenced by two functions
0	/SubmarineTitans/Recovered/PointerShapes/AnonShape_005EC370_C8356E04		586	1	7	1	0		0	function_local_or_unreferenced	exact managed pointee reaches fewer than two distinct function boundaries and has no unique global root referenced by two functions
0	/SubmarineTitans/Recovered/PointerShapes/AnonShape_005EC9F0_B12E6711		736	8	10	1	0		0	function_local_or_unreferenced	exact managed pointee reaches fewer than two distinct function boundaries and has no unique global root referenced by two functions
0	/SubmarineTitans/Recovered/PointerShapes/AnonShape_005F10D0_60EBA416		16	1	1	1	0		0	insufficient_structural_shape	fewer than two exact offset/width components do not establish a useful record view
0	/SubmarineTitans/Recovered/PointerShapes/AnonShape_005F1700_3FAAC417		64	1	1	1	0		0	insufficient_structural_shape	fewer than two exact offset/width components do not establish a useful record view
0	/SubmarineTitans/Recovered/PointerShapes/AnonShape_005F35F0_EF2A6FDB		376	8	9	1	0		0	function_local_or_unreferenced	exact managed pointee reaches fewer than two distinct function boundaries and has no unique global root referenced by two functions
0	/SubmarineTitans/Recovered/PointerShapes/AnonShape_005F4A30_D28DC55A		40	3	3	1	0		0	function_local_or_unreferenced	exact managed pointee reaches fewer than two distinct function boundaries and has no unique global root referenced by two functions
0	/SubmarineTitans/Recovered/PointerShapes/AnonShape_005F5440_D27C3BDE		368	1	1	2	0		0	insufficient_structural_shape	fewer than two exact offset/width components do not establish a useful record view
0	/SubmarineTitans/Recovered/PointerShapes/AnonShape_005FAEE0_B5D482C5		748	1	1	2	0		0	insufficient_structural_shape	fewer than two exact offset/width components do not establish a useful record view
0	/SubmarineTitans/Recovered/PointerShapes/AnonShape_005FCAD0_CB9D1D1A		586	1	7	1	0		0	function_local_or_unreferenced	exact managed pointee reaches fewer than two distinct function boundaries and has no unique global root referenced by two functions
0	/SubmarineTitans/Recovered/PointerShapes/AnonShape_006029C0_E1371936		928	8	12	1	0		0	function_local_or_unreferenced	exact managed pointee reaches fewer than two distinct function boundaries and has no unique global root referenced by two functions
0	/SubmarineTitans/Recovered/PointerShapes/AnonShape_006048E0_C1705B76		540	1	1	2	0		0	insufficient_structural_shape	fewer than two exact offset/width components do not establish a useful record view
0	/SubmarineTitans/Recovered/PointerShapes/AnonShape_0060A4B0_7BF9A20C		568	1	1	2	0		0	insufficient_structural_shape	fewer than two exact offset/width components do not establish a useful record view
0	/SubmarineTitans/Recovered/PointerShapes/AnonShape_0060A940_933574B2		568	1	1	4	0		0	insufficient_structural_shape	fewer than two exact offset/width components do not establish a useful record view
0	/SubmarineTitans/Recovered/PointerShapes/AnonShape_0060AEF0_F338F36E		12	2	2	1	0		0	function_local_or_unreferenced	exact managed pointee reaches fewer than two distinct function boundaries and has no unique global root referenced by two functions
0	/SubmarineTitans/Recovered/PointerShapes/AnonShape_0060C020_72526BDF		584	3	3	1	0		0	function_local_or_unreferenced	exact managed pointee reaches fewer than two distinct function boundaries and has no unique global root referenced by two functions
0	/SubmarineTitans/Recovered/PointerShapes/AnonShape_00618240_21BDD5D4		44	1	2	1	0		0	function_local_or_unreferenced	exact managed pointee reaches fewer than two distinct function boundaries and has no unique global root referenced by two functions
0	/SubmarineTitans/Recovered/PointerShapes/AnonShape_00621A70_2531BB4B		272	2	3	1	0		0	function_local_or_unreferenced	exact managed pointee reaches fewer than two distinct function boundaries and has no unique global root referenced by two functions
0	/SubmarineTitans/Recovered/PointerShapes/AnonShape_00622990_E4CFDE96		269	1	7	1	0		0	function_local_or_unreferenced	exact managed pointee reaches fewer than two distinct function boundaries and has no unique global root referenced by two functions
0	/SubmarineTitans/Recovered/PointerShapes/AnonShape_00623040_D312340A		124	7	7	1	0		0	function_local_or_unreferenced	exact managed pointee reaches fewer than two distinct function boundaries and has no unique global root referenced by two functions
0	/SubmarineTitans/Recovered/PointerShapes/AnonShape_0062AF90_A19AAC76		32	2	5	1	0		0	function_local_or_unreferenced	exact managed pointee reaches fewer than two distinct function boundaries and has no unique global root referenced by two functions
0	/SubmarineTitans/Recovered/PointerShapes/AnonShape_0062BBC0_87279CD5		76	0	4	1	0		0	function_local_or_unreferenced	exact managed pointee reaches fewer than two distinct function boundaries and has no unique global root referenced by two functions
0	/SubmarineTitans/Recovered/PointerShapes/AnonShape_0062CCA0_BAB34A07		16	1	1	1	0		0	insufficient_structural_shape	fewer than two exact offset/width components do not establish a useful record view
0	/SubmarineTitans/Recovered/PointerShapes/AnonShape_0062E740_213F21A8		32	3	3	1	0		0	function_local_or_unreferenced	exact managed pointee reaches fewer than two distinct function boundaries and has no unique global root referenced by two functions
0	/SubmarineTitans/Recovered/PointerShapes/AnonShape_00630430_7FBC9B9C		16	1	1	1	0		0	insufficient_structural_shape	fewer than two exact offset/width components do not establish a useful record view
0	/SubmarineTitans/Recovered/PointerShapes/AnonShape_00631F90_0DA5B9BC		116	0	2	1	0		0	function_local_or_unreferenced	exact managed pointee reaches fewer than two distinct function boundaries and has no unique global root referenced by two functions
0	/SubmarineTitans/Recovered/PointerShapes/AnonShape_006366D0_80B1100F		48	1	1	2	0		0	insufficient_structural_shape	fewer than two exact offset/width components do not establish a useful record view
0	/SubmarineTitans/Recovered/PointerShapes/AnonShape_00637180_4094267C		48	1	1	2	0		0	insufficient_structural_shape	fewer than two exact offset/width components do not establish a useful record view
0	/SubmarineTitans/Recovered/PointerShapes/AnonShape_0063D410_5C8A60D7		828	1	1	2	0		0	insufficient_structural_shape	fewer than two exact offset/width components do not establish a useful record view
0	/SubmarineTitans/Recovered/PointerShapes/AnonShape_00640320_15B2529E		20	4	4	1	0		0	function_local_or_unreferenced	exact managed pointee reaches fewer than two distinct function boundaries and has no unique global root referenced by two functions
0	/SubmarineTitans/Recovered/PointerShapes/AnonShape_006456C0_B6840D7C		108	1	5	1	0		0	function_local_or_unreferenced	exact managed pointee reaches fewer than two distinct function boundaries and has no unique global root referenced by two functions
0	/SubmarineTitans/Recovered/PointerShapes/AnonShape_00648400_5C076F88		88	1	4	1	0		0	function_local_or_unreferenced	exact managed pointee reaches fewer than two distinct function boundaries and has no unique global root referenced by two functions
0	/SubmarineTitans/Recovered/PointerShapes/AnonShape_00648530_D39EB612		84	2	4	1	0		0	function_local_or_unreferenced	exact managed pointee reaches fewer than two distinct function boundaries and has no unique global root referenced by two functions
0	/SubmarineTitans/Recovered/PointerShapes/AnonShape_00652810_4F58F813		20	1	2	1	0		0	function_local_or_unreferenced	exact managed pointee reaches fewer than two distinct function boundaries and has no unique global root referenced by two functions
0	/SubmarineTitans/Recovered/PointerShapes/AnonShape_0065C9E0_147DDF60		1128	2	4	1	0		0	function_local_or_unreferenced	exact managed pointee reaches fewer than two distinct function boundaries and has no unique global root referenced by two functions
0	/SubmarineTitans/Recovered/PointerShapes/AnonShape_0065CB00_C527AFF0		1152	6	9	1	0		0	function_local_or_unreferenced	exact managed pointee reaches fewer than two distinct function boundaries and has no unique global root referenced by two functions
0	/SubmarineTitans/Recovered/PointerShapes/AnonShape_0065CD10_BA40DE58		1148	6	6	0	0		1	function_local_or_unreferenced	exact managed pointee reaches fewer than two distinct function boundaries and has no unique global root referenced by two functions
0	/SubmarineTitans/Recovered/PointerShapes/AnonShape_0065CD10_CB9334E9		1152	6	7	1	0		0	function_local_or_unreferenced	exact managed pointee reaches fewer than two distinct function boundaries and has no unique global root referenced by two functions
0	/SubmarineTitans/Recovered/PointerShapes/AnonShape_0065E900_F86511DB		44	3	3	1	0		0	function_local_or_unreferenced	exact managed pointee reaches fewer than two distinct function boundaries and has no unique global root referenced by two functions
0	/SubmarineTitans/Recovered/PointerShapes/AnonShape_0065EF70_E78A8204		564	1	1	2	0		0	insufficient_structural_shape	fewer than two exact offset/width components do not establish a useful record view
0	/SubmarineTitans/Recovered/PointerShapes/AnonShape_0065EF70_EB9B857D		564	2	5	1	0		0	function_local_or_unreferenced	exact managed pointee reaches fewer than two distinct function boundaries and has no unique global root referenced by two functions
0	/SubmarineTitans/Recovered/PointerShapes/AnonShape_00660D40_F4300C26		132	2	3	1	0		0	function_local_or_unreferenced	exact managed pointee reaches fewer than two distinct function boundaries and has no unique global root referenced by two functions
0	/SubmarineTitans/Recovered/PointerShapes/AnonShape_00668180_E8377840		580	0	9	1	0		0	function_local_or_unreferenced	exact managed pointee reaches fewer than two distinct function boundaries and has no unique global root referenced by two functions
0	/SubmarineTitans/Recovered/PointerShapes/AnonShape_00668330_F270680B		532	3	3	1	0		0	function_local_or_unreferenced	exact managed pointee reaches fewer than two distinct function boundaries and has no unique global root referenced by two functions
0	/SubmarineTitans/Recovered/PointerShapes/AnonShape_006747E0_C06E010E		8	0	2	1	2	00811928|00811930	0	function_local_or_unreferenced	exact managed pointee reaches fewer than two distinct function boundaries and has no unique global root referenced by two functions
0	/SubmarineTitans/Recovered/PointerShapes/AnonShape_0067CF30_CDCAC01F		272	2	6	1	0		0	function_local_or_unreferenced	exact managed pointee reaches fewer than two distinct function boundaries and has no unique global root referenced by two functions
0	/SubmarineTitans/Recovered/PointerShapes/AnonShape_0067D0A0_8092D907		200	1	1	2	0		0	insufficient_structural_shape	fewer than two exact offset/width components do not establish a useful record view
0	/SubmarineTitans/Recovered/PointerShapes/AnonShape_0067D1D0_21940C5B		266	6	7	1	0		0	function_local_or_unreferenced	exact managed pointee reaches fewer than two distinct function boundaries and has no unique global root referenced by two functions
0	/SubmarineTitans/Recovered/PointerShapes/AnonShape_0067D9C0_2E8A2257		266	3	3	1	0		0	function_local_or_unreferenced	exact managed pointee reaches fewer than two distinct function boundaries and has no unique global root referenced by two functions
0	/SubmarineTitans/Recovered/PointerShapes/AnonShape_0067DC20_B265FC02		140	2	2	1	0		0	function_local_or_unreferenced	exact managed pointee reaches fewer than two distinct function boundaries and has no unique global root referenced by two functions
0	/SubmarineTitans/Recovered/PointerShapes/AnonShape_0068DC80_4419198B		648	1	2	1	0		0	function_local_or_unreferenced	exact managed pointee reaches fewer than two distinct function boundaries and has no unique global root referenced by two functions
0	/SubmarineTitans/Recovered/PointerShapes/AnonShape_00690E90_9F986EB9		140	0	4	1	0		0	function_local_or_unreferenced	exact managed pointee reaches fewer than two distinct function boundaries and has no unique global root referenced by two functions
0	/SubmarineTitans/Recovered/PointerShapes/AnonShape_00690FC0_955C4112		264	2	2	1	0		0	function_local_or_unreferenced	exact managed pointee reaches fewer than two distinct function boundaries and has no unique global root referenced by two functions
0	/SubmarineTitans/Recovered/PointerShapes/AnonShape_00691190_783A1B6D		264	2	2	1	0		0	function_local_or_unreferenced	exact managed pointee reaches fewer than two distinct function boundaries and has no unique global root referenced by two functions
0	/SubmarineTitans/Recovered/PointerShapes/AnonShape_00696D00_CB3CB395		32	1	1	2	0		0	insufficient_structural_shape	fewer than two exact offset/width components do not establish a useful record view
0	/SubmarineTitans/Recovered/PointerShapes/AnonShape_00697AF0_A94F4D28		28	1	1	2	0		0	insufficient_structural_shape	fewer than two exact offset/width components do not establish a useful record view
0	/SubmarineTitans/Recovered/PointerShapes/AnonShape_00697CF0_0C230C1C		16	4	5	1	0		0	function_local_or_unreferenced	exact managed pointee reaches fewer than two distinct function boundaries and has no unique global root referenced by two functions
0	/SubmarineTitans/Recovered/PointerShapes/AnonShape_00697CF0_36737CA3		28	3	3	1	0		0	function_local_or_unreferenced	exact managed pointee reaches fewer than two distinct function boundaries and has no unique global root referenced by two functions
0	/SubmarineTitans/Recovered/PointerShapes/AnonShape_006991C0_8449B3A8		10	2	2	1	0		0	function_local_or_unreferenced	exact managed pointee reaches fewer than two distinct function boundaries and has no unique global root referenced by two functions
0	/SubmarineTitans/Recovered/PointerShapes/AnonShape_0069CB50_791EEE4D		14	4	4	1	0		0	function_local_or_unreferenced	exact managed pointee reaches fewer than two distinct function boundaries and has no unique global root referenced by two functions
0	/SubmarineTitans/Recovered/PointerShapes/AnonShape_0069CB50_7B374C54		8	2	2	1	0		0	function_local_or_unreferenced	exact managed pointee reaches fewer than two distinct function boundaries and has no unique global root referenced by two functions
0	/SubmarineTitans/Recovered/PointerShapes/AnonShape_0069CB50_B339E56A		16	1	1	1	0		0	insufficient_structural_shape	fewer than two exact offset/width components do not establish a useful record view
0	/SubmarineTitans/Recovered/PointerShapes/AnonShape_0069CB50_F11C5D8F		4	2	2	1	0		0	function_local_or_unreferenced	exact managed pointee reaches fewer than two distinct function boundaries and has no unique global root referenced by two functions
0	/SubmarineTitans/Recovered/PointerShapes/AnonShape_0069FD70_008BB09C		32	7	7	1	0		0	function_local_or_unreferenced	exact managed pointee reaches fewer than two distinct function boundaries and has no unique global root referenced by two functions
0	/SubmarineTitans/Recovered/PointerShapes/AnonShape_006A58B0_8049417A		52	4	4	1	0		0	function_local_or_unreferenced	exact managed pointee reaches fewer than two distinct function boundaries and has no unique global root referenced by two functions
0	/SubmarineTitans/Recovered/PointerShapes/AnonShape_006A58B0_CDE73679		52	4	4	1	0		0	function_local_or_unreferenced	exact managed pointee reaches fewer than two distinct function boundaries and has no unique global root referenced by two functions
0	/SubmarineTitans/Recovered/PointerShapes/AnonShape_006B1B10_121F236C		440	2	3	1	0		0	function_local_or_unreferenced	exact managed pointee reaches fewer than two distinct function boundaries and has no unique global root referenced by two functions
0	/SubmarineTitans/Recovered/PointerShapes/AnonShape_006B1BD0_7C890E99		440	2	3	1	0		0	function_local_or_unreferenced	exact managed pointee reaches fewer than two distinct function boundaries and has no unique global root referenced by two functions
0	/SubmarineTitans/Recovered/PointerShapes/AnonShape_006B3F40_BF05F5FE		528	2	2	1	0		0	function_local_or_unreferenced	exact managed pointee reaches fewer than two distinct function boundaries and has no unique global root referenced by two functions
0	/SubmarineTitans/Recovered/PointerShapes/AnonShape_006B3F80_E1B76DFD		532	5	5	1	0		0	function_local_or_unreferenced	exact managed pointee reaches fewer than two distinct function boundaries and has no unique global root referenced by two functions
0	/SubmarineTitans/Recovered/PointerShapes/AnonShape_006B4030_B7868C9A		548	5	5	1	0		0	function_local_or_unreferenced	exact managed pointee reaches fewer than two distinct function boundaries and has no unique global root referenced by two functions
0	/SubmarineTitans/Recovered/PointerShapes/AnonShape_006B40E0_1B946617		480	1	3	1	0		0	function_local_or_unreferenced	exact managed pointee reaches fewer than two distinct function boundaries and has no unique global root referenced by two functions
0	/SubmarineTitans/Recovered/PointerShapes/AnonShape_006B5010_308EC787		36	3	3	1	0		0	function_local_or_unreferenced	exact managed pointee reaches fewer than two distinct function boundaries and has no unique global root referenced by two functions
0	/SubmarineTitans/Recovered/PointerShapes/AnonShape_006B5050_99986F91		24	4	4	1	0		0	function_local_or_unreferenced	exact managed pointee reaches fewer than two distinct function boundaries and has no unique global root referenced by two functions
0	/SubmarineTitans/Recovered/PointerShapes/AnonShape_006B5480_2C1D4FBF		24	2	3	1	0		0	function_local_or_unreferenced	exact managed pointee reaches fewer than two distinct function boundaries and has no unique global root referenced by two functions
0	/SubmarineTitans/Recovered/PointerShapes/AnonShape_006B5A50_BD82F60D		32	3	3	1	0		0	function_local_or_unreferenced	exact managed pointee reaches fewer than two distinct function boundaries and has no unique global root referenced by two functions
0	/SubmarineTitans/Recovered/PointerShapes/AnonShape_006B6530_C4BC1053		52	7	7	1	0		0	function_local_or_unreferenced	exact managed pointee reaches fewer than two distinct function boundaries and has no unique global root referenced by two functions
0	/SubmarineTitans/Recovered/PointerShapes/AnonShape_006B7190_816EEFBC		8	1	2	1	0		0	function_local_or_unreferenced	exact managed pointee reaches fewer than two distinct function boundaries and has no unique global root referenced by two functions
0	/SubmarineTitans/Recovered/PointerShapes/AnonShape_006B7830_769CA2DF		24	2	3	1	0		0	function_local_or_unreferenced	exact managed pointee reaches fewer than two distinct function boundaries and has no unique global root referenced by two functions
0	/SubmarineTitans/Recovered/PointerShapes/AnonShape_006B8200_800652FF		24	2	2	1	0		0	function_local_or_unreferenced	exact managed pointee reaches fewer than two distinct function boundaries and has no unique global root referenced by two functions
0	/SubmarineTitans/Recovered/PointerShapes/AnonShape_006B8850_E5DFE1E1		64	2	4	1	0		0	function_local_or_unreferenced	exact managed pointee reaches fewer than two distinct function boundaries and has no unique global root referenced by two functions
0	/SubmarineTitans/Recovered/PointerShapes/AnonShape_006B8F10_41B61BA9		60	12	14	1	0		0	function_local_or_unreferenced	exact managed pointee reaches fewer than two distinct function boundaries and has no unique global root referenced by two functions
0	/SubmarineTitans/Recovered/PointerShapes/AnonShape_006B9AA0_FC1882B5		88	3	3	1	0		0	function_local_or_unreferenced	exact managed pointee reaches fewer than two distinct function boundaries and has no unique global root referenced by two functions
0	/SubmarineTitans/Recovered/PointerShapes/AnonShape_006BA7B0_E82BD3A2		24	0	2	1	0		0	function_local_or_unreferenced	exact managed pointee reaches fewer than two distinct function boundaries and has no unique global root referenced by two functions
0	/SubmarineTitans/Recovered/PointerShapes/AnonShape_006BB690_EB7315D1		52	2	2	1	0		0	function_local_or_unreferenced	exact managed pointee reaches fewer than two distinct function boundaries and has no unique global root referenced by two functions
0	/SubmarineTitans/Recovered/PointerShapes/AnonShape_006BB980_E41494A1		1148	2	4	1	0		0	function_local_or_unreferenced	exact managed pointee reaches fewer than two distinct function boundaries and has no unique global root referenced by two functions
0	/SubmarineTitans/Recovered/PointerShapes/AnonShape_006BB9D0_BD42D958		68	6	6	1	0		0	function_local_or_unreferenced	exact managed pointee reaches fewer than two distinct function boundaries and has no unique global root referenced by two functions
0	/SubmarineTitans/Recovered/PointerShapes/AnonShape_006BC440_9548EA86		544	6	6	1	0		0	function_local_or_unreferenced	exact managed pointee reaches fewer than two distinct function boundaries and has no unique global root referenced by two functions
0	/SubmarineTitans/Recovered/PointerShapes/AnonShape_006BC580_F6F161A5		72	1	2	1	0		0	function_local_or_unreferenced	exact managed pointee reaches fewer than two distinct function boundaries and has no unique global root referenced by two functions
0	/SubmarineTitans/Recovered/PointerShapes/AnonShape_006BF710_259ECA93		548	17	17	1	0		0	function_local_or_unreferenced	exact managed pointee reaches fewer than two distinct function boundaries and has no unique global root referenced by two functions
0	/SubmarineTitans/Recovered/PointerShapes/AnonShape_006BFE70_9EDC24A5		196	12	13	1	0		0	function_local_or_unreferenced	exact managed pointee reaches fewer than two distinct function boundaries and has no unique global root referenced by two functions
0	/SubmarineTitans/Recovered/PointerShapes/AnonShape_006C2390_A203A467		76	2	2	1	0		0	function_local_or_unreferenced	exact managed pointee reaches fewer than two distinct function boundaries and has no unique global root referenced by two functions
0	/SubmarineTitans/Recovered/PointerShapes/AnonShape_006C3500_19C01617		48	3	3	1	0		0	function_local_or_unreferenced	exact managed pointee reaches fewer than two distinct function boundaries and has no unique global root referenced by two functions
0	/SubmarineTitans/Recovered/PointerShapes/AnonShape_006C3570_37024033		136	1	7	1	0		0	function_local_or_unreferenced	exact managed pointee reaches fewer than two distinct function boundaries and has no unique global root referenced by two functions
0	/SubmarineTitans/Recovered/PointerShapes/AnonShape_006C3D80_5E5410BE		44	6	6	1	0		0	function_local_or_unreferenced	exact managed pointee reaches fewer than two distinct function boundaries and has no unique global root referenced by two functions
0	/SubmarineTitans/Recovered/PointerShapes/AnonShape_006C3F80_1EACF9F3		24	1	5	1	0		0	function_local_or_unreferenced	exact managed pointee reaches fewer than two distinct function boundaries and has no unique global root referenced by two functions
0	/SubmarineTitans/Recovered/PointerShapes/AnonShape_006C4480_8B824940		1220	1	5	1	0		0	function_local_or_unreferenced	exact managed pointee reaches fewer than two distinct function boundaries and has no unique global root referenced by two functions
0	/SubmarineTitans/Recovered/PointerShapes/AnonShape_006C4AA0_6E9A3AA4		44	0	3	1	0		0	function_local_or_unreferenced	exact managed pointee reaches fewer than two distinct function boundaries and has no unique global root referenced by two functions
0	/SubmarineTitans/Recovered/PointerShapes/AnonShape_006C5210_E9B30C00		1180	2	2	1	0		0	function_local_or_unreferenced	exact managed pointee reaches fewer than two distinct function boundaries and has no unique global root referenced by two functions
0	/SubmarineTitans/Recovered/PointerShapes/AnonShape_006C52E0_B18BC6D0		1180	2	2	1	0		0	function_local_or_unreferenced	exact managed pointee reaches fewer than two distinct function boundaries and has no unique global root referenced by two functions
0	/SubmarineTitans/Recovered/PointerShapes/AnonShape_006C5A10_DB2339A4		1184	2	2	1	0		0	function_local_or_unreferenced	exact managed pointee reaches fewer than two distinct function boundaries and has no unique global root referenced by two functions
0	/SubmarineTitans/Recovered/PointerShapes/AnonShape_006C5B00_75F2A72F		1184	2	2	1	0		0	function_local_or_unreferenced	exact managed pointee reaches fewer than two distinct function boundaries and has no unique global root referenced by two functions
0	/SubmarineTitans/Recovered/PointerShapes/AnonShape_006C5BF0_474F0272		1184	2	2	1	0		0	function_local_or_unreferenced	exact managed pointee reaches fewer than two distinct function boundaries and has no unique global root referenced by two functions
0	/SubmarineTitans/Recovered/PointerShapes/AnonShape_006C5D00_C5C8A2E6		1184	2	2	1	0		0	function_local_or_unreferenced	exact managed pointee reaches fewer than two distinct function boundaries and has no unique global root referenced by two functions
0	/SubmarineTitans/Recovered/PointerShapes/AnonShape_006C5E00_04F0C4FF		1184	2	2	1	0		0	function_local_or_unreferenced	exact managed pointee reaches fewer than two distinct function boundaries and has no unique global root referenced by two functions
0	/SubmarineTitans/Recovered/PointerShapes/AnonShape_006C5F90_8AFC020B		1184	2	2	1	0		0	function_local_or_unreferenced	exact managed pointee reaches fewer than two distinct function boundaries and has no unique global root referenced by two functions
0	/SubmarineTitans/Recovered/PointerShapes/AnonShape_006C6100_D1CCA835		1184	2	2	1	0		0	function_local_or_unreferenced	exact managed pointee reaches fewer than two distinct function boundaries and has no unique global root referenced by two functions
0	/SubmarineTitans/Recovered/PointerShapes/AnonShape_006C6290_2B502C58		1184	2	2	1	0		0	function_local_or_unreferenced	exact managed pointee reaches fewer than two distinct function boundaries and has no unique global root referenced by two functions
0	/SubmarineTitans/Recovered/PointerShapes/AnonShape_006C6AE0_9C4F43C2		92	4	9	1	0		0	function_local_or_unreferenced	exact managed pointee reaches fewer than two distinct function boundaries and has no unique global root referenced by two functions
0	/SubmarineTitans/Recovered/PointerShapes/AnonShape_006C6BE0_5C8BBC13		100	0	3	1	0		0	function_local_or_unreferenced	exact managed pointee reaches fewer than two distinct function boundaries and has no unique global root referenced by two functions
0	/SubmarineTitans/Recovered/PointerShapes/AnonShape_006C6E30_3C2F0429		72	5	8	1	0		0	function_local_or_unreferenced	exact managed pointee reaches fewer than two distinct function boundaries and has no unique global root referenced by two functions
0	/SubmarineTitans/Recovered/PointerShapes/AnonShape_006C6F10_68E82598		116	3	11	1	0		0	function_local_or_unreferenced	exact managed pointee reaches fewer than two distinct function boundaries and has no unique global root referenced by two functions
0	/SubmarineTitans/Recovered/PointerShapes/AnonShape_006C6FC0_B2C34C14		120	3	3	1	0		0	function_local_or_unreferenced	exact managed pointee reaches fewer than two distinct function boundaries and has no unique global root referenced by two functions
0	/SubmarineTitans/Recovered/PointerShapes/AnonShape_006C7000_4A8D1200		100	2	2	1	0		0	function_local_or_unreferenced	exact managed pointee reaches fewer than two distinct function boundaries and has no unique global root referenced by two functions
0	/SubmarineTitans/Recovered/PointerShapes/AnonShape_006C7030_23487746		100	0	6	1	0		0	function_local_or_unreferenced	exact managed pointee reaches fewer than two distinct function boundaries and has no unique global root referenced by two functions
0	/SubmarineTitans/Recovered/PointerShapes/AnonShape_006C7240_F2C56622		100	8	9	1	0		0	function_local_or_unreferenced	exact managed pointee reaches fewer than two distinct function boundaries and has no unique global root referenced by two functions
0	/SubmarineTitans/Recovered/PointerShapes/AnonShape_006C72F0_54F06289		120	5	7	1	0		0	function_local_or_unreferenced	exact managed pointee reaches fewer than two distinct function boundaries and has no unique global root referenced by two functions
0	/SubmarineTitans/Recovered/PointerShapes/AnonShape_006C7430_D1D36538		120	6	8	1	0		0	function_local_or_unreferenced	exact managed pointee reaches fewer than two distinct function boundaries and has no unique global root referenced by two functions
0	/SubmarineTitans/Recovered/PointerShapes/AnonShape_006C7700_7DDC3CA1		60	10	12	1	0		0	function_local_or_unreferenced	exact managed pointee reaches fewer than two distinct function boundaries and has no unique global root referenced by two functions
0	/SubmarineTitans/Recovered/PointerShapes/AnonShape_006C7B20_5A99C851		56	3	3	1	0		0	function_local_or_unreferenced	exact managed pointee reaches fewer than two distinct function boundaries and has no unique global root referenced by two functions
0	/SubmarineTitans/Recovered/PointerShapes/AnonShape_006CEC40_BB23E716		76	4	4	1	0		0	function_local_or_unreferenced	exact managed pointee reaches fewer than two distinct function boundaries and has no unique global root referenced by two functions
0	/SubmarineTitans/Recovered/PointerShapes/AnonShape_006CECB0_97249119		72	4	8	1	0		0	function_local_or_unreferenced	exact managed pointee reaches fewer than two distinct function boundaries and has no unique global root referenced by two functions
0	/SubmarineTitans/Recovered/PointerShapes/AnonShape_006CEEE0_CDA60BFB		452	3	3	1	0		0	function_local_or_unreferenced	exact managed pointee reaches fewer than two distinct function boundaries and has no unique global root referenced by two functions
0	/SubmarineTitans/Recovered/PointerShapes/AnonShape_006D0820_E08F8169		44	5	5	1	0		0	function_local_or_unreferenced	exact managed pointee reaches fewer than two distinct function boundaries and has no unique global root referenced by two functions
0	/SubmarineTitans/Recovered/PointerShapes/AnonShape_006D0CF0_F5F86399		1220	7	7	1	0		0	function_local_or_unreferenced	exact managed pointee reaches fewer than two distinct function boundaries and has no unique global root referenced by two functions
0	/SubmarineTitans/Recovered/PointerShapes/AnonShape_006D3C30_0FAA5DE6		1176	0	7	1	0		0	function_local_or_unreferenced	exact managed pointee reaches fewer than two distinct function boundaries and has no unique global root referenced by two functions
0	/SubmarineTitans/Recovered/PointerShapes/AnonShape_006D3C30_B7073A5B		16	0	3	1	0		0	function_local_or_unreferenced	exact managed pointee reaches fewer than two distinct function boundaries and has no unique global root referenced by two functions
0	/SubmarineTitans/Recovered/PointerShapes/AnonShape_006D4930_676532DD		60	4	4	1	0		1	function_local_or_unreferenced	exact managed pointee reaches fewer than two distinct function boundaries and has no unique global root referenced by two functions
0	/SubmarineTitans/Recovered/PointerShapes/AnonShape_006D4CF0_8A8947BE		152	2	8	1	0		0	function_local_or_unreferenced	exact managed pointee reaches fewer than two distinct function boundaries and has no unique global root referenced by two functions
0	/SubmarineTitans/Recovered/PointerShapes/AnonShape_006D54C0_FBA73A61		784	4	5	1	0		0	function_local_or_unreferenced	exact managed pointee reaches fewer than two distinct function boundaries and has no unique global root referenced by two functions
0	/SubmarineTitans/Recovered/PointerShapes/AnonShape_006D5820_330472AB		80	2	3	1	0		0	function_local_or_unreferenced	exact managed pointee reaches fewer than two distinct function boundaries and has no unique global root referenced by two functions
0	/SubmarineTitans/Recovered/PointerShapes/AnonShape_006D5DF0_C24DE923		16	1	2	1	0		0	function_local_or_unreferenced	exact managed pointee reaches fewer than two distinct function boundaries and has no unique global root referenced by two functions
0	/SubmarineTitans/Recovered/PointerShapes/AnonShape_006D5ED0_5EF510E8		112	6	10	1	0		0	function_local_or_unreferenced	exact managed pointee reaches fewer than two distinct function boundaries and has no unique global root referenced by two functions
0	/SubmarineTitans/Recovered/PointerShapes/AnonShape_006D5ED0_6A5D6B49		12	1	2	1	0		0	function_local_or_unreferenced	exact managed pointee reaches fewer than two distinct function boundaries and has no unique global root referenced by two functions
0	/SubmarineTitans/Recovered/PointerShapes/AnonShape_006D6090_8F63898D		116	2	8	1	0		0	function_local_or_unreferenced	exact managed pointee reaches fewer than two distinct function boundaries and has no unique global root referenced by two functions
0	/SubmarineTitans/Recovered/PointerShapes/AnonShape_006D6290_10462BC7		788	2	2	1	0		1	function_local_or_unreferenced	exact managed pointee reaches fewer than two distinct function boundaries and has no unique global root referenced by two functions
0	/SubmarineTitans/Recovered/PointerShapes/AnonShape_006D6290_6C97E0B2		28	2	2	1	0		0	function_local_or_unreferenced	exact managed pointee reaches fewer than two distinct function boundaries and has no unique global root referenced by two functions
0	/SubmarineTitans/Recovered/PointerShapes/AnonShape_006D7770_4ECBDE32		48	6	9	1	0		0	function_local_or_unreferenced	exact managed pointee reaches fewer than two distinct function boundaries and has no unique global root referenced by two functions
0	/SubmarineTitans/Recovered/PointerShapes/AnonShape_006D7D9A_A5401417		76	3	6	1	0		0	function_local_or_unreferenced	exact managed pointee reaches fewer than two distinct function boundaries and has no unique global root referenced by two functions
0	/SubmarineTitans/Recovered/PointerShapes/AnonShape_006D8120_534053F7		64	5	6	1	0		0	function_local_or_unreferenced	exact managed pointee reaches fewer than two distinct function boundaries and has no unique global root referenced by two functions
0	/SubmarineTitans/Recovered/PointerShapes/AnonShape_006D8A60_6A1C9651		3	2	2	1	0		0	function_local_or_unreferenced	exact managed pointee reaches fewer than two distinct function boundaries and has no unique global root referenced by two functions
0	/SubmarineTitans/Recovered/PointerShapes/AnonShape_006D8A60_D503343B		4	2	2	1	0		0	function_local_or_unreferenced	exact managed pointee reaches fewer than two distinct function boundaries and has no unique global root referenced by two functions
0	/SubmarineTitans/Recovered/PointerShapes/AnonShape_006DBCA0_EF06575F		680	0	8	1	0		0	function_local_or_unreferenced	exact managed pointee reaches fewer than two distinct function boundaries and has no unique global root referenced by two functions
0	/SubmarineTitans/Recovered/PointerShapes/AnonShape_006DC320_0C876EFA		1048	50	55	1	0		0	function_local_or_unreferenced	exact managed pointee reaches fewer than two distinct function boundaries and has no unique global root referenced by two functions
0	/SubmarineTitans/Recovered/PointerShapes/AnonShape_006E1EE0_698AE49A		64	3	4	1	0		0	function_local_or_unreferenced	exact managed pointee reaches fewer than two distinct function boundaries and has no unique global root referenced by two functions
0	/SubmarineTitans/Recovered/PointerShapes/AnonShape_006E2B60_E36B924C		44	2	2	1	0		0	function_local_or_unreferenced	exact managed pointee reaches fewer than two distinct function boundaries and has no unique global root referenced by two functions
0	/SubmarineTitans/Recovered/PointerShapes/AnonShape_006E4480_50BB219F		12	1	1	1	0		0	insufficient_structural_shape	fewer than two exact offset/width components do not establish a useful record view
0	/SubmarineTitans/Recovered/PointerShapes/AnonShape_006E45C0_FB272364		12	1	1	1	0		0	insufficient_structural_shape	fewer than two exact offset/width components do not establish a useful record view
0	/SubmarineTitans/Recovered/PointerShapes/AnonShape_006E52D0_AF06BCD2		28	1	5	1	0		0	function_local_or_unreferenced	exact managed pointee reaches fewer than two distinct function boundaries and has no unique global root referenced by two functions
0	/SubmarineTitans/Recovered/PointerShapes/AnonShape_006E5740_EEA77B11		28	2	3	1	0		0	function_local_or_unreferenced	exact managed pointee reaches fewer than two distinct function boundaries and has no unique global root referenced by two functions
0	/SubmarineTitans/Recovered/PointerShapes/AnonShape_006E6AF0_D2F012A7		28	3	3	1	0		0	function_local_or_unreferenced	exact managed pointee reaches fewer than two distinct function boundaries and has no unique global root referenced by two functions
0	/SubmarineTitans/Recovered/PointerShapes/AnonShape_006E6FB0_BC494FEA		16	3	3	1	0		0	function_local_or_unreferenced	exact managed pointee reaches fewer than two distinct function boundaries and has no unique global root referenced by two functions
0	/SubmarineTitans/Recovered/PointerShapes/AnonShape_006E8840_CF3FA5BA		164	4	4	1	0		0	function_local_or_unreferenced	exact managed pointee reaches fewer than two distinct function boundaries and has no unique global root referenced by two functions
0	/SubmarineTitans/Recovered/PointerShapes/AnonShape_006E8EA0_96B71903		40	4	7	1	0		0	function_local_or_unreferenced	exact managed pointee reaches fewer than two distinct function boundaries and has no unique global root referenced by two functions
0	/SubmarineTitans/Recovered/PointerShapes/AnonShape_006EB350_D4715C71		168	3	3	1	0		0	function_local_or_unreferenced	exact managed pointee reaches fewer than two distinct function boundaries and has no unique global root referenced by two functions
0	/SubmarineTitans/Recovered/PointerShapes/AnonShape_006EB570_80B255F3		1268	12	13	1	0		0	function_local_or_unreferenced	exact managed pointee reaches fewer than two distinct function boundaries and has no unique global root referenced by two functions
0	/SubmarineTitans/Recovered/PointerShapes/AnonShape_006EBE40_77FE2AA7		376	6	6	1	0		0	function_local_or_unreferenced	exact managed pointee reaches fewer than two distinct function boundaries and has no unique global root referenced by two functions
0	/SubmarineTitans/Recovered/PointerShapes/AnonShape_006EC010_0B2ED2E5		104	2	2	1	0		0	function_local_or_unreferenced	exact managed pointee reaches fewer than two distinct function boundaries and has no unique global root referenced by two functions
0	/SubmarineTitans/Recovered/PointerShapes/AnonShape_006ECFC0_1618ABFE		104	1	1	1	0		0	insufficient_structural_shape	fewer than two exact offset/width components do not establish a useful record view
0	/SubmarineTitans/Recovered/PointerShapes/AnonShape_006ECFC0_6CF214D7		104	1	1	1	0		0	insufficient_structural_shape	fewer than two exact offset/width components do not establish a useful record view
0	/SubmarineTitans/Recovered/PointerShapes/AnonShape_006F31D0_08EF59F4		22	4	4	1	0		0	function_local_or_unreferenced	exact managed pointee reaches fewer than two distinct function boundaries and has no unique global root referenced by two functions
0	/SubmarineTitans/Recovered/PointerShapes/AnonShape_006F31D0_0BFF23DC		148	5	5	1	0		0	function_local_or_unreferenced	exact managed pointee reaches fewer than two distinct function boundaries and has no unique global root referenced by two functions
0	/SubmarineTitans/Recovered/PointerShapes/AnonShape_00708D10_69880022		22	4	4	1	0		0	function_local_or_unreferenced	exact managed pointee reaches fewer than two distinct function boundaries and has no unique global root referenced by two functions
0	/SubmarineTitans/Recovered/PointerShapes/AnonShape_007098A0_B7562D88		8	1	1	1	0		0	insufficient_structural_shape	fewer than two exact offset/width components do not establish a useful record view
0	/SubmarineTitans/Recovered/PointerShapes/AnonShape_00709990_0FAEF1E0		8	1	1	1	0		0	insufficient_structural_shape	fewer than two exact offset/width components do not establish a useful record view
0	/SubmarineTitans/Recovered/PointerShapes/AnonShape_0070B3E0_DA0C9F15		44	2	2	1	0		0	function_local_or_unreferenced	exact managed pointee reaches fewer than two distinct function boundaries and has no unique global root referenced by two functions
0	/SubmarineTitans/Recovered/PointerShapes/AnonShape_0070B410_2733CA30		52	1	2	1	0		0	function_local_or_unreferenced	exact managed pointee reaches fewer than two distinct function boundaries and has no unique global root referenced by two functions
0	/SubmarineTitans/Recovered/PointerShapes/AnonShape_0070B6B0_34698A53		21	1	2	1	0		0	function_local_or_unreferenced	exact managed pointee reaches fewer than two distinct function boundaries and has no unique global root referenced by two functions
0	/SubmarineTitans/Recovered/PointerShapes/AnonShape_007109F0_BD33A2FF		64	0	7	1	0		0	function_local_or_unreferenced	exact managed pointee reaches fewer than two distinct function boundaries and has no unique global root referenced by two functions
0	/SubmarineTitans/Recovered/PointerShapes/AnonShape_007115E0_FC3147FF		24	2	2	1	0		0	function_local_or_unreferenced	exact managed pointee reaches fewer than two distinct function boundaries and has no unique global root referenced by two functions
0	/SubmarineTitans/Recovered/PointerShapes/AnonShape_00711670_5F8DCCF2		24	2	2	1	0		0	function_local_or_unreferenced	exact managed pointee reaches fewer than two distinct function boundaries and has no unique global root referenced by two functions
0	/SubmarineTitans/Recovered/PointerShapes/AnonShape_00715360_91615618		12	1	2	1	0		0	function_local_or_unreferenced	exact managed pointee reaches fewer than two distinct function boundaries and has no unique global root referenced by two functions
0	/SubmarineTitans/Recovered/PointerShapes/AnonShape_00717380_FEFD061B		1260	9	12	1	0		0	function_local_or_unreferenced	exact managed pointee reaches fewer than two distinct function boundaries and has no unique global root referenced by two functions
0	/SubmarineTitans/Recovered/PointerShapes/AnonShape_0071A990_7656000F		16	2	2	1	0		2	function_local_or_unreferenced	exact managed pointee reaches fewer than two distinct function boundaries and has no unique global root referenced by two functions
0	/SubmarineTitans/Recovered/PointerShapes/AnonShape_0071B760_B33E06ED		188	6	6	1	0		0	function_local_or_unreferenced	exact managed pointee reaches fewer than two distinct function boundaries and has no unique global root referenced by two functions
0	/SubmarineTitans/Recovered/PointerShapes/AnonShape_0071B760_D695FB3E		16	4	4	1	0		0	function_local_or_unreferenced	exact managed pointee reaches fewer than two distinct function boundaries and has no unique global root referenced by two functions
0	/SubmarineTitans/Recovered/PointerShapes/AnonShape_0071C830_6B4541B2		116	1	2	1	0		0	function_local_or_unreferenced	exact managed pointee reaches fewer than two distinct function boundaries and has no unique global root referenced by two functions
0	/SubmarineTitans/Recovered/PointerShapes/AnonShape_0071C870_66664424		116	1	2	1	0		0	function_local_or_unreferenced	exact managed pointee reaches fewer than two distinct function boundaries and has no unique global root referenced by two functions
0	/SubmarineTitans/Recovered/PointerShapes/AnonShape_00720D30_DF382E7D		536	3	5	1	0		0	function_local_or_unreferenced	exact managed pointee reaches fewer than two distinct function boundaries and has no unique global root referenced by two functions
0	/SubmarineTitans/Recovered/PointerShapes/AnonShape_00721340_81196542		532	4	5	1	0		0	function_local_or_unreferenced	exact managed pointee reaches fewer than two distinct function boundaries and has no unique global root referenced by two functions
0	/SubmarineTitans/Recovered/PointerShapes/AnonShape_00721790_E0636AC6		316	1	1	1	0		0	insufficient_structural_shape	fewer than two exact offset/width components do not establish a useful record view
0	/SubmarineTitans/Recovered/PointerShapes/AnonShape_007217E0_1A4AB243		316	1	1	1	0		0	insufficient_structural_shape	fewer than two exact offset/width components do not establish a useful record view
0	/SubmarineTitans/Recovered/PointerShapes/AnonShape_007219A0_88F70163		316	1	1	1	0		0	insufficient_structural_shape	fewer than two exact offset/width components do not establish a useful record view
0	/SubmarineTitans/Recovered/PointerShapes/AnonShape_007233F0_CA87FFD3		108	2	2	1	0		0	function_local_or_unreferenced	exact managed pointee reaches fewer than two distinct function boundaries and has no unique global root referenced by two functions
0	/SubmarineTitans/Recovered/PointerShapes/AnonShape_00724360_3CA25F92		80	5	5	1	0		0	function_local_or_unreferenced	exact managed pointee reaches fewer than two distinct function boundaries and has no unique global root referenced by two functions
0	/SubmarineTitans/Recovered/PointerShapes/AnonShape_00724D90_F568CE21		412	1	3	1	0		0	function_local_or_unreferenced	exact managed pointee reaches fewer than two distinct function boundaries and has no unique global root referenced by two functions
0	/SubmarineTitans/Recovered/PointerShapes/AnonShape_00727DA0_C4265AA0		64	3	3	1	0		0	function_local_or_unreferenced	exact managed pointee reaches fewer than two distinct function boundaries and has no unique global root referenced by two functions
0	/SubmarineTitans/Recovered/PointerShapes/AnonShape_00728170_7560EBA7		40	4	4	1	0		0	function_local_or_unreferenced	exact managed pointee reaches fewer than two distinct function boundaries and has no unique global root referenced by two functions
0	/SubmarineTitans/Recovered/PointerShapes/AnonShape_00728170_E57D1DF1		40	4	4	1	0		0	function_local_or_unreferenced	exact managed pointee reaches fewer than two distinct function boundaries and has no unique global root referenced by two functions
0	/SubmarineTitans/Recovered/PointerShapes/AnonShape_007282B0_AFD740A9		76	5	5	1	0		0	function_local_or_unreferenced	exact managed pointee reaches fewer than two distinct function boundaries and has no unique global root referenced by two functions
0	/SubmarineTitans/Recovered/PointerShapes/AnonShape_007288A0_88D3FF06		60	2	2	1	0		0	function_local_or_unreferenced	exact managed pointee reaches fewer than two distinct function boundaries and has no unique global root referenced by two functions
0	/SubmarineTitans/Recovered/PointerShapes/AnonShape_007295F0_722683CC		820	11	12	1	0		0	function_local_or_unreferenced	exact managed pointee reaches fewer than two distinct function boundaries and has no unique global root referenced by two functions
0	/SubmarineTitans/Recovered/PointerShapes/AnonShape_00746CDA_FC10F509		36	0	4	1	0		0	function_local_or_unreferenced	exact managed pointee reaches fewer than two distinct function boundaries and has no unique global root referenced by two functions
0	/SubmarineTitans/Recovered/PointerShapes/AnonShape_00746F77_1F40C93D		64	1	2	1	0		0	function_local_or_unreferenced	exact managed pointee reaches fewer than two distinct function boundaries and has no unique global root referenced by two functions
0	/SubmarineTitans/Recovered/PointerShapes/AnonShape_00746FAB_13ADB1A1		44	0	4	1	0		0	function_local_or_unreferenced	exact managed pointee reaches fewer than two distinct function boundaries and has no unique global root referenced by two functions
0	/SubmarineTitans/Recovered/PointerShapes/AnonShape_00747029_F1EF8B79		48	1	2	1	0		0	function_local_or_unreferenced	exact managed pointee reaches fewer than two distinct function boundaries and has no unique global root referenced by two functions
0	/SubmarineTitans/Recovered/PointerShapes/AnonShape_007470E5_0A8F5E67		48	1	2	1	0		0	function_local_or_unreferenced	exact managed pointee reaches fewer than two distinct function boundaries and has no unique global root referenced by two functions
0	/SubmarineTitans/Recovered/PointerShapes/AnonShape_0074731F_00DF946A		56	1	2	1	0		0	function_local_or_unreferenced	exact managed pointee reaches fewer than two distinct function boundaries and has no unique global root referenced by two functions
0	/SubmarineTitans/Recovered/PointerShapes/AnonShape_0074736A_AA1936BB		60	2	4	1	0		0	function_local_or_unreferenced	exact managed pointee reaches fewer than two distinct function boundaries and has no unique global root referenced by two functions
0	/SubmarineTitans/Recovered/PointerShapes/AnonShape_0074756B_58F08DE7		20	0	3	1	0		1	function_local_or_unreferenced	exact managed pointee reaches fewer than two distinct function boundaries and has no unique global root referenced by two functions
0	/SubmarineTitans/Recovered/PointerShapes/AnonShape_007477EA_440BD1E9		12	1	2	1	0		0	function_local_or_unreferenced	exact managed pointee reaches fewer than two distinct function boundaries and has no unique global root referenced by two functions
0	/SubmarineTitans/Recovered/PointerShapes/AnonShape_00747874_535F3AAD		16	0	2	1	0		1	function_local_or_unreferenced	exact managed pointee reaches fewer than two distinct function boundaries and has no unique global root referenced by two functions
0	/SubmarineTitans/Recovered/PointerShapes/AnonShape_00747AF8_C78FFF68		16	1	3	1	0		0	function_local_or_unreferenced	exact managed pointee reaches fewer than two distinct function boundaries and has no unique global root referenced by two functions
0	/SubmarineTitans/Recovered/PointerShapes/AnonShape_00747C63_5B932397		104	3	3	1	0		0	function_local_or_unreferenced	exact managed pointee reaches fewer than two distinct function boundaries and has no unique global root referenced by two functions
0	/SubmarineTitans/Recovered/PointerShapes/AnonShape_00747E4E_3F64CF30		20	2	2	1	0		0	function_local_or_unreferenced	exact managed pointee reaches fewer than two distinct function boundaries and has no unique global root referenced by two functions
0	/SubmarineTitans/Recovered/PointerShapes/AnonShape_00747F3B_C97131D7		16	2	2	1	0		0	function_local_or_unreferenced	exact managed pointee reaches fewer than two distinct function boundaries and has no unique global root referenced by two functions
0	/SubmarineTitans/Recovered/PointerShapes/AnonShape_007480A5_22FE1AF9		104	2	3	1	0		0	function_local_or_unreferenced	exact managed pointee reaches fewer than two distinct function boundaries and has no unique global root referenced by two functions
0	/SubmarineTitans/Recovered/PointerShapes/AnonShape_00748186_DDF6596C		104	3	3	1	0		0	function_local_or_unreferenced	exact managed pointee reaches fewer than two distinct function boundaries and has no unique global root referenced by two functions
0	/SubmarineTitans/Recovered/PointerShapes/AnonShape_007482D8_1685BA8E		140	0	5	0	0		0	function_local_or_unreferenced	exact managed pointee reaches fewer than two distinct function boundaries and has no unique global root referenced by two functions
0	/SubmarineTitans/Recovered/PointerShapes/AnonShape_0074837C_3396F25D		160	0	2	1	0		0	function_local_or_unreferenced	exact managed pointee reaches fewer than two distinct function boundaries and has no unique global root referenced by two functions
0	/SubmarineTitans/Recovered/PointerShapes/AnonShape_0074868B_7E9383CB		12	0	2	1	0		0	function_local_or_unreferenced	exact managed pointee reaches fewer than two distinct function boundaries and has no unique global root referenced by two functions
0	/SubmarineTitans/Recovered/PointerShapes/AnonShape_00748721_F11EED2A		64	0	7	1	0		0	function_local_or_unreferenced	exact managed pointee reaches fewer than two distinct function boundaries and has no unique global root referenced by two functions
0	/SubmarineTitans/Recovered/PointerShapes/AnonShape_00748BCA_3A4BA79D		48	3	5	1	0		0	function_local_or_unreferenced	exact managed pointee reaches fewer than two distinct function boundaries and has no unique global root referenced by two functions
0	/SubmarineTitans/Recovered/PointerShapes/AnonShape_00748E2B_93115374		68	1	11	1	0		0	function_local_or_unreferenced	exact managed pointee reaches fewer than two distinct function boundaries and has no unique global root referenced by two functions
0	/SubmarineTitans/Recovered/PointerShapes/AnonShape_00749106_79800343		72	7	8	1	0		0	function_local_or_unreferenced	exact managed pointee reaches fewer than two distinct function boundaries and has no unique global root referenced by two functions
0	/SubmarineTitans/Recovered/PointerShapes/AnonShape_007491C3_A434B833		64	0	4	1	0		0	function_local_or_unreferenced	exact managed pointee reaches fewer than two distinct function boundaries and has no unique global root referenced by two functions
0	/SubmarineTitans/Recovered/PointerShapes/AnonShape_0074931D_CA8B6F7D		56	1	2	1	0		0	function_local_or_unreferenced	exact managed pointee reaches fewer than two distinct function boundaries and has no unique global root referenced by two functions
0	/SubmarineTitans/Recovered/PointerShapes/AnonShape_00749415_513CA2B2		80	4	4	1	0		0	function_local_or_unreferenced	exact managed pointee reaches fewer than two distinct function boundaries and has no unique global root referenced by two functions
0	/SubmarineTitans/Recovered/PointerShapes/AnonShape_007494D1_ECEF44C3		72	3	3	1	0		0	function_local_or_unreferenced	exact managed pointee reaches fewer than two distinct function boundaries and has no unique global root referenced by two functions
0	/SubmarineTitans/Recovered/PointerShapes/AnonShape_007496A1_B3436AED		92	1	4	1	0		0	function_local_or_unreferenced	exact managed pointee reaches fewer than two distinct function boundaries and has no unique global root referenced by two functions
0	/SubmarineTitans/Recovered/PointerShapes/AnonShape_00749A79_05F12707		68	2	2	1	0		0	function_local_or_unreferenced	exact managed pointee reaches fewer than two distinct function boundaries and has no unique global root referenced by two functions
0	/SubmarineTitans/Recovered/PointerShapes/AnonShape_00749E34_D5356433		112	2	4	1	0		0	function_local_or_unreferenced	exact managed pointee reaches fewer than two distinct function boundaries and has no unique global root referenced by two functions
0	/SubmarineTitans/Recovered/PointerShapes/AnonShape_00749EC2_C411FB81		112	1	3	1	0		0	function_local_or_unreferenced	exact managed pointee reaches fewer than two distinct function boundaries and has no unique global root referenced by two functions
0	/SubmarineTitans/Recovered/PointerShapes/AnonShape_0074A646_320FC166		196	7	8	1	0		0	function_local_or_unreferenced	exact managed pointee reaches fewer than two distinct function boundaries and has no unique global root referenced by two functions
0	/SubmarineTitans/Recovered/PointerShapes/AnonShape_0074A6CB_17890C91		196	2	4	1	0		0	function_local_or_unreferenced	exact managed pointee reaches fewer than two distinct function boundaries and has no unique global root referenced by two functions
0	/SubmarineTitans/Recovered/PointerShapes/AnonShape_0074A72A_A408BA44		192	0	4	1	0		0	function_local_or_unreferenced	exact managed pointee reaches fewer than two distinct function boundaries and has no unique global root referenced by two functions
0	/SubmarineTitans/Recovered/PointerShapes/AnonShape_0074A88B_B70E22D8		180	4	4	1	0		0	function_local_or_unreferenced	exact managed pointee reaches fewer than two distinct function boundaries and has no unique global root referenced by two functions
0	/SubmarineTitans/Recovered/PointerShapes/AnonShape_0074AC6E_15F8B431		324	1	27	1	0		0	function_local_or_unreferenced	exact managed pointee reaches fewer than two distinct function boundaries and has no unique global root referenced by two functions
0	/SubmarineTitans/Recovered/PointerShapes/AnonShape_0074AE8E_9E31CE72		232	3	3	1	0		0	function_local_or_unreferenced	exact managed pointee reaches fewer than two distinct function boundaries and has no unique global root referenced by two functions
0	/SubmarineTitans/Recovered/PointerShapes/AnonShape_0074B4D1_EE56C337		124	2	2	1	0		0	function_local_or_unreferenced	exact managed pointee reaches fewer than two distinct function boundaries and has no unique global root referenced by two functions
0	/SubmarineTitans/Recovered/PointerShapes/AnonShape_0074B52E_469E30A2		80	3	3	1	0		0	function_local_or_unreferenced	exact managed pointee reaches fewer than two distinct function boundaries and has no unique global root referenced by two functions
0	/SubmarineTitans/Recovered/PointerShapes/AnonShape_0074B99C_A57FB945		72	2	2	1	0		0	function_local_or_unreferenced	exact managed pointee reaches fewer than two distinct function boundaries and has no unique global root referenced by two functions
0	/SubmarineTitans/Recovered/PointerShapes/AnonShape_0074BABB_7C20C67C		72	0	2	1	0		0	function_local_or_unreferenced	exact managed pointee reaches fewer than two distinct function boundaries and has no unique global root referenced by two functions
0	/SubmarineTitans/Recovered/PointerShapes/AnonShape_0074BBC6_71B34D24		72	2	2	1	0		0	function_local_or_unreferenced	exact managed pointee reaches fewer than two distinct function boundaries and has no unique global root referenced by two functions
0	/SubmarineTitans/Recovered/PointerShapes/AnonShape_0074BC89_92881050		72	2	3	1	0		0	function_local_or_unreferenced	exact managed pointee reaches fewer than two distinct function boundaries and has no unique global root referenced by two functions
0	/SubmarineTitans/Recovered/PointerShapes/AnonShape_0074BCE4_7F8B87E9		72	0	3	1	0		0	function_local_or_unreferenced	exact managed pointee reaches fewer than two distinct function boundaries and has no unique global root referenced by two functions
0	/SubmarineTitans/Recovered/PointerShapes/AnonShape_0074BE28_A72B0079		148	2	2	1	0		0	function_local_or_unreferenced	exact managed pointee reaches fewer than two distinct function boundaries and has no unique global root referenced by two functions
0	/SubmarineTitans/Recovered/PointerShapes/AnonShape_0074C571_537DB7FB		208	2	2	1	0		0	function_local_or_unreferenced	exact managed pointee reaches fewer than two distinct function boundaries and has no unique global root referenced by two functions
0	/SubmarineTitans/Recovered/PointerShapes/AnonShape_0074C5D2_07BD206F		68	0	8	1	0		0	function_local_or_unreferenced	exact managed pointee reaches fewer than two distinct function boundaries and has no unique global root referenced by two functions
0	/SubmarineTitans/Recovered/PointerShapes/AnonShape_0074C7B6_0CB193FF		164	1	3	1	0		0	function_local_or_unreferenced	exact managed pointee reaches fewer than two distinct function boundaries and has no unique global root referenced by two functions
0	/SubmarineTitans/Recovered/PointerShapes/AnonShape_0074C8A9_0F993FDC		148	1	1	1	0		0	insufficient_structural_shape	fewer than two exact offset/width components do not establish a useful record view
0	/SubmarineTitans/Recovered/PointerShapes/AnonShape_0074D423_CE3F4999		64	3	3	1	0		0	function_local_or_unreferenced	exact managed pointee reaches fewer than two distinct function boundaries and has no unique global root referenced by two functions
0	/SubmarineTitans/Recovered/PointerShapes/AnonShape_0074E2FF_47CF731F		12	1	2	1	0		0	function_local_or_unreferenced	exact managed pointee reaches fewer than two distinct function boundaries and has no unique global root referenced by two functions
0	/SubmarineTitans/Recovered/PointerShapes/AnonShape_0074F0D8_3A9DA5F1		76	0	5	1	0		0	function_local_or_unreferenced	exact managed pointee reaches fewer than two distinct function boundaries and has no unique global root referenced by two functions
0	/SubmarineTitans/Recovered/PointerShapes/AnonShape_0074F612_D7AF983D		60	2	2	1	0		0	function_local_or_unreferenced	exact managed pointee reaches fewer than two distinct function boundaries and has no unique global root referenced by two functions
0	/SubmarineTitans/Recovered/PointerShapes/AnonShape_0074F683_B3CE4B6F		60	2	2	1	0		0	function_local_or_unreferenced	exact managed pointee reaches fewer than two distinct function boundaries and has no unique global root referenced by two functions
0	/SubmarineTitans/Recovered/PointerShapes/AnonShape_0074FE47_5517BCCF		40	3	4	1	0		0	function_local_or_unreferenced	exact managed pointee reaches fewer than two distinct function boundaries and has no unique global root referenced by two functions
0	/SubmarineTitans/Recovered/PointerShapes/AnonShape_0074FEF7_7E5655A4		80	1	7	1	0		0	function_local_or_unreferenced	exact managed pointee reaches fewer than two distinct function boundaries and has no unique global root referenced by two functions
0	/SubmarineTitans/Recovered/PointerShapes/AnonShape_0074FF8C_0691EA28		112	0	7	1	0		0	function_local_or_unreferenced	exact managed pointee reaches fewer than two distinct function boundaries and has no unique global root referenced by two functions
0	/SubmarineTitans/Recovered/PointerShapes/AnonShape_0074FFD2_D127A427		100	3	4	1	0		0	function_local_or_unreferenced	exact managed pointee reaches fewer than two distinct function boundaries and has no unique global root referenced by two functions
0	/SubmarineTitans/Recovered/PointerShapes/AnonShape_00750104_599B328B		52	4	4	1	0		0	function_local_or_unreferenced	exact managed pointee reaches fewer than two distinct function boundaries and has no unique global root referenced by two functions
0	/SubmarineTitans/Recovered/PointerShapes/AnonShape_0075019F_4BD22E12		52	2	2	1	0		0	function_local_or_unreferenced	exact managed pointee reaches fewer than two distinct function boundaries and has no unique global root referenced by two functions
0	/SubmarineTitans/Recovered/PointerShapes/AnonShape_00750FB0_15A3AC3E		16	2	2	1	0		0	function_local_or_unreferenced	exact managed pointee reaches fewer than two distinct function boundaries and has no unique global root referenced by two functions
0	/SubmarineTitans/Recovered/PointerShapes/AnonShape_00753CE0_1943F9C2		56	1	2	1	0		0	function_local_or_unreferenced	exact managed pointee reaches fewer than two distinct function boundaries and has no unique global root referenced by two functions
0	/SubmarineTitans/Recovered/PointerShapes/AnonShape_00753FD0_4E1BB8DD		64	2	4	1	0		0	function_local_or_unreferenced	exact managed pointee reaches fewer than two distinct function boundaries and has no unique global root referenced by two functions
0	/SubmarineTitans/Recovered/PointerShapes/AnonShape_00754185_34BF31BE		80	7	9	1	0		0	function_local_or_unreferenced	exact managed pointee reaches fewer than two distinct function boundaries and has no unique global root referenced by two functions
0	/SubmarineTitans/Recovered/PointerShapes/AnonShape_007543F0_E9DD5DAA		16	2	2	1	0		0	function_local_or_unreferenced	exact managed pointee reaches fewer than two distinct function boundaries and has no unique global root referenced by two functions
0	/SubmarineTitans/Recovered/PointerShapes/AnonShape_00754AF0_163A950B		36	2	2	1	0		0	function_local_or_unreferenced	exact managed pointee reaches fewer than two distinct function boundaries and has no unique global root referenced by two functions
0	/SubmarineTitans/Recovered/PointerShapes/AnonShape_00754AF0_86EFDBFA		92	0	6	1	0		0	function_local_or_unreferenced	exact managed pointee reaches fewer than two distinct function boundaries and has no unique global root referenced by two functions
0	/SubmarineTitans/Recovered/PointerShapes/AnonShape_00754B80_75BFDB7A		136	7	7	1	0		0	function_local_or_unreferenced	exact managed pointee reaches fewer than two distinct function boundaries and has no unique global root referenced by two functions
0	/SubmarineTitans/Recovered/PointerShapes/AnonShape_00754FD0_6B521B56		16	2	2	1	0		0	function_local_or_unreferenced	exact managed pointee reaches fewer than two distinct function boundaries and has no unique global root referenced by two functions
0	/SubmarineTitans/Recovered/PointerShapes/AnonShape_007550C0_25940DF4		56	0	4	1	0		0	function_local_or_unreferenced	exact managed pointee reaches fewer than two distinct function boundaries and has no unique global root referenced by two functions
0	/SubmarineTitans/Recovered/PointerShapes/AnonShape_00755180_CB9F7747		24	1	2	1	0		0	function_local_or_unreferenced	exact managed pointee reaches fewer than two distinct function boundaries and has no unique global root referenced by two functions
0	/SubmarineTitans/Recovered/PointerShapes/AnonShape_007553F0_ACB112C2		16	2	2	1	0		0	function_local_or_unreferenced	exact managed pointee reaches fewer than two distinct function boundaries and has no unique global root referenced by two functions
0	/SubmarineTitans/Recovered/PointerShapes/AnonShape_00755BC0_D59C64DD		32	4	4	1	0		0	function_local_or_unreferenced	exact managed pointee reaches fewer than two distinct function boundaries and has no unique global root referenced by two functions
0	/SubmarineTitans/Recovered/PointerShapes/AnonShape_00756480_42788A49		288	5	24	1	0		0	function_local_or_unreferenced	exact managed pointee reaches fewer than two distinct function boundaries and has no unique global root referenced by two functions
0	/SubmarineTitans/Recovered/PointerShapes/AnonShape_00756800_BE569F2C		412	2	7	1	0		0	function_local_or_unreferenced	exact managed pointee reaches fewer than two distinct function boundaries and has no unique global root referenced by two functions
0	/SubmarineTitans/Recovered/PointerShapes/AnonShape_00756D40_7190B7CA		304	8	8	1	0		0	function_local_or_unreferenced	exact managed pointee reaches fewer than two distinct function boundaries and has no unique global root referenced by two functions
0	/SubmarineTitans/Recovered/PointerShapes/AnonShape_00757250_D85D8BF6		448	3	3	1	0		0	function_local_or_unreferenced	exact managed pointee reaches fewer than two distinct function boundaries and has no unique global root referenced by two functions
0	/SubmarineTitans/Recovered/PointerShapes/AnonShape_00757360_9B4621C9		56	3	4	1	0		0	function_local_or_unreferenced	exact managed pointee reaches fewer than two distinct function boundaries and has no unique global root referenced by two functions
0	/SubmarineTitans/Recovered/PointerShapes/AnonShape_00757360_9C23D284		12	1	1	1	0		0	insufficient_structural_shape	fewer than two exact offset/width components do not establish a useful record view
0	/SubmarineTitans/Recovered/PointerShapes/AnonShape_00757530_EEED7D69		16	1	1	1	0		0	insufficient_structural_shape	fewer than two exact offset/width components do not establish a useful record view
0	/SubmarineTitans/Recovered/PointerShapes/AnonShape_007575B0_A94973CA		16	1	1	1	0		0	insufficient_structural_shape	fewer than two exact offset/width components do not establish a useful record view
0	/SubmarineTitans/Recovered/PointerShapes/AnonShape_00757670_86D3B9A7		12	1	1	1	0		0	insufficient_structural_shape	fewer than two exact offset/width components do not establish a useful record view
0	/SubmarineTitans/Recovered/PointerShapes/AnonShape_00757710_B64D966B		432	2	3	1	0		0	function_local_or_unreferenced	exact managed pointee reaches fewer than two distinct function boundaries and has no unique global root referenced by two functions
0	/SubmarineTitans/Recovered/PointerShapes/AnonShape_00757C90_A505B8DD		428	2	3	1	0		0	function_local_or_unreferenced	exact managed pointee reaches fewer than two distinct function boundaries and has no unique global root referenced by two functions
0	/SubmarineTitans/Recovered/PointerShapes/AnonShape_00757EF0_9651DBEA		284	3	5	1	0		0	function_local_or_unreferenced	exact managed pointee reaches fewer than two distinct function boundaries and has no unique global root referenced by two functions
0	/SubmarineTitans/Recovered/PointerShapes/AnonShape_00758010_64471088		288	1	3	1	0		0	function_local_or_unreferenced	exact managed pointee reaches fewer than two distinct function boundaries and has no unique global root referenced by two functions
0	/SubmarineTitans/Recovered/PointerShapes/AnonShape_00758100_FF0E5C9C		20	1	1	1	0		0	insufficient_structural_shape	fewer than two exact offset/width components do not establish a useful record view
0	/SubmarineTitans/Recovered/PointerShapes/AnonShape_00759120_E4E2134C		428	2	3	1	0		0	function_local_or_unreferenced	exact managed pointee reaches fewer than two distinct function boundaries and has no unique global root referenced by two functions
0	/SubmarineTitans/Recovered/PointerShapes/AnonShape_0075A040_811C231E		412	2	2	1	0		0	function_local_or_unreferenced	exact managed pointee reaches fewer than two distinct function boundaries and has no unique global root referenced by two functions
0	/SubmarineTitans/Recovered/PointerShapes/AnonShape_0075A2D0_C70BF9F5		420	4	4	1	0		0	function_local_or_unreferenced	exact managed pointee reaches fewer than two distinct function boundaries and has no unique global root referenced by two functions
0	/SubmarineTitans/Recovered/PointerShapes/AnonShape_0075A350_15A0BA61		420	5	5	1	0		0	function_local_or_unreferenced	exact managed pointee reaches fewer than two distinct function boundaries and has no unique global root referenced by two functions
0	/SubmarineTitans/Recovered/PointerShapes/AnonShape_0075A800_65F17FFC		416	1	1	1	0		0	insufficient_structural_shape	fewer than two exact offset/width components do not establish a useful record view
0	/SubmarineTitans/Recovered/PointerShapes/AnonShape_0075A860_7232E9BC		436	8	10	1	0		0	function_local_or_unreferenced	exact managed pointee reaches fewer than two distinct function boundaries and has no unique global root referenced by two functions
0	/SubmarineTitans/Recovered/PointerShapes/AnonShape_0075AAB0_12234AD6		432	6	6	1	0		0	function_local_or_unreferenced	exact managed pointee reaches fewer than two distinct function boundaries and has no unique global root referenced by two functions
0	/SubmarineTitans/Recovered/PointerShapes/AnonShape_0075ACB0_25ECA7C9		424	3	3	1	0		0	function_local_or_unreferenced	exact managed pointee reaches fewer than two distinct function boundaries and has no unique global root referenced by two functions
0	/SubmarineTitans/Recovered/PointerShapes/AnonShape_0075AF80_4192DD78		436	4	5	1	0		0	function_local_or_unreferenced	exact managed pointee reaches fewer than two distinct function boundaries and has no unique global root referenced by two functions
0	/SubmarineTitans/Recovered/PointerShapes/AnonShape_0075AF80_B94F5401		24	5	5	1	0		0	function_local_or_unreferenced	exact managed pointee reaches fewer than two distinct function boundaries and has no unique global root referenced by two functions
0	/SubmarineTitans/Recovered/PointerShapes/AnonShape_0075BA30_FEA40A39		432	3	5	1	0		0	function_local_or_unreferenced	exact managed pointee reaches fewer than two distinct function boundaries and has no unique global root referenced by two functions
0	/SubmarineTitans/Recovered/PointerShapes/AnonShape_0075C180_73A43719		16	2	2	1	0		0	stale_or_foreign_generated_baseline	PointerShape provenance or stored layout hash is absent/stale
0	/SubmarineTitans/Recovered/PointerShapes/AnonShape_0075C440_EFE38C9F		432	4	7	1	0		0	function_local_or_unreferenced	exact managed pointee reaches fewer than two distinct function boundaries and has no unique global root referenced by two functions
0	/SubmarineTitans/Recovered/PointerShapes/AnonShape_0075C680_AC52F0A7		432	2	4	1	0		0	function_local_or_unreferenced	exact managed pointee reaches fewer than two distinct function boundaries and has no unique global root referenced by two functions
0	/SubmarineTitans/Recovered/PointerShapes/AnonShape_0075C790_3F1CCBA9		432	4	7	1	0		0	function_local_or_unreferenced	exact managed pointee reaches fewer than two distinct function boundaries and has no unique global root referenced by two functions
0	/SubmarineTitans/Recovered/PointerShapes/AnonShape_0075CF90_FD450D17		420	1	1	1	0		0	insufficient_structural_shape	fewer than two exact offset/width components do not establish a useful record view
0	/SubmarineTitans/Recovered/PointerShapes/AnonShape_0075D010_01B960D8		448	3	3	1	0		0	function_local_or_unreferenced	exact managed pointee reaches fewer than two distinct function boundaries and has no unique global root referenced by two functions
0	/SubmarineTitans/Recovered/PointerShapes/AnonShape_0075D0B0_63617DB8		448	2	2	1	0		0	function_local_or_unreferenced	exact managed pointee reaches fewer than two distinct function boundaries and has no unique global root referenced by two functions
0	/SubmarineTitans/Recovered/PointerShapes/AnonShape_0075D350_C315D9E6		440	1	3	1	0		0	function_local_or_unreferenced	exact managed pointee reaches fewer than two distinct function boundaries and has no unique global root referenced by two functions
0	/SubmarineTitans/Recovered/PointerShapes/AnonShape_0075D370_6C1A68B3		440	2	2	1	0		0	function_local_or_unreferenced	exact managed pointee reaches fewer than two distinct function boundaries and has no unique global root referenced by two functions
0	/SubmarineTitans/Recovered/PointerShapes/AnonShape_0075D490_1FEB0A4F		440	2	3	1	0		0	function_local_or_unreferenced	exact managed pointee reaches fewer than two distinct function boundaries and has no unique global root referenced by two functions
0	/SubmarineTitans/Recovered/PointerShapes/AnonShape_0075D590_939A8180		300	2	2	1	0		0	function_local_or_unreferenced	exact managed pointee reaches fewer than two distinct function boundaries and has no unique global root referenced by two functions
0	/SubmarineTitans/Recovered/PointerShapes/AnonShape_0075DA80_57A0CDEF		444	1	2	1	0		0	function_local_or_unreferenced	exact managed pointee reaches fewer than two distinct function boundaries and has no unique global root referenced by two functions
0	/SubmarineTitans/Recovered/PointerShapes/AnonShape_0075DFE0_9F2D3E56		440	1	2	1	0		0	function_local_or_unreferenced	exact managed pointee reaches fewer than two distinct function boundaries and has no unique global root referenced by two functions
0	/SubmarineTitans/Recovered/PointerShapes/AnonShape_0075E000_A9FEDC0C		440	1	1	1	0		0	insufficient_structural_shape	fewer than two exact offset/width components do not establish a useful record view
0	/SubmarineTitans/Recovered/PointerShapes/AnonShape_0075E750_D250320C		448	2	2	1	0		0	function_local_or_unreferenced	exact managed pointee reaches fewer than two distinct function boundaries and has no unique global root referenced by two functions
0	/SubmarineTitans/Recovered/PointerShapes/AnonShape_0075E7D0_08EF6D02		448	2	2	1	0		0	function_local_or_unreferenced	exact managed pointee reaches fewer than two distinct function boundaries and has no unique global root referenced by two functions
0	/SubmarineTitans/Recovered/PointerShapes/AnonShape_0075EC80_53406127		448	4	4	1	0		0	function_local_or_unreferenced	exact managed pointee reaches fewer than two distinct function boundaries and has no unique global root referenced by two functions
0	/SubmarineTitans/Recovered/PointerShapes/AnonShape_0075EF30_9859F226		448	1	1	1	0		0	insufficient_structural_shape	fewer than two exact offset/width components do not establish a useful record view
0	/SubmarineTitans/Recovered/PointerShapes/AnonShape_0075F590_570A7014		448	2	2	1	0		0	function_local_or_unreferenced	exact managed pointee reaches fewer than two distinct function boundaries and has no unique global root referenced by two functions
0	/SubmarineTitans/Recovered/PointerShapes/AnonShape_0075F7D0_BDBF0616		448	1	1	1	0		0	insufficient_structural_shape	fewer than two exact offset/width components do not establish a useful record view
0	/SubmarineTitans/Recovered/PointerShapes/AnonShape_0075FA00_902A830E		448	1	1	2	0		0	insufficient_structural_shape	fewer than two exact offset/width components do not establish a useful record view
0	/SubmarineTitans/Recovered/PointerShapes/AnonShape_0075FD80_7EE67BE7		448	3	3	1	0		0	function_local_or_unreferenced	exact managed pointee reaches fewer than two distinct function boundaries and has no unique global root referenced by two functions
0	/SubmarineTitans/Recovered/PointerShapes/AnonShape_0075FE30_46CD87E7		448	2	2	1	0		0	function_local_or_unreferenced	exact managed pointee reaches fewer than two distinct function boundaries and has no unique global root referenced by two functions
0	/SubmarineTitans/Recovered/PointerShapes/AnonShape_0075FFF0_30A040AA		448	1	1	1	0		0	insufficient_structural_shape	fewer than two exact offset/width components do not establish a useful record view
0	/SubmarineTitans/Recovered/PointerShapes/AnonShape_00760100_BE153D7B		448	4	4	1	0		0	function_local_or_unreferenced	exact managed pointee reaches fewer than two distinct function boundaries and has no unique global root referenced by two functions
0	/SubmarineTitans/Recovered/PointerShapes/AnonShape_007603B0_DAA8AD99		84	1	1	1	0		0	insufficient_structural_shape	fewer than two exact offset/width components do not establish a useful record view
0	/SubmarineTitans/Recovered/PointerShapes/AnonShape_00760970_DF0E462C		84	1	1	1	0		0	insufficient_structural_shape	fewer than two exact offset/width components do not establish a useful record view
0	/SubmarineTitans/Recovered/PointerShapes/AnonShape_00760DF0_41372EAE		84	1	1	1	0		0	insufficient_structural_shape	fewer than two exact offset/width components do not establish a useful record view
0	/SubmarineTitans/Recovered/PointerShapes/AnonShape_007611C0_0B5C7A2E		84	1	1	1	0		0	insufficient_structural_shape	fewer than two exact offset/width components do not establish a useful record view
0	/SubmarineTitans/Recovered/PointerShapes/AnonShape_007611C0_979BF099		4	0	3	1	0		0	function_local_or_unreferenced	exact managed pointee reaches fewer than two distinct function boundaries and has no unique global root referenced by two functions
0	/SubmarineTitans/Recovered/PointerShapes/AnonShape_GLOBAL_00856FE4_DDA5DC8B		18	2	2	0	1	00856FE4	0	function_local_or_unreferenced	exact managed pointee reaches fewer than two distinct function boundaries and has no unique global root referenced by two functions
