target	status	detail
0040D540:Stack[-72]	disabled	needs_two_exact_output_calls
0040D540:Stack[-32]	disabled	needs_two_exact_output_calls
00416400:Stack[-44]	disabled	needs_two_exact_output_calls
0041C710:Stack[-12]	disabled	needs_two_exact_output_calls
0041C710:Stack[-8]	disabled	needs_two_count_driven_consumers
00428E50:Stack[-264]	disabled	needs_two_exact_output_calls
0042ABE0:Stack[-8]	disabled	needs_two_exact_output_calls
0042DFE0:Stack[-8]	disabled	needs_two_exact_output_calls
00436F20:Stack[-78]	disabled	needs_two_exact_output_calls
00436F20:Stack[-64]	disabled	needs_two_exact_output_calls
00436F20:Stack[-28]	disabled	needs_two_count_driven_consumers
00436F20:Stack[-8]	disabled	needs_two_count_driven_consumers
00439100:Stack[-28]	disabled	needs_two_exact_output_calls
0044C720:Stack[-8]	disabled	needs_two_count_driven_consumers
0044EE30:Stack[-156]	disabled	needs_two_count_driven_consumers
0044EE30:Stack[-96]	disabled	needs_two_exact_output_calls
0044EE30:Stack[-88]	disabled	needs_two_exact_output_calls
0044EE30:Stack[-80]	disabled	needs_two_exact_output_calls
0044EE30:Stack[-76]	disabled	needs_two_exact_output_calls
0044EE30:Stack[-48]	disabled	needs_two_count_driven_consumers
0044EE30:Stack[-40]	disabled	needs_two_count_driven_consumers
0044EE30:Stack[-36]	disabled	needs_two_count_driven_consumers
0044EE30:Stack[-16]	disabled	needs_two_exact_output_calls
004603B0:Stack[-8]	disabled	needs_two_exact_output_calls
004603B0:Stack[-8]	disabled	needs_two_exact_output_calls
004608B0:Stack[-36]	disabled	needs_two_exact_output_calls
004608B0:Stack[-36]	disabled	needs_two_exact_output_calls
004608B0:Stack[-28]	disabled	needs_two_exact_output_calls
00462180:Stack[-116]	disabled	needs_two_exact_output_calls
00462180:Stack[-32]	disabled	needs_two_exact_output_calls
00462180:Stack[-20]	disabled	needs_two_exact_output_calls
00462180:Stack[-16]	disabled	needs_two_exact_output_calls
00462180:Stack[-12]	disabled	needs_two_count_driven_consumers
00465C60:Stack[-24]	disabled	needs_two_exact_output_calls
00465C60:Stack[-20]	disabled	needs_two_exact_output_calls
0046B100:Stack[-24]	disabled	needs_two_count_driven_consumers
0046B100:Stack[-20]	disabled	needs_two_exact_output_calls
0046CF20:Stack[-20]	disabled	needs_two_exact_output_calls
0046CF20:Stack[-12]	disabled	needs_two_exact_output_calls
0046CF20:Stack[-8]	disabled	needs_two_exact_output_calls
0046D450:Stack[-20]	disabled	needs_two_exact_output_calls
0046D450:Stack[-16]	disabled	needs_two_exact_output_calls
0046F5C0:Stack[-20]	disabled	needs_two_count_driven_consumers
00471AC0:Stack[-36]	disabled	needs_two_exact_output_calls
00471AC0:Stack[-36]	disabled	needs_two_exact_output_calls
00471AC0:Stack[-28]	disabled	needs_two_exact_output_calls
004732F0:Stack[-44]	disabled	needs_two_exact_output_calls
004732F0:Stack[-40]	disabled	needs_two_exact_output_calls
004732F0:Stack[-16]	disabled	needs_two_count_driven_consumers
004732F0:Stack[-12]	disabled	needs_two_count_driven_consumers
004749C0:Stack[-76]	disabled	needs_two_exact_output_calls
004749C0:Stack[-20]	disabled	needs_two_exact_output_calls
00475530:Stack[-20]	disabled	needs_two_exact_output_calls
004758E0:Stack[-20]	disabled	needs_two_exact_output_calls
004758E0:Stack[-12]	disabled	needs_two_exact_output_calls
00476CE0:Stack[-16]	disabled	needs_two_exact_output_calls
00476CE0:Stack[-12]	disabled	needs_two_exact_output_calls
00479600:Stack[-28]	disabled	needs_two_count_driven_consumers
00479600:Stack[-8]	disabled	needs_two_count_driven_consumers
0047D080:Stack[-16]	disabled	needs_two_exact_output_calls
0047DA50:Stack[-20]	disabled	needs_two_exact_output_calls
0047DF00:Stack[-24]	disabled	needs_two_exact_output_calls
0047DF00:Stack[-20]	disabled	needs_two_exact_output_calls
00482DB0:Stack[-20]	disabled	needs_two_exact_output_calls
004845E0:Stack[-12]	disabled	needs_two_exact_output_calls
00486B60:Stack[-12]	disabled	needs_two_exact_output_calls
00492080:Stack[-20]	disabled	needs_two_exact_output_calls
00492080:Stack[-10]	disabled	needs_two_exact_output_calls
00492390:Stack[-8]	disabled	needs_two_exact_output_calls
00492420:Stack[-8]	disabled	needs_two_exact_output_calls
004924A0:Stack[-8]	disabled	needs_two_exact_output_calls
00497E00:Stack[-64]	disabled	needs_two_exact_output_calls
00497E00:Stack[-12]	disabled	needs_two_exact_output_calls
0049DFA0:Stack[-8]	disabled	needs_two_exact_output_calls
004A0990:Stack[-8]	disabled	needs_two_exact_output_calls
004B7750:Stack[-28]	disabled	needs_two_exact_output_calls
004B8C80:Stack[-44]	disabled	needs_two_count_driven_consumers
004B8C80:Stack[-12]	disabled	needs_two_exact_output_calls
004B9FA0:Stack[-124]	disabled	needs_two_exact_output_calls
004B9FA0:Stack[-24]	disabled	needs_two_exact_output_calls
004B9FA0:Stack[-20]	disabled	needs_two_exact_output_calls
004C21A0:Stack[-12]	disabled	needs_two_exact_output_calls
004C2D40:Stack[-8]	disabled	needs_two_exact_output_calls
004C2F70:Stack[-8]	disabled	needs_two_exact_output_calls
004C3C00:Stack[-8]	disabled	needs_two_exact_output_calls
004C4550:Stack[-36]	disabled	needs_two_exact_output_calls
004C5E60:Stack[-8]	disabled	needs_two_exact_output_calls
004C5EB0:Stack[-8]	disabled	needs_two_exact_output_calls
004C6440:Stack[-52]	disabled	needs_two_exact_output_calls
004C6440:Stack[-24]	disabled	needs_two_exact_output_calls
004C6D00:Stack[-28]	disabled	needs_two_exact_output_calls
004C7460:Stack[-40]	disabled	needs_two_exact_output_calls
004CD6F0:Stack[-8]	disabled	needs_two_exact_output_calls
004CE060:Stack[-12]	disabled	needs_two_exact_output_calls
004CE250:Stack[-8]	disabled	needs_two_exact_output_calls
004CE670:Stack[-8]	disabled	needs_two_exact_output_calls
004CF640:Stack[-36]	disabled	needs_two_exact_output_calls
004D32C0:Stack[-60]	disabled	needs_two_exact_output_calls
004D32C0:Stack[-60]	disabled	needs_two_exact_output_calls
004D55B0:Stack[-44]	disabled	needs_two_exact_output_calls
004D8D40:Stack[-8]	disabled	needs_two_exact_output_calls
004D8E70:Stack[-8]	disabled	needs_two_exact_output_calls
004DBA70:Stack[-12]	disabled	needs_two_exact_output_calls
004DC150:Stack[-8]	disabled	needs_two_exact_output_calls
004DCBF0:Stack[-8]	disabled	needs_two_exact_output_calls
004DCC80:Stack[-8]	disabled	needs_two_exact_output_calls
004E27E0:Stack[-8]	disabled	needs_two_exact_output_calls
004E3200:Stack[-20]	disabled	needs_two_count_driven_consumers
004E8D40:Stack[-8]	disabled	needs_two_exact_output_calls
004E8DC0:Stack[-8]	disabled	needs_two_exact_output_calls
004E9C20:Stack[-8]	disabled	needs_two_exact_output_calls
004E9CE0:Stack[-28]	disabled	needs_two_exact_output_calls
004E9CE0:Stack[-8]	disabled	needs_two_count_driven_consumers
004FAE90:Stack[-8]	disabled	needs_two_exact_output_calls
004FB060:Stack[-56]	disabled	needs_two_exact_output_calls
004FB060:Stack[-40]	disabled	needs_two_count_driven_consumers
00513030:Stack[-60]	disabled	needs_two_exact_output_calls
0051B5A0:Stack[-24]	disabled	needs_two_exact_output_calls
0052BF00:Stack[-56]	disabled	needs_two_count_driven_consumers
0052FB00:Stack[-2436]	disabled	needs_two_exact_output_calls
0052FB00:Stack[-2176]	disabled	needs_two_exact_output_calls
0052FB00:Stack[-112]	disabled	needs_two_exact_output_calls
0052FB00:Stack[-108]	disabled	needs_two_exact_output_calls
0052FB00:Stack[-104]	disabled	needs_two_exact_output_calls
0052FB00:Stack[-92]	disabled	needs_two_exact_output_calls
0052FB00:Stack[-84]	disabled	needs_two_exact_output_calls
0052FB00:Stack[-80]	disabled	needs_two_exact_output_calls
005325B0:Stack[-300]	disabled	needs_two_exact_output_calls
00533D10:Stack[-44]	disabled	needs_two_exact_output_calls
00533D10:Stack[-40]	disabled	needs_two_exact_output_calls
005441A0:Stack[-36]	disabled	needs_two_count_driven_consumers
00544460:Stack[-40]	disabled	needs_two_count_driven_consumers
005446C0:Stack[-40]	disabled	needs_two_exact_output_calls
00544800:Stack[-40]	disabled	needs_two_exact_output_calls
005449B0:Stack[-1316]	disabled	needs_two_count_driven_consumers
005449B0:Stack[-1316]	disabled	needs_two_count_driven_consumers
005449B0:Stack[-64]	disabled	needs_two_exact_output_calls
005449B0:Stack[-64]	disabled	needs_two_count_driven_consumers
005449B0:Stack[-12]	disabled	needs_two_exact_output_calls
00548C40:Stack[-8]	disabled	needs_two_count_driven_consumers
0054A9B0:Stack[-20]	disabled	needs_two_exact_output_calls
0054AEE0:Stack[-16]	disabled	needs_two_exact_output_calls
0054CC20:Stack[-8]	disabled	needs_two_exact_output_calls
0054CDD0:Stack[-8]	disabled	needs_two_exact_output_calls
0054D640:Stack[-100]	disabled	needs_two_exact_output_calls
0054D640:Stack[-68]	disabled	needs_two_exact_output_calls
0054F1D0:Stack[-40]	disabled	needs_two_exact_output_calls
00556760:Stack[-88]	disabled	needs_two_exact_output_calls
00556760:Stack[-8]	disabled	needs_two_exact_output_calls
005718D0:Stack[-28]	disabled	needs_two_exact_output_calls
005718D0:Stack[-28]	disabled	needs_two_exact_output_calls
00573260:Stack[-40]	disabled	needs_two_exact_output_calls
00573260:Stack[-36]	disabled	needs_two_exact_output_calls
00573260:Stack[-32]	disabled	needs_two_exact_output_calls
00573260:Stack[-16]	disabled	needs_two_exact_output_calls
005783F0:Stack[-36]	disabled	needs_two_exact_output_calls
0057B670:Stack[-8]	disabled	needs_two_exact_output_calls
0057BF20:Stack[-36]	disabled	needs_two_exact_output_calls
0057D5F0:Stack[-8]	disabled	needs_two_exact_output_calls
0057E0A0:Stack[-32]	disabled	needs_two_exact_output_calls
0057E0A0:Stack[-20]	disabled	needs_two_exact_output_calls
00580380:Stack[-36]	disabled	needs_two_exact_output_calls
005811C0:Stack[-36]	disabled	needs_two_exact_output_calls
00581BF0:Stack[-12]	disabled	needs_two_exact_output_calls
00582580:Stack[-36]	disabled	needs_two_exact_output_calls
005825C0:Stack[-32]	disabled	needs_two_exact_output_calls
00583E30:Stack[-8]	disabled	needs_two_exact_output_calls
00584AD0:Stack[-36]	disabled	needs_two_exact_output_calls
005862E0:Stack[-36]	disabled	needs_two_exact_output_calls
00588BC0:Stack[-36]	disabled	needs_two_exact_output_calls
005899E0:Stack[-36]	disabled	needs_two_exact_output_calls
00589C10:Stack[-32]	disabled	needs_two_exact_output_calls
0058BB50:Stack[-36]	disabled	needs_two_exact_output_calls
0058EFE0:Stack[-36]	disabled	needs_two_exact_output_calls
005A1920:Stack[-16]	disabled	needs_two_exact_output_calls
005A4350:Stack[-556]	disabled	needs_two_exact_output_calls
005AFD00:Stack[-880]	disabled	needs_two_exact_output_calls
005AFD00:Stack[-576]	disabled	needs_two_exact_output_calls
005C1340:Stack[-44]	disabled	needs_two_exact_output_calls
005C7800:Stack[-72]	disabled	needs_two_exact_output_calls
005C7800:Stack[-72]	disabled	needs_two_exact_output_calls
005D00B0:Stack[-100]	disabled	needs_two_exact_output_calls
005D8BF0:Stack[-496]	disabled	needs_two_exact_output_calls
005DCE90:Stack[-40]	disabled	needs_two_exact_output_calls
005E1330:Stack[-3128]	disabled	needs_two_count_driven_consumers
005E1330:Stack[-228]	disabled	needs_two_count_driven_consumers
005E1330:Stack[-120]	disabled	needs_two_count_driven_consumers
005EAF10:Stack[-20]	disabled	needs_two_exact_output_calls
005EBCB0:Stack[-36]	disabled	needs_two_exact_output_calls
005EC6A0:Stack[-8]	disabled	needs_two_exact_output_calls
005EE6E0:Stack[-56]	disabled	needs_two_exact_output_calls
005EE6E0:Stack[-24]	disabled	needs_two_count_driven_consumers
005EE6E0:Stack[-20]	disabled	needs_two_exact_output_calls
005EEFF0:Stack[-12]	disabled	needs_two_exact_output_calls
005EEFF0:Stack[-8]	disabled	needs_two_exact_output_calls
005EF6C0:Stack[-8]	disabled	needs_two_exact_output_calls
005F1380:Stack[-36]	disabled	needs_two_exact_output_calls
005F19A0:Stack[-64]	disabled	needs_two_exact_output_calls
005F19A0:Stack[-52]	disabled	needs_two_exact_output_calls
005F19A0:Stack[-44]	disabled	needs_two_exact_output_calls
005F19A0:Stack[-36]	disabled	needs_two_exact_output_calls
005F23D0:Stack[-28]	disabled	needs_two_exact_output_calls
005F23D0:Stack[-24]	disabled	needs_two_exact_output_calls
005F23D0:Stack[-16]	disabled	needs_two_exact_output_calls
005F27C0:Stack[-40]	disabled	needs_two_exact_output_calls
005F3470:Stack[-36]	disabled	needs_two_exact_output_calls
005F3940:Stack[-8]	disabled	needs_two_exact_output_calls
005F3BF0:Stack[-32]	disabled	needs_two_count_driven_consumers
005F4680:Stack[-16]	disabled	needs_two_exact_output_calls
005F5440:Stack[-20]	disabled	needs_two_exact_output_calls
005F66B0:Stack[-36]	disabled	needs_two_exact_output_calls
005F6F60:Stack[-40]	disabled	needs_two_exact_output_calls
005F6F60:Stack[-32]	disabled	needs_two_exact_output_calls
005F6F60:Stack[-16]	disabled	needs_two_exact_output_calls
005F6F60:Stack[-16]	disabled	needs_two_count_driven_consumers
005F8CC0:Stack[-8]	disabled	needs_two_exact_output_calls
005FA8B0:Stack[-20]	disabled	needs_two_exact_output_calls
005FB1F0:Stack[-16]	disabled	needs_two_exact_output_calls
005FB640:Stack[-24]	disabled	needs_two_exact_output_calls
005FC3E0:Stack[-36]	disabled	needs_two_exact_output_calls
005FCEB0:Stack[-8]	disabled	needs_two_exact_output_calls
005FD3A0:Stack[-8]	disabled	needs_two_exact_output_calls
005FD6A0:Stack[-36]	disabled	needs_two_exact_output_calls
005FDB50:Stack[-40]	disabled	needs_two_exact_output_calls
005FDB50:Stack[-32]	disabled	needs_two_exact_output_calls
005FE5D0:Stack[-24]	disabled	needs_two_exact_output_calls
005FFF60:Stack[-24]	disabled	needs_two_exact_output_calls
005FFF60:Stack[-16]	disabled	needs_two_exact_output_calls
006001E0:Stack[-20]	disabled	needs_two_exact_output_calls
00600750:Stack[-44]	disabled	needs_two_exact_output_calls
00600750:Stack[-36]	disabled	needs_two_exact_output_calls
00601500:Stack[-28]	disabled	needs_two_exact_output_calls
00602440:Stack[-36]	disabled	needs_two_exact_output_calls
006028A0:Stack[-8]	disabled	needs_two_exact_output_calls
00602BE0:Stack[-12]	disabled	needs_two_exact_output_calls
00604160:Stack[-36]	disabled	needs_two_exact_output_calls
00604350:Stack[-28]	disabled	needs_two_exact_output_calls
00604350:Stack[-24]	disabled	needs_two_count_driven_consumers
00604A90:Stack[-44]	disabled	needs_two_exact_output_calls
006051B0:Stack[-32]	disabled	needs_two_exact_output_calls
006057C0:Stack[-16]	disabled	needs_two_exact_output_calls
00605B60:Stack[-20]	disabled	needs_two_exact_output_calls
00606050:Stack[-36]	disabled	needs_two_exact_output_calls
00607200:Stack[-124]	disabled	needs_two_exact_output_calls
00608E90:Stack[-8]	disabled	needs_two_exact_output_calls
006099A0:Stack[-36]	disabled	needs_two_exact_output_calls
0060A4B0:Stack[-32]	disabled	needs_two_exact_output_calls
0060AEF0:Stack[-216]	disabled	needs_two_exact_output_calls
0060C2D0:Stack[-8]	disabled	needs_two_exact_output_calls
0060D070:Stack[-36]	disabled	needs_two_exact_output_calls
0060DD70:Stack[-36]	disabled	needs_two_exact_output_calls
0060DD70:Stack[-32]	disabled	needs_two_count_driven_consumers
0060EC00:Stack[-36]	disabled	needs_two_exact_output_calls
0060EF40:Stack[-112]	disabled	needs_two_exact_output_calls
006101B0:Stack[-40]	disabled	needs_two_exact_output_calls
006101B0:Stack[-32]	disabled	needs_two_count_driven_consumers
006101B0:Stack[-24]	disabled	needs_two_exact_output_calls
006101B0:Stack[-24]	disabled	needs_two_exact_output_calls
006101B0:Stack[-24]	disabled	needs_two_exact_output_calls
006101B0:Stack[-24]	disabled	needs_two_count_driven_consumers
006101B0:Stack[-12]	disabled	needs_two_count_driven_consumers
006132F0:Stack[-24]	disabled	needs_two_exact_output_calls
006139A0:Stack[-28]	disabled	needs_two_exact_output_calls
006139A0:Stack[-16]	disabled	needs_two_exact_output_calls
00614400:Stack[-16]	disabled	needs_two_exact_output_calls
00614EE0:Stack[-28]	disabled	needs_two_exact_output_calls
00615AD0:Stack[-8]	disabled	needs_two_exact_output_calls
00616280:Stack[-20]	disabled	needs_two_exact_output_calls
006164E0:Stack[-24]	disabled	needs_two_exact_output_calls
00616F60:Stack[-20]	disabled	needs_two_exact_output_calls
00617880:Stack[-36]	disabled	needs_two_exact_output_calls
006178C0:Stack[-8]	disabled	needs_two_exact_output_calls
00617ED0:Stack[-16]	disabled	needs_two_exact_output_calls
00618240:Stack[-88]	disabled	needs_two_exact_output_calls
00618C00:Stack[-20]	disabled	needs_two_exact_output_calls
006191A0:Stack[-8]	disabled	needs_two_exact_output_calls
006192E0:Stack[-36]	disabled	needs_two_exact_output_calls
00619A20:Stack[-12]	disabled	needs_two_exact_output_calls
00619C70:Stack[-48]	disabled	needs_two_count_driven_consumers
00619C70:Stack[-36]	disabled	needs_two_exact_output_calls
00619C70:Stack[-12]	disabled	needs_two_count_driven_consumers
0061D6D0:Stack[-36]	disabled	needs_two_exact_output_calls
0061E110:Stack[-28]	disabled	needs_two_exact_output_calls
0061E110:Stack[-20]	disabled	needs_two_exact_output_calls
0061E7F0:Stack[-72]	disabled	needs_two_exact_output_calls
0061F290:Stack[-28]	disabled	needs_two_exact_output_calls
00621580:Stack[-8]	disabled	needs_two_exact_output_calls
00622670:Stack[-36]	disabled	needs_two_exact_output_calls
006226C0:Stack[-8]	disabled	needs_two_exact_output_calls
00623600:Stack[-12]	disabled	needs_two_exact_output_calls
006239A0:Stack[-20]	disabled	needs_two_exact_output_calls
00627790:Stack[-8]	disabled	needs_two_exact_output_calls
00627EB0:Stack[-56]	disabled	needs_two_exact_output_calls
00627EB0:Stack[-48]	disabled	needs_two_exact_output_calls
00627EB0:Stack[-40]	disabled	needs_two_exact_output_calls
00627EB0:Stack[-32]	disabled	needs_two_exact_output_calls
00627EB0:Stack[-24]	disabled	needs_two_exact_output_calls
00629070:Stack[-44]	disabled	needs_two_exact_output_calls
006298A0:Stack[-16]	disabled	needs_two_exact_output_calls
00629F20:Stack[-8]	disabled	needs_two_exact_output_calls
0062A860:Stack[-36]	disabled	needs_two_exact_output_calls
0062B4A0:Stack[-12]	disabled	needs_two_exact_output_calls
0062E240:Stack[-8]	disabled	needs_two_exact_output_calls
0062F150:Stack[-16]	disabled	needs_two_exact_output_calls
0062F900:Stack[-36]	disabled	needs_two_exact_output_calls
0062FEA0:Stack[-8]	disabled	needs_two_exact_output_calls
00630260:Stack[-36]	disabled	needs_two_exact_output_calls
00630260:Stack[-36]	disabled	needs_two_exact_output_calls
006308B0:Stack[-36]	disabled	needs_two_exact_output_calls
00636FC0:Stack[-20]	disabled	needs_two_exact_output_calls
00638CA0:Stack[-16]	disabled	needs_two_exact_output_calls
00638CA0:Stack[-12]	disabled	needs_two_exact_output_calls
00639630:Stack[-36]	disabled	needs_two_exact_output_calls
00639C90:Stack[-28]	disabled	needs_two_exact_output_calls
00639C90:Stack[-24]	disabled	needs_two_count_driven_consumers
0063C510:Stack[-16]	disabled	needs_two_exact_output_calls
0063CC10:Stack[-36]	disabled	needs_two_exact_output_calls
006406D0:Stack[-316]	disabled	needs_two_exact_output_calls
006406D0:Stack[-280]	disabled	needs_two_exact_output_calls
006406D0:Stack[-156]	disabled	needs_two_exact_output_calls
006406D0:Stack[-48]	disabled	needs_two_exact_output_calls
00643E20:Stack[-32]	disabled	needs_two_exact_output_calls
00643E20:Stack[-8]	disabled	needs_two_count_driven_consumers
006457E0:Stack[-36]	disabled	needs_two_exact_output_calls
00646D00:Stack[-36]	disabled	needs_two_exact_output_calls
00646E00:Stack[-16]	disabled	needs_two_count_driven_consumers
00646E00:Stack[-12]	disabled	needs_two_count_driven_consumers
0064D270:Stack[-164]	disabled	needs_two_exact_output_calls
00652810:Stack[-576]	disabled	needs_two_exact_output_calls
00652810:Stack[-388]	disabled	needs_two_exact_output_calls
00652810:Stack[-364]	disabled	needs_two_exact_output_calls
00652810:Stack[-364]	disabled	needs_two_exact_output_calls
00652810:Stack[-364]	disabled	needs_two_exact_output_calls
00652810:Stack[-364]	disabled	needs_two_exact_output_calls
00652810:Stack[-364]	disabled	needs_two_exact_output_calls
00652810:Stack[-364]	disabled	needs_two_exact_output_calls
00652810:Stack[-364]	disabled	needs_two_exact_output_calls
00652810:Stack[-364]	disabled	needs_two_exact_output_calls
00652810:Stack[-364]	disabled	needs_two_exact_output_calls
00652810:Stack[-364]	disabled	needs_two_exact_output_calls
00652810:Stack[-364]	disabled	needs_two_exact_output_calls
00652810:Stack[-364]	disabled	needs_two_exact_output_calls
00652810:Stack[-364]	disabled	needs_two_count_driven_consumers
00652810:Stack[-364]	disabled	needs_two_exact_output_calls
00652810:Stack[-364]	disabled	needs_two_exact_output_calls
00652810:Stack[-364]	disabled	needs_two_exact_output_calls
00652810:Stack[-364]	disabled	needs_two_exact_output_calls
00652810:Stack[-364]	disabled	needs_two_exact_output_calls
00652810:Stack[-364]	disabled	needs_two_exact_output_calls
00652810:Stack[-364]	disabled	needs_two_exact_output_calls
00652810:Stack[-364]	disabled	needs_two_exact_output_calls
00652810:Stack[-364]	disabled	needs_two_exact_output_calls
00652810:Stack[-364]	disabled	needs_two_exact_output_calls
00652810:Stack[-364]	disabled	needs_two_exact_output_calls
00652810:Stack[-364]	disabled	needs_two_exact_output_calls
00652810:Stack[-364]	disabled	needs_two_exact_output_calls
00652810:Stack[-364]	disabled	needs_two_exact_output_calls
00652810:Stack[-364]	disabled	needs_two_exact_output_calls
00652810:Stack[-364]	disabled	needs_two_exact_output_calls
00652810:Stack[-364]	disabled	needs_two_exact_output_calls
00652810:Stack[-364]	disabled	needs_two_exact_output_calls
00652810:Stack[-364]	disabled	needs_two_exact_output_calls
00652810:Stack[-364]	disabled	needs_two_exact_output_calls
00652810:Stack[-364]	disabled	needs_two_count_driven_consumers
00652810:Stack[-104]	disabled	needs_two_count_driven_consumers
00652810:Stack[-52]	unchanged	output_values_neg_34
0065BD70:Stack[-28]	disabled	needs_two_count_driven_consumers
0065D630:Stack[-36]	disabled	needs_two_exact_output_calls
0065F660:Stack[-32]	disabled	needs_two_exact_output_calls
00664760:Stack[-16]	disabled	needs_two_exact_output_calls
00664960:Stack[-104]	disabled	needs_two_count_driven_consumers
00664960:Stack[-60]	disabled	needs_two_count_driven_consumers
0066ACC0:Stack[-464]	disabled	needs_two_exact_output_calls
0066ACC0:Stack[-80]	disabled	needs_two_count_driven_consumers
00671F10:Stack[-44]	disabled	needs_two_exact_output_calls
0067BA50:Stack[-72]	disabled	needs_two_exact_output_calls
0067C7E0:Stack[-56]	disabled	needs_two_exact_output_calls
0067C7E0:Stack[-12]	disabled	needs_two_exact_output_calls
0067E7E0:Stack[-92]	disabled	needs_two_exact_output_calls
0067F030:Stack[-8]	disabled	needs_two_exact_output_calls
0067F180:Stack[-8]	disabled	needs_two_exact_output_calls
006809B0:Stack[-16]	disabled	needs_two_exact_output_calls
006809F0:Stack[-24]	disabled	needs_two_exact_output_calls
00682850:Stack[-12]	disabled	needs_two_exact_output_calls
00683780:Stack[-12]	disabled	needs_two_count_driven_consumers
006838B0:Stack[-12]	disabled	needs_two_count_driven_consumers
006839D0:Stack[-24]	disabled	needs_two_exact_output_calls
00683C70:Stack[-132]	disabled	needs_two_exact_output_calls
00683C70:Stack[-124]	disabled	needs_two_exact_output_calls
00683C70:Stack[-116]	disabled	needs_two_exact_output_calls
00683C70:Stack[-108]	disabled	needs_two_exact_output_calls
00683C70:Stack[-100]	disabled	needs_two_exact_output_calls
00683C70:Stack[-92]	disabled	needs_two_exact_output_calls
00683C70:Stack[-84]	disabled	needs_two_exact_output_calls
00683C70:Stack[-76]	disabled	needs_two_exact_output_calls
00683C70:Stack[-68]	disabled	needs_two_exact_output_calls
0068CEC0:Stack[-4284]	disabled	needs_two_count_driven_consumers
0068EC70:Stack[-68]	disabled	needs_two_count_driven_consumers
0068F8F0:Stack[-56]	disabled	needs_two_exact_output_calls
0068FA00:Stack[-56]	disabled	needs_two_exact_output_calls
0068FD00:Stack[-60]	disabled	needs_two_exact_output_calls
00690650:Stack[-84]	disabled	needs_two_exact_output_calls
00690B90:Stack[-8]	disabled	needs_two_exact_output_calls
00691690:Stack[-400]	disabled	needs_two_exact_output_calls
006952B0:Stack[-24]	disabled	needs_two_exact_output_calls
00697390:Stack[-44]	disabled	needs_two_exact_output_calls
006988C0:Stack[-16]	disabled	needs_two_exact_output_calls
0069BDC0:Stack[-32]	disabled	needs_two_exact_output_calls
0069CB50:Stack[-372]	disabled	needs_two_exact_output_calls
006A7D50:Stack[-76]	disabled	needs_two_exact_output_calls
006B3930:Stack[-36]	disabled	needs_two_exact_output_calls
006B84D0:Stack[-36]	disabled	needs_two_exact_output_calls
006B8F10:Stack[-20]	disabled	needs_two_exact_output_calls
006CEEE0:Stack[-20]	disabled	needs_two_exact_output_calls
006CEF60:Stack[-72]	disabled	needs_two_exact_output_calls
006CEF60:Stack[-56]	disabled	needs_two_exact_output_calls
006D0CF0:Stack[-60]	disabled	needs_two_exact_output_calls
006DC320:Stack[-24]	disabled	needs_two_count_driven_consumers
006E4290:Stack[-20]	disabled	needs_two_exact_output_calls
006E4340:Stack[-20]	disabled	needs_two_exact_output_calls
006E56B0:Stack[-8]	disabled	needs_two_count_driven_consumers
006EB350:Stack[-20]	disabled	needs_two_exact_output_calls
00717970:Stack[-12]	disabled	needs_two_exact_output_calls
00727DA0:Stack[-96]	disabled	needs_two_exact_output_calls
00727DA0:Stack[-52]	disabled	needs_two_exact_output_calls
0074C115:Stack[-8]	disabled	needs_two_exact_output_calls
0074D423:Stack[-8]	disabled	needs_two_exact_output_calls
0074DFF5:Stack[-8]	disabled	needs_two_exact_output_calls
0074EB3C:Stack[-8]	disabled	needs_two_exact_output_calls
0074FC49:Stack[-8]	disabled	needs_two_exact_output_calls
0074FEF7:Stack[-8]	disabled	needs_two_exact_output_calls
0074FFD2:Stack[-8]	disabled	needs_two_count_driven_consumers
00750104:Stack[-8]	disabled	needs_two_exact_output_calls
0075019F:Stack[-8]	disabled	needs_two_exact_output_calls
007535F0:Stack[-264]	disabled	needs_two_exact_output_calls
