function_address	function	initial_reason	status
004314E0	STAllPlayersC::FramePick	Exception while decompiling 004314e0: process: timeout\n	recovered
00436F20	STAllPlayersC::CmdToPlsObj	Exception while decompiling 00436f20: process: timeout\n	recovered
0043BEB0	STAllPlayersC::GetPanelInfo	Exception while decompiling 0043beb0: process: timeout\n	recovered
00440AA0	STAllPlayersC::_AssignDocks	Exception while decompiling 00440aa0: process: timeout\n	recovered
0044EE30	STBoatC::GetMessage	Exception while decompiling 0044ee30: process: timeout\n	failed
00462180	FUN_00462180	Exception while decompiling 00462180: process: timeout\n	recovered
00465C60	STBoatC::LoadRC	Exception while decompiling 00465c60: process: timeout\n	recovered
00479600	STBoatC::Teleport	Exception while decompiling 00479600: process: timeout\n	recovered
004A0FA0	STGroupBoatC::RechargeNewCmd	Exception while decompiling 004a0fa0: process: timeout\n	recovered
004B33D0	FUN_004b33d0	Exception while decompiling 004b33d0: process: timeout\n	recovered
004B9FA0	TLOBaseTy::GetMessage	Exception while decompiling 004b9fa0: process: timeout\n	recovered
004BEA70	TLOBaseTy::FUN_004bea70	Exception while decompiling 004bea70: process: timeout\n	recovered
004FB060	CPanelTy::GetMessage	Exception while decompiling 004fb060: process: timeout\n	recovered
0052FB00	OptPanelTy::SetOptControls	Exception while decompiling 0052fb00: process: timeout\n	recovered
00533D10	OptPanelTy::GetMessage	Exception while decompiling 00533d10: process: timeout\n	recovered
005449B0	CursorClassTy::GetMessage	Exception while decompiling 005449b0: process: timeout\n	recovered
00548C40	CursorClassTy::TakeCmdToRun	Exception while decompiling 00548c40: process: timeout\n	recovered
0056ADC0	STAppC::InitApp	Exception while decompiling 0056adc0: process: timeout\n	recovered
005A4350	FSGSTy::GetMessage	Exception while decompiling 005a4350: process: timeout\n	recovered
005C29B0	SettMapMTy::sub_005C29B0	Exception while decompiling 005c29b0: process: timeout\n	recovered
005C8A40	SettMapTy::GetMessage	Exception while decompiling 005c8a40: process: timeout\n	recovered
005CE0E0	SettMapMTy::NoneSettMap	Exception while decompiling 005ce0e0: process: timeout\n	recovered
005D1400	SettMapMTy::GetMessage	Exception while decompiling 005d1400: process: timeout\n	recovered
005D5560	SettMapSTy::GetMessage	Exception while decompiling 005d5560: process: timeout\n	recovered
005E1330	MTaskTy::PlayScript	Exception while decompiling 005e1330: process: timeout\n	recovered
006406D0	STTorpC::GetMessage	Exception while decompiling 006406d0: process: timeout\n	recovered
00652810	AiEventClassTy::GetMessage	Exception while decompiling 00652810: process: timeout\n	failed
0066ACC0	SubmarineTitans::Recovered::HiddenThis::AnonReceiver_0064A970::FUN_0066acc0	Exception while decompiling 0066acc0: process: timeout\n	recovered
00683C70	FUN_00683c70	Exception while decompiling 00683c70: process: timeout\n	recovered
