function_address	enum_name	status	detail
0040E0F0	Global_sub_0040E0F0_local_70Enum	disabled	apply=0
00411260	Global_sub_00411260_local_20Enum	disabled	apply=0
00411E50	Global_sub_00411E50_local_20Enum	disabled	apply=0
00413170	Global_sub_00413170_DAT_007f4d08Enum	disabled	apply=0
00413AF0	Global_sub_00413AF0_iVar10Enum	disabled	apply=0
0041C3F0	TLOEmbryoTy_sub_0041C3F0_uVar2Enum	disabled	apply=0
0041C5A0	Global_sub_0041C5A0_uVar1Enum	disabled	apply=0
0041DD00	Global_sub_0041DD00_uVar2Enum	disabled	apply=0
0041F630	Global_sub_0041F630_uVar4Enum	disabled	apply=0
0041F9B0	STSprGameObjC_CheckRay_param_7Enum	unchanged	used equivalent /SubmarineTitans/Recovered/Enums/STSprGameObjC_CheckRay_param_7Enum; parameter already uses enum
00420340	STSprGameObjC_LoadActFrame_SVar4Enum	disabled	apply=0
00420340	STSprGameObjC_LoadActFrame_dVar5Enum	disabled	apply=0
00420AE0	STSprGameObjC_LoadLifeFrame_SVar4Enum	disabled	apply=0
004232A0	STGroupBoatC_field_0020State	unchanged	used equivalent /SubmarineTitans/Recovered/Enums/STGroupBoatC_field_0020State; field already uses enum
004248D0	Global_sub_004248D0_param_5Enum	unchanged	used equivalent /SubmarineTitans/Recovered/Enums/Global_sub_004248D0_param_5Enum; parameter already uses enum
004248D0	Global_sub_004248D0_param_6Enum	unchanged	used equivalent /SubmarineTitans/Recovered/Enums/Global_sub_004248D0_param_6Enum; parameter already uses enum
00424E10	SubmarineTitans_Recovered_HiddenThis_RecoveredReceiver_004248D0_sub_00424E10_local_8cEnum	disabled	apply=0
0042B620	STAllPlayersC_GetObjPtr_param_3Enum	unchanged	used equivalent /SubmarineTitans/Recovered/Enums/STAllPlayersC_GetObjPtr_param_3Enum; parameter already uses enum
00430750	Global_sub_00430750_param_1Enum	unchanged	used equivalent /SubmarineTitans/Recovered/Enums/Global_sub_00430750_param_1Enum; parameter already uses enum
00435B90	Global_sub_00435B90_param_3Enum	unchanged	used equivalent /SubmarineTitans/Recovered/Enums/Global_sub_00435B90_param_3Enum; parameter already uses enum
00436F20	STAllPlayersC_CmdToPlsObj_switch_0Enum	disabled	apply=0
00436F20	STAllPlayersC_CmdToPlsObj_switch_1Enum	disabled	apply=0
00436F20	STAllPlayersC_CmdToPlsObj_switch_2Enum	disabled	apply=0
00436F20	STAllPlayersC_CmdToPlsObj_switch_3Enum	disabled	apply=0
00436F20	STAllPlayersC_CmdToPlsObj_switch_4Enum	disabled	apply=0
00436F20	STAllPlayersC_CmdToPlsObj_switch_5Enum	disabled	apply=0
00436F20	STAllPlayersC_CmdToPlsObj_switch_6Enum	disabled	apply=0
00436F20	STAllPlayersC_CmdToPlsObj_switch_7Enum	disabled	apply=0
0043BEB0	STAllPlayersC_GetPanelInfo_GVar8Enum	disabled	apply=0
0043BEB0	STAllPlayersC_GetPanelInfo_dVar10Enum	disabled	apply=0
0043BEB0	STAllPlayersC_GetPanelInfo_uVar12Enum	disabled	apply=0
0043E640	Global_sub_0043E640_param_2Enum	unchanged	used equivalent /SubmarineTitans/Recovered/Enums/Global_sub_0043E640_param_2Enum; parameter already uses enum
0043E780	STAllPlayersC_GetTOBJList_param_2Enum	unchanged	used equivalent /SubmarineTitans/Recovered/Enums/STAllPlayersC_GetTOBJList_param_2Enum; parameter already uses enum
0043E9A0	Global_sub_0043E9A0_param_2Enum	unchanged	used equivalent /SubmarineTitans/Recovered/Enums/Global_sub_0043E9A0_param_2Enum; parameter already uses enum
0043EC20	Global_sub_0043EC20_param_2Enum	unchanged	used equivalent /SubmarineTitans/Recovered/Enums/Global_sub_0043EC20_param_2Enum; parameter already uses enum
0043EED0	STAllPlayersC_GetTOBJListFromDArr_param_3Enum	unchanged	used equivalent /SubmarineTitans/Recovered/Enums/STAllPlayersC_GetTOBJListFromDArr_param_3Enum; parameter already uses enum
0043FC50	Global_sub_0043FC50_param_1Enum	unchanged	used equivalent /SubmarineTitans/Recovered/Enums/Global_sub_0043FC50_param_1Enum; parameter already uses enum
004458D0	STAllPlayersC_GetBoatWeaponInfo_param_1Enum	unchanged	used equivalent /SubmarineTitans/Recovered/Enums/STAllPlayersC_GetBoatWeaponInfo_param_1Enum; parameter already uses enum
00448120	STAllPlayersC_PutOnPlaceGuardBoats_iVar6Enum	disabled	apply=0
00448120	STAllPlayersC_PutOnPlaceGuardBoats_iVar9Enum	disabled	apply=0
00449B60	STAllPlayersC_DestroyObjectMsg_param_3Enum	unchanged	used equivalent /SubmarineTitans/Recovered/Enums/STAllPlayersC_DestroyObjectMsg_param_3Enum; parameter already uses enum
0044B5F0	STAllPlayersC_SelectObjects_param_1Enum	unchanged	used equivalent /SubmarineTitans/Recovered/Enums/STAllPlayersC_SelectObjects_param_1Enum; parameter already uses enum
0044C130	STAllPlayersC_GetTOBJImage_param_2Enum	unchanged	used equivalent /SubmarineTitans/Recovered/Enums/STAllPlayersC_GetTOBJImage_param_2Enum; parameter already uses enum
0044CE40	Global_sub_0044CE40_uVar3Enum	disabled	apply=0
0044D320	Global_sub_0044D320_GVar2Enum	disabled	apply=0
0044D320	Global_sub_0044D320_uVar6Enum	disabled	apply=0
0044D320	Global_sub_0044D320_param_2Enum	unchanged	used equivalent /SubmarineTitans/Recovered/Enums/Global_sub_0044D320_param_2Enum; parameter already uses enum
0044E980	STBoatC_GetVisualInfo_param_2Enum	unchanged	used equivalent /SubmarineTitans/Recovered/Enums/STBoatC_GetVisualInfo_param_2Enum; parameter already uses enum
0044EE30	STBoatC_field_0459State	unchanged	used equivalent /SubmarineTitans/Recovered/Enums/STBoatC_field_0459State; field already uses enum
0044EE30	STBoatC_field_045DState	unchanged	used equivalent /SubmarineTitans/Recovered/Enums/STBoatC_field_045DState; field already uses enum
0044EE30	STBoatC_field_06F3State	unchanged	used equivalent /SubmarineTitans/Recovered/Enums/STBoatC_field_06F3State; field already uses enum
0044EE30	STBoatC_field_06F7State	unchanged	used equivalent /SubmarineTitans/Recovered/Enums/STBoatC_field_06F7State; field already uses enum
0044EE30	STBoatC_GetMessage_iVar30Enum	disabled	apply=0
0045EF00	STBoatC_CmdToObj_param_1Enum	unchanged	used equivalent /SubmarineTitans/Recovered/Enums/STBoatC_CmdToObj_param_1Enum; parameter already uses enum
0045F400	STBoatC_CheckPBoxCmd_param_1Enum	unchanged	used equivalent /SubmarineTitans/Recovered/Enums/STBoatC_CheckPBoxCmd_param_1Enum; parameter already uses enum
0045F980	Global_sub_0045F980_iVar2Enum	disabled	apply=0
0045FF50	STBoatC_sub_0045FF50_iVar1Enum	disabled	apply=0
0045FF50	STBoatC_sub_0045FF50_uVar1Enum	disabled	apply=0
004608B0	STBoatC_field_082EState	unchanged	used equivalent /SubmarineTitans/Recovered/Enums/STBoatC_field_082EState; field already uses enum
004608B0	STBoatC_Defence_iVar9Enum	disabled	apply=0
004608B0	STBoatC_Defence_local_EAX_1396Enum	disabled	apply=0
004608B0	STBoatC_Defence_local_EAX_3491Enum	disabled	apply=0
004608B0	STBoatC_Defence_local_EAX_4152Enum	disabled	apply=0
00462180	Global_sub_00462180_iVar15Enum	disabled	apply=0
00462180	Global_sub_00462180_local_EAX_1646Enum	disabled	apply=0
00462180	Global_sub_00462180_local_EAX_1824Enum	disabled	apply=0
00462180	Global_sub_00462180_local_EAX_486Enum	disabled	apply=0
00462180	Global_sub_00462180_local_EAX_5975Enum	disabled	apply=0
00462180	Global_sub_00462180_local_EAX_7817Enum	disabled	apply=0
004658D0	Global_sub_004658D0_local_EAX_48Enum	disabled	apply=0
00465C60	STBoatC_field_04D9State	unchanged	used equivalent /SubmarineTitans/Recovered/Enums/STBoatC_field_04D9State; field already uses enum
00465C60	STBoatC_LoadRC_local_EAX_1088Enum	disabled	apply=0
00465C60	STBoatC_LoadRC_local_EAX_11037Enum	disabled	apply=0
00465C60	STBoatC_LoadRC_local_EAX_15261Enum	disabled	apply=0
00465C60	STBoatC_LoadRC_local_EAX_2009Enum	disabled	apply=0
00465C60	STBoatC_LoadRC_local_EAX_4384Enum	disabled	apply=0
00465C60	STBoatC_LoadRC_local_EAX_6675Enum	disabled	apply=0
00465C60	STBoatC_LoadRC_local_EAX_7374Enum	disabled	apply=0
00465C60	STBoatC_LoadRC_local_EAX_8376Enum	disabled	apply=0
0046AA50	STBoatC_BackLoadRC_switch_0Enum	disabled	apply=0
0046B100	STBoatC_field_050CState	unchanged	used equivalent /SubmarineTitans/Recovered/Enums/STBoatC_field_050CState; field already uses enum
0046B100	STBoatC_Build_iVar12Enum	disabled	apply=0
0046C980	STBoatC_field_0508State	unchanged	used equivalent /SubmarineTitans/Recovered/Enums/STBoatC_field_0508State; field already uses enum
0046CF20	STBoatC_field_0528State	unchanged	used equivalent /SubmarineTitans/Recovered/Enums/STBoatC_field_0528State; field already uses enum
0046D450	STBoatC_field_0550State	unchanged	used equivalent /SubmarineTitans/Recovered/Enums/STBoatC_field_0550State; field already uses enum
0046D450	STBoatC_UnLoadRC_local_EAX_1808Enum	disabled	apply=0
0046D450	STBoatC_UnLoadRC_local_EAX_51Enum	disabled	apply=0
0046D450	STBoatC_UnLoadRC_local_EAX_769Enum	disabled	apply=0
0046EFD0	STBoatC_field_054CState	unchanged	used equivalent /SubmarineTitans/Recovered/Enums/STBoatC_field_054CState; field already uses enum
0046F5C0	STBoatC_ToDok_local_EAX_1958Enum	disabled	apply=0
0046F5C0	STBoatC_ToDok_local_EAX_53Enum	disabled	apply=0
0046F5C0	STBoatC_ToDok_local_EAX_764Enum	disabled	apply=0
004714D0	STBoatC_field_0580State	unchanged	used equivalent /SubmarineTitans/Recovered/Enums/STBoatC_field_0580State; field already uses enum
00471AC0	STBoatC_Guard_local_EAX_1296Enum	disabled	apply=0
00471AC0	STBoatC_Guard_local_EAX_2627Enum	disabled	apply=0
00471AC0	STBoatC_Guard_local_EAX_3345Enum	disabled	apply=0
00471AC0	STBoatC_Guard_local_EAX_3904Enum	disabled	apply=0
004732F0	STBoatC_field_0596State	unchanged	used equivalent /SubmarineTitans/Recovered/Enums/STBoatC_field_0596State; field already uses enum
004732F0	STBoatC_field_059AState	unchanged	used equivalent /SubmarineTitans/Recovered/Enums/STBoatC_field_059AState; field already uses enum
004732F0	STBoatC_LoadObj_iVar10Enum	disabled	apply=0
004749C0	STBoatC_field_05C0State	unchanged	used equivalent /SubmarineTitans/Recovered/Enums/STBoatC_field_05C0State; field already uses enum
004749C0	STBoatC_field_05C4State	unchanged	used equivalent /SubmarineTitans/Recovered/Enums/STBoatC_field_05C4State; field already uses enum
004749C0	STBoatC_WaitLoad_iVar10Enum	disabled	apply=0
004758E0	STBoatC_field_05D6State	unchanged	used equivalent /SubmarineTitans/Recovered/Enums/STBoatC_field_05D6State; field already uses enum
004761B0	STBoatC_SetMine_local_EAX_44Enum	disabled	apply=0
00476CE0	STBoatC_field_0615State	unchanged	used equivalent /SubmarineTitans/Recovered/Enums/STBoatC_field_0615State; field already uses enum
00476CE0	STBoatC_Capture_local_EAX_51Enum	disabled	apply=0
00478030	STBoatC_field_0611State	unchanged	used equivalent /SubmarineTitans/Recovered/Enums/STBoatC_field_0611State; field already uses enum
00478640	STBoatC_Recharge_local_EAX_103Enum	disabled	apply=0
00478640	STBoatC_Recharge_local_EAX_1388Enum	disabled	apply=0
00479600	STBoatC_Teleport_local_EAX_1382Enum	disabled	apply=0
00479600	STBoatC_Teleport_local_EAX_56Enum	disabled	apply=0
0047BF70	STBoatC_BackTeleport_switch_0Enum	disabled	apply=0
0047C050	STBoatC_Bring_local_EAX_1049Enum	disabled	apply=0
0047C050	STBoatC_Bring_local_EAX_49Enum	disabled	apply=0
0047CF20	STBoatC_field_0687State	unchanged	used equivalent /SubmarineTitans/Recovered/Enums/STBoatC_field_0687State; field already uses enum
0047D080	STBoatC_field_06A5State	unchanged	used equivalent /SubmarineTitans/Recovered/Enums/STBoatC_field_06A5State; field already uses enum
0047DF00	STBoatC_Dismant_local_EAX_1031Enum	disabled	apply=0
0047DF00	STBoatC_Dismant_local_EAX_51Enum	disabled	apply=0
0047FAD0	STBoatC_field_06C3State	unchanged	used equivalent /SubmarineTitans/Recovered/Enums/STBoatC_field_06C3State; field already uses enum
0047FE10	STBoatC_field_06E3State	unchanged	used equivalent /SubmarineTitans/Recovered/Enums/STBoatC_field_06E3State; field already uses enum
00480600	Global_sub_00480600_switch_0Enum	disabled	apply=0
004845E0	STBoatC_vfunc_28_param_1Enum	unchanged	used equivalent /SubmarineTitans/Recovered/Enums/STBoatC_vfunc_28_param_1Enum; parameter already uses enum
00486B60	Global_sub_00486B60_switch_0Enum	disabled	apply=0
00486E20	Global_sub_00486E20_switch_0Enum	disabled	apply=0
00486E20	Global_sub_00486E20_switch_1Enum	disabled	apply=0
00488890	STBoatC_vfunc_40_iVar8Enum	disabled	apply=0
004899A0	STBoatC_GetDefenceTarget_param_1Enum	unchanged	used equivalent /SubmarineTitans/Recovered/Enums/STBoatC_GetDefenceTarget_param_1Enum; parameter already uses enum
0048A910	RecoveredRecordView_0048A910_94DEC4B1_field_06F7State	disabled	apply=0
00491240	STBoatC_PrepareForLoading_switch_0Enum	disabled	apply=0
004919C0	STBoatC_GetCellForLoading_param_6Enum	unchanged	used equivalent /SubmarineTitans/Recovered/Enums/STBoatC_GetCellForLoading_param_6Enum; parameter already uses enum
00493D10	Global_sub_00493D10_switch_0Enum	disabled	apply=0
00496250	Global_sub_00496250_iVar6Enum	disabled	apply=0
00496250	Global_sub_00496250_iVar7Enum	disabled	apply=0
00496250	Global_sub_00496250_switch_0Enum	disabled	apply=0
00497E00	STGroupBoatC_field_01E6State	unchanged	used equivalent /SubmarineTitans/Recovered/Enums/STGroupBoatC_field_01E6State; field already uses enum
00498D20	STGroupBoatC_sub_00498D20_orderTypeEnum	unchanged	used equivalent /SubmarineTitans/Recovered/Enums/STGroupBoatC_sub_00498D20_orderTypeEnum; parameter already uses enum
00499DE0	STGroupBoatC_DistributeTargets_dVar4Enum	disabled	apply=0
00499DE0	STGroupBoatC_DistributeTargets_uVar7Enum	disabled	apply=0
004A8E00	Global_sub_004A8E00_DAT_008073fcEnum	disabled	apply=0
004AB070	OpticClassC_sub_004AB070_param_1Enum	unchanged	used equivalent /SubmarineTitans/Recovered/Enums/OpticClassC_sub_004AB070_param_1Enum; parameter already uses enum
004AB300	Global_sub_004AB300_switch_0Enum	disabled	apply=0
004AE0B0	Global_sub_004AE0B0_switch_1Enum	disabled	apply=0
004AFFA0	Global_sub_004AFFA0_param_2Enum	unchanged	used equivalent /SubmarineTitans/Recovered/Enums/Global_sub_004AFFA0_param_2Enum; parameter already uses enum
004B1120	Global_sub_004B1120_param_2Enum	unchanged	used equivalent /SubmarineTitans/Recovered/Enums/Global_sub_004B1120_param_2Enum; parameter already uses enum
004B1FB0	Global_sub_004B1FB0_param_1Enum	unchanged	used equivalent /SubmarineTitans/Recovered/Enums/Global_sub_004B1FB0_param_1Enum; parameter already uses enum
004B33D0	Global_sub_004B33D0_switch_0Enum	disabled	apply=0
004B6E30	Global_sub_004B6E30_param_2Enum	unchanged	used equivalent /SubmarineTitans/Recovered/Enums/Global_sub_004B6E30_param_2Enum; parameter already uses enum
004B7350	Global_sub_004B7350_param_2Enum	unchanged	used equivalent /SubmarineTitans/Recovered/Enums/Global_sub_004B7350_param_2Enum; parameter already uses enum
004B7520	Global_sub_004B7520_param_2Enum	unchanged	used equivalent /SubmarineTitans/Recovered/Enums/Global_sub_004B7520_param_2Enum; parameter already uses enum
004B7F90	TLOBaseTy_field_0245State	unchanged	used equivalent /SubmarineTitans/Recovered/Enums/TLOBaseTy_field_0245State; field already uses enum
004B80D0	TLOBaseTy_field_05ACState	unchanged	used equivalent /SubmarineTitans/Recovered/Enums/TLOBaseTy_field_05ACState; field already uses enum
004B80D0	TLOBaseTy_SetState_TVar5Enum	disabled	apply=0
004B8C00	RecoveredRecordView_004B8C00_A7F5FC12_field_0245State	disabled	apply=0
004B9D90	Global_sub_004B9D90_iVar1Enum	disabled	apply=0
004B9FA0	TLOBaseTy_field_0231State	unchanged	used equivalent /SubmarineTitans/Recovered/Enums/TLOBaseTy_field_0231State; field already uses enum
004B9FA0	TLOBaseTy_GetMessage_TVar6Enum	disabled	apply=0
004B9FA0	TLOBaseTy_GetMessage_bVar1Enum	disabled	apply=0
004B9FA0	TLOBaseTy_GetMessage_switch_5Enum	disabled	apply=0
004B9FA0	TLOBaseTy_GetMessage_switch_8Enum	disabled	apply=0
004BEA70	TLOBaseTy_sub_004BEA70_switch_3Enum	disabled	apply=0
004BEA70	TLOBaseTy_sub_004BEA70_switch_4Enum	disabled	apply=0
004BEA70	TLOBaseTy_sub_004BEA70_switch_5Enum	disabled	apply=0
004C21A0	Global_sub_004C21A0_param_1Enum	unchanged	used equivalent /SubmarineTitans/Recovered/Enums/Global_sub_004C21A0_param_1Enum; parameter already uses enum
004C2950	Global_sub_004C2950_param_3Enum	unchanged	used equivalent /SubmarineTitans/Recovered/Enums/Global_sub_004C2950_param_3Enum; parameter already uses enum
004C2E60	Global_sub_004C2E60_switch_0Enum	disabled	apply=0
004C4550	TLOBaseTy_sub_004C4550_switch_0Enum	disabled	apply=0
004C7260	TLOBaseTy_sub_004C7260_param_1Enum	unchanged	used equivalent /SubmarineTitans/Recovered/Enums/TLOBaseTy_sub_004C7260_param_1Enum; parameter already uses enum
004C7730	Global_sub_004C7730_param_1Enum	unchanged	used equivalent /SubmarineTitans/Recovered/Enums/Global_sub_004C7730_param_1Enum; parameter already uses enum
004C7860	TLOBaseTy_sub_004C7860_switch_0Enum	disabled	apply=0
004C7860	TLOBaseTy_sub_004C7860_switch_1Enum	disabled	apply=0
004C94B0	TLOBaseTy_procResult_switch_0Enum	disabled	apply=0
004CAFC0	TLOBaseTy_field_04D0State	unchanged	used equivalent /SubmarineTitans/Recovered/Enums/TLOBaseTy_field_04D0State; field already uses enum
004CAFC0	TLOBaseTy_sub_004CAFC0_TVar5Enum	disabled	apply=0
004CAFC0	TLOBaseTy_sub_004CAFC0_param_1Enum	unchanged	used equivalent /SubmarineTitans/Recovered/Enums/TLOBaseTy_sub_004CAFC0_param_1Enum; parameter already uses enum
004CBFB0	Global_sub_004CBFB0_switch_0Enum	disabled	apply=0
004CC130	RecoveredRecordView_004CC130_E53952B7_field_05ACState	disabled	apply=0
004CE9E0	Global_sub_004CE9E0_switch_0Enum	disabled	apply=0
004CEB00	TLOBaseTy_sub_004CEB00_TVar2Enum	disabled	apply=0
004CF640	TLOBaseTy_sub_004CF640_local_8Enum	disabled	apply=0
004CFA00	TLOBaseTy_sub_004CFA00_param_1Enum	unchanged	used equivalent /SubmarineTitans/Recovered/Enums/TLOBaseTy_sub_004CFA00_param_1Enum; parameter already uses enum
004CFBE0	Global_sub_004CFBE0_param_1Enum	unchanged	used equivalent /SubmarineTitans/Recovered/Enums/Global_sub_004CFBE0_param_1Enum; parameter already uses enum
004D0310	Global_sub_004D0310_local_EAX_323Enum	disabled	apply=0
004D0670	Global_sub_004D0670_iVar2Enum	disabled	apply=0
004D32C0	TLOBaseTy_field_02ECState	unchanged	used equivalent /SubmarineTitans/Recovered/Enums/TLOBaseTy_field_02ECState; field already uses enum
004D8DB0	RecoveredRecordView_004D8DB0_DB767380_field_0245State	disabled	apply=0
004D9000	RecoveredRecordView_004D9000_7F89BF8E_field_0245State	disabled	apply=0
004D95A0	RecoveredRecord_004D95A0_E0EC0EDA_field_04D0State	disabled	apply=0
004D9620	RecoveredRecord_004D9620_0A743BB7_field_04D0State	disabled	apply=0
004D9C80	RecoveredRecordView_004D9C80_63C53606_field_0245State	disabled	apply=0
004DA230	RecoveredRecord_004DA230_146070EB_field_04D0State	disabled	apply=0
004DA2B0	RecoveredRecord_004DA2B0_CDACE95B_field_04D0State	disabled	apply=0
004DC4B0	Global_sub_004DC4B0_switch_0Enum	disabled	apply=0
004DE1E0	Global_sub_004DE1E0_param_1Enum	unchanged	used equivalent /SubmarineTitans/Recovered/Enums/Global_sub_004DE1E0_param_1Enum; parameter already uses enum
004DE300	Global_sub_004DE300_param_1Enum	unchanged	used equivalent /SubmarineTitans/Recovered/Enums/Global_sub_004DE300_param_1Enum; parameter already uses enum
004DEEB0	Global_sub_004DEEB0_switch_0Enum	disabled	apply=0
004E0040	RecoveredRecordView_004E0040_BB411413_field_05ACState	disabled	apply=0
004E0250	RecoveredRecordView_004E0250_21BF6808_field_05ACState	disabled	apply=0
004E04A0	RecoveredRecordView_004E04A0_E5D04031_field_04E8State	disabled	apply=0
004E04A0	Global_sub_004E04A0_iVar1Enum	disabled	apply=0
004E13A0	Global_sub_004E13A0_switch_0Enum	disabled	apply=0
004E1490	Global_sub_004E1490_switch_0Enum	disabled	apply=0
004E16D0	Global_sub_004E16D0_switch_0Enum	disabled	apply=0
004E1930	Global_sub_004E1930_switch_0Enum	disabled	apply=0
004E4B60	STMineSetC_field_0245State	unchanged	used equivalent /SubmarineTitans/Recovered/Enums/STMineSetC_field_0245State; field already uses enum
004E80F0	STAllPlayersC_sub_004E80F0_param_2Enum	unchanged	used equivalent /SubmarineTitans/Recovered/Enums/STAllPlayersC_sub_004E80F0_param_2Enum; parameter already uses enum
004E9CE0	TLOBaseTy_field_046CState	unchanged	used equivalent /SubmarineTitans/Recovered/Enums/TLOBaseTy_field_046CState; field already uses enum
004EAF90	RecoveredRecordView_004EAF90_6FAC7F27_field_04D0State	disabled	apply=0
004EC0F0	Global_sub_004EC0F0_iVar1Enum	disabled	apply=0
004EC2A0	Global_sub_004EC2A0_iVar1Enum	disabled	apply=0
004EC700	Global_sub_004EC700_param_1Enum	unchanged	used equivalent /SubmarineTitans/Recovered/Enums/Global_sub_004EC700_param_1Enum; parameter already uses enum
004EC900	Global_sub_004EC900_param_1Enum	unchanged	used equivalent /SubmarineTitans/Recovered/Enums/Global_sub_004EC900_param_1Enum; parameter already uses enum
004ECEA0	Global_sub_004ECEA0_switch_1Enum	disabled	apply=0
004ED430	RecoveredRecord_004ED430_B731E46F_field_04D0State	disabled	apply=0
004ED4B0	RecoveredRecord_004ED4B0_7C418538_field_04D0State	disabled	apply=0
004ED630	BehPanelTy_InitBehPanel_switch_0Enum	disabled	apply=0
004ED630	BehPanelTy_InitBehPanel_switch_1Enum	disabled	apply=0
004EE4D0	BehPanelTy_GetMessage_SVar1Enum	disabled	apply=0
004EEA40	BldBoatPanelTy_InitBldBoatPanel_uVar10Enum	disabled	apply=0
004EF5F0	AnonNested_004EF5F0_0014_2E827CED_field_0000State	disabled	apply=0
004EF5F0	AnonNested_004EF5F0_0014_2E827CED_field_0004State	disabled	apply=0
004F05C0	BldObjPanelTy_InitBldObjPanel_uVar9Enum	disabled	apply=0
004F19D0	Global_sub_004F19D0_param_2Enum	unchanged	used equivalent /SubmarineTitans/Recovered/Enums/Global_sub_004F19D0_param_2Enum; parameter already uses enum
004F2560	AnonShape_004F2560_DB98CB49_field_001EState	disabled	apply=0
004F2E40	CPanelTy_SetButStruct_uVar2Enum	disabled	apply=0
004F3130	CPanelTy_CreateBut_uVar2Enum	disabled	apply=0
004F3540	CPanelTy_PaintBut_uVar2Enum	disabled	apply=0
004F37C0	CPanelTy_PaintBBut_uVar2Enum	disabled	apply=0
004F3A30	CPanelTy_PaintTxtBut_uVar2Enum_004F3A30	disabled	apply=0
004F3CF0	CPanelTy_PaintTxtBut_uVar2Enum_004F3CF0	disabled	apply=0
004F3FE0	CPanelTy_PaintLBut_uVar2Enum	disabled	apply=0
004F42A0	CPanelTy_PaintTab_uVar2Enum	disabled	apply=0
004F80A0	CPanelTy_field_0260State	unchanged	used equivalent /SubmarineTitans/Recovered/Enums/CPanelTy_field_0260State; field already uses enum
004F80A0	CPanelTy_PaintTV_switch_0Enum	disabled	apply=0
004F96A0	CPanelTy_PlayBrief_switch_0Enum	disabled	apply=0
004F9ED0	CPanelTy_field_023FState	unchanged	used equivalent /SubmarineTitans/Recovered/Enums/CPanelTy_field_023FState; field already uses enum
004FA870	CPanelTy_sub_004FA870_param_1Enum	unchanged	used equivalent /SubmarineTitans/Recovered/Enums/CPanelTy_sub_004FA870_param_1Enum; parameter already uses enum
004FAB10	CPanelTy_sub_004FAB10_param_1Enum	unchanged	used equivalent /SubmarineTitans/Recovered/Enums/CPanelTy_sub_004FAB10_param_1Enum; parameter already uses enum
004FB060	CPanelTy_field_0BF5State	unchanged	used equivalent /SubmarineTitans/Recovered/Enums/CPanelTy_field_0BF5State; field already uses enum
004FB060	CPanelTy_GetMessage_DAT_0080c4f7Enum	disabled	apply=0
004FB060	CPanelTy_GetMessage_SVar1Enum	disabled	apply=0
004FB060	CPanelTy_GetMessage_iVar4Enum	disabled	apply=0
004FB060	CPanelTy_GetMessage_local_18Enum	disabled	apply=0
004FB060	CPanelTy_GetMessage_switch_3Enum	disabled	apply=0
004FB060	CPanelTy_GetMessage_uVar5Enum	disabled	apply=0
00500BD0	CPanelTy_PaintNewDeep_bVar8Enum	disabled	apply=0
00501590	CPanelTy_field_0B99State	unchanged	used equivalent /SubmarineTitans/Recovered/Enums/CPanelTy_field_0B99State; field already uses enum
00501590	CPanelTy_field_0B9EState	unchanged	used equivalent /SubmarineTitans/Recovered/Enums/CPanelTy_field_0B9EState; field already uses enum
00503450	CPanelTy_SetControlBoatSI_local_8Enum	disabled	apply=0
00503450	CPanelTy_SetControlBoatSI_uVar14Enum	disabled	apply=0
00503BB0	CPanelTy_SetCmdBoat_bVar1Enum	disabled	apply=0
005050B0	CPanelTy_sub_005050B0_param_1Enum	unchanged	used equivalent /SubmarineTitans/Recovered/Enums/CPanelTy_sub_005050B0_param_1Enum; parameter already uses enum
00505230	CPanelTy_PaintMunition_local_28Enum	disabled	apply=0
00505DF0	CPanelTy_field_0C29State	unchanged	used equivalent /SubmarineTitans/Recovered/Enums/CPanelTy_field_0C29State; field already uses enum
005061C0	CPanelTy_field_0BFAState	unchanged	used equivalent /SubmarineTitans/Recovered/Enums/CPanelTy_field_0BFAState; field already uses enum
005061C0	CPanelTy_field_0C11State	unchanged	used equivalent /SubmarineTitans/Recovered/Enums/CPanelTy_field_0C11State; field already uses enum
005061C0	CPanelTy_field_0C3CState	unchanged	used equivalent /SubmarineTitans/Recovered/Enums/CPanelTy_field_0C3CState; field already uses enum
0050A340	CPanelTy_PaintCtrlObjSI_CVar3Enum	disabled	apply=0
0050F430	CPanelTy_SetCmdObj_bVar1Enum	disabled	apply=0
005105E0	RecoveredRecordView_005105E0_C0011880_field_0014State	disabled	apply=0
00510C80	HelpPanelTy_field_0172State	unchanged	used equivalent /SubmarineTitans/Recovered/Enums/HelpPanelTy_field_0172State; field already uses enum
005121F0	Global_sub_005121F0_switch_0Enum	disabled	apply=0
005121F0	Global_sub_005121F0_param_1Enum	unchanged	used equivalent /SubmarineTitans/Recovered/Enums/Global_sub_005121F0_param_1Enum; parameter already uses enum
00514330	HelpPanelTy_BwdBut_switch_0Enum	disabled	apply=0
005145E0	HelpPanelTy_FwdBut_switch_0Enum	disabled	apply=0
005149B0	HelpPanelTy_LinkAct_bVar1Enum	disabled	apply=0
00514BC0	HelpPanelTy_sub_00514BC0_bVar1Enum	disabled	apply=0
00514BC0	HelpPanelTy_sub_00514BC0_param_1Enum	unchanged	used equivalent /SubmarineTitans/Recovered/Enums/HelpPanelTy_sub_00514BC0_param_1Enum; parameter already uses enum
0051B5A0	HelpPanelTy_ArmProc_switch_0Enum	disabled	apply=0
0051DDD0	HelpPanelTy_field_01A1State	unchanged	used equivalent /SubmarineTitans/Recovered/Enums/HelpPanelTy_field_01A1State; field already uses enum
005206F0	InfocPanelTy_Update_uVar5Enum	disabled	apply=0
00522D40	IntercomPanelTy_field_0172State	unchanged	used equivalent /SubmarineTitans/Recovered/Enums/IntercomPanelTy_field_0172State; field already uses enum
00523410	Global_sub_00523410_param_1Enum	unchanged	used equivalent /SubmarineTitans/Recovered/Enums/Global_sub_00523410_param_1Enum; parameter already uses enum
00524FE0	Global_sub_00524FE0_param_1Enum	unchanged	used equivalent /SubmarineTitans/Recovered/Enums/Global_sub_00524FE0_param_1Enum; parameter already uses enum
005252C0	Global_sub_005252C0_param_1Enum	unchanged	used equivalent /SubmarineTitans/Recovered/Enums/Global_sub_005252C0_param_1Enum; parameter already uses enum
00525390	Global_sub_00525390_param_1Enum	unchanged	used equivalent /SubmarineTitans/Recovered/Enums/Global_sub_00525390_param_1Enum; parameter already uses enum
00525390	Global_sub_00525390_param_2Enum	unchanged	used equivalent /SubmarineTitans/Recovered/Enums/Global_sub_00525390_param_2Enum; parameter already uses enum
00525890	Global_sub_00525890_param_1Enum	unchanged	used equivalent /SubmarineTitans/Recovered/Enums/Global_sub_00525890_param_1Enum; parameter already uses enum
005259B0	Global_sub_005259B0_param_1Enum	unchanged	used equivalent /SubmarineTitans/Recovered/Enums/Global_sub_005259B0_param_1Enum; parameter already uses enum
00525CA0	Global_sub_00525CA0_param_1Enum	unchanged	used equivalent /SubmarineTitans/Recovered/Enums/Global_sub_00525CA0_param_1Enum; parameter already uses enum
00525EF0	Global_sub_00525EF0_param_1Enum	unchanged	used equivalent /SubmarineTitans/Recovered/Enums/Global_sub_00525EF0_param_1Enum; parameter already uses enum
00525EF0	Global_sub_00525EF0_param_2Enum	unchanged	used equivalent /SubmarineTitans/Recovered/Enums/Global_sub_00525EF0_param_2Enum; parameter already uses enum
00526100	RecoveredRecord_00526100_020D84E3_field_0003State	disabled	apply=0
00526100	Global_sub_00526100_switch_0Enum	disabled	apply=0
00526BA0	Global_sub_00526BA0_param_1Enum	unchanged	used equivalent /SubmarineTitans/Recovered/Enums/Global_sub_00526BA0_param_1Enum; parameter already uses enum
005272B0	Global_sub_005272B0_param_1Enum	unchanged	used equivalent /SubmarineTitans/Recovered/Enums/Global_sub_005272B0_param_1Enum; parameter already uses enum
005276E0	Global_sub_005276E0_param_1Enum	unchanged	used equivalent /SubmarineTitans/Recovered/Enums/Global_sub_005276E0_param_1Enum; parameter already uses enum
00528060	Global_sub_00528060_param_1Enum	unchanged	used equivalent /SubmarineTitans/Recovered/Enums/Global_sub_00528060_param_1Enum; parameter already uses enum
00528A30	Global_sub_00528A30_param_1Enum	unchanged	used equivalent /SubmarineTitans/Recovered/Enums/Global_sub_00528A30_param_1Enum; parameter already uses enum
005293F0	Global_sub_005293F0_param_1Enum	unchanged	used equivalent /SubmarineTitans/Recovered/Enums/Global_sub_005293F0_param_1Enum; parameter already uses enum
00529480	Global_sub_00529480_param_1Enum	unchanged	used equivalent /SubmarineTitans/Recovered/Enums/Global_sub_00529480_param_1Enum; parameter already uses enum
00529500	Global_sub_00529500_param_1Enum	unchanged	used equivalent /SubmarineTitans/Recovered/Enums/Global_sub_00529500_param_1Enum; parameter already uses enum
00529590	Global_sub_00529590_param_1Enum	unchanged	used equivalent /SubmarineTitans/Recovered/Enums/Global_sub_00529590_param_1Enum; parameter already uses enum
00529590	Global_sub_00529590_param_2Enum	unchanged	used equivalent /SubmarineTitans/Recovered/Enums/Global_sub_00529590_param_2Enum; parameter already uses enum
00529D80	Global_sub_00529D80_param_1Enum	unchanged	used equivalent /SubmarineTitans/Recovered/Enums/Global_sub_00529D80_param_1Enum; parameter already uses enum
00529F90	RecoveredRecord_00529F90_28CA9BE3_field_0014State	disabled	apply=0
00529FE0	RecoveredRecord_00529FE0_85E582CB_field_0014State	disabled	apply=0
0052A030	RecoveredRecord_0052A030_A4DBF22A_field_0014State	disabled	apply=0
0052A080	RecoveredRecord_0052A080_FE10D39B_field_0014State	disabled	apply=0
0052A0D0	RecoveredRecord_0052A0D0_AA895067_field_0014State	disabled	apply=0
0052A140	RecoveredRecord_0052A140_CB7DEA2A_field_0014State	disabled	apply=0
0052A190	RecoveredRecord_0052A190_200815B9_field_0014State	disabled	apply=0
0052A1E0	RecoveredRecord_0052A1E0_8B1F7625_field_0014State	disabled	apply=0
0052A230	RecoveredRecord_0052A230_82824298_field_0014State	disabled	apply=0
0052A280	RecoveredRecord_0052A280_B7ADADEA_field_0014State	disabled	apply=0
0052A2D0	RecoveredRecord_0052A2D0_279FA866_field_0014State	disabled	apply=0
0052A320	RecoveredRecord_0052A320_3DA6AF5F_field_0014State	disabled	apply=0
0052A390	RecoveredRecord_0052A390_F1ABEB26_field_0014State	disabled	apply=0
0052A3E0	RecoveredRecord_0052A3E0_3ACAB03C_field_0014State	disabled	apply=0
0052A430	AnonNested_0052A430_0014_F40A3334_field_0004State	disabled	apply=0
0052A4D0	Global_sub_0052A4D0_switch_0Enum	disabled	apply=0
0052A540	Global_sub_0052A540_switch_0Enum	disabled	apply=0
0052A5C0	Global_sub_0052A5C0_switch_0Enum	disabled	apply=0
0052A640	Global_sub_0052A640_switch_0Enum	disabled	apply=0
0052A7B0	AnonNested_0052A7B0_0014_0177A204_field_0000State	disabled	apply=0
0052A7B0	AnonNested_0052A7B0_0014_0177A204_field_0004State	disabled	apply=0
0052A890	AnonNested_0052A890_0014_9BCDCE5B_field_0000State	disabled	apply=0
0052A890	AnonNested_0052A890_0014_9BCDCE5B_field_0004State	disabled	apply=0
0052B760	MoneyTy_field_0068State	unchanged	used equivalent /SubmarineTitans/Recovered/Enums/MoneyTy_field_0068State; field already uses enum
0052F2B0	OptPanelTy_field_0172State	unchanged	used equivalent /SubmarineTitans/Recovered/Enums/OptPanelTy_field_0172State; field already uses enum
0052F900	OptPanelTy_field_01A4State	unchanged	used equivalent /SubmarineTitans/Recovered/Enums/OptPanelTy_field_01A4State; field already uses enum
0052FB00	OptPanelTy_field_01ABState	unchanged	used equivalent /SubmarineTitans/Recovered/Enums/OptPanelTy_field_01ABState; field already uses enum
0052FB00	OptPanelTy_SetOptControls_switch_3Enum	disabled	apply=0
005325B0	OptPanelTy_PrepAsses_switch_0Enum	disabled	apply=0
005325B0	OptPanelTy_PrepAsses_switch_1Enum	disabled	apply=0
00533D10	STMessage_idState	disabled	apply=0
00533D10	OptPanelTy_GetMessage_OVar4Enum	disabled	apply=0
00533D10	OptPanelTy_GetMessage_switch_7Enum	disabled	apply=0
005395B0	PausePanelTy_field_0172State	unchanged	used equivalent /SubmarineTitans/Recovered/Enums/PausePanelTy_field_0172State; field already uses enum
0053A6B0	PlayPanelTy_field_0172State	unchanged	used equivalent /SubmarineTitans/Recovered/Enums/PlayPanelTy_field_0172State; field already uses enum
0053AFB0	PlayPanelTy_GetMessage_SVar5Enum	disabled	apply=0
0053AFB0	PlayPanelTy_GetMessage_uVar11Enum	disabled	apply=0
0053E760	SpecPanelTy_field_0172State	unchanged	used equivalent /SubmarineTitans/Recovered/Enums/SpecPanelTy_field_0172State; field already uses enum
0053F3A0	ProdPanelTy_field_0172State	unchanged	used equivalent /SubmarineTitans/Recovered/Enums/ProdPanelTy_field_0172State; field already uses enum
00543990	CursorClassTy_field_0494State	unchanged	used equivalent /SubmarineTitans/Recovered/Enums/CursorClassTy_field_0494State; field already uses enum
005449B0	CursorClassTy_field_00CDState	unchanged	used equivalent /SubmarineTitans/Recovered/Enums/CursorClassTy_field_00CDState; field already uses enum
005449B0	CursorClassTy_field_00DEState	unchanged	used equivalent /SubmarineTitans/Recovered/Enums/CursorClassTy_field_00DEState; field already uses enum
005449B0	CursorClassTy_GetMessage_SVar4Enum	disabled	apply=0
005449B0	CursorClassTy_GetMessage_iVar8Enum	disabled	apply=0
005449B0	CursorClassTy_GetMessage_local_EAX_7651Enum	disabled	apply=0
005449B0	CursorClassTy_GetMessage_switch_10Enum	disabled	apply=0
005449B0	CursorClassTy_GetMessage_switch_11Enum	disabled	apply=0
00548BC0	RecoveredRecord_00548BC0_697C8B62_field_04A2State	disabled	apply=0
00548C40	CursorClassTy_field_04A2State	unchanged	used equivalent /SubmarineTitans/Recovered/Enums/CursorClassTy_field_04A2State; field already uses enum
00548C40	CursorClassTy_TakeCmdToRun_CVar1Enum	disabled	apply=0
0054BF40	CursorClassTy_field_0493State	unchanged	used equivalent /SubmarineTitans/Recovered/Enums/CursorClassTy_field_0493State; field already uses enum
0054BF40	CursorClassTy_SetGCType_iVar6Enum	disabled	apply=0
0054BF40	CursorClassTy_SetGCType_param_1Enum	unchanged	used equivalent /SubmarineTitans/Recovered/Enums/CursorClassTy_SetGCType_param_1Enum; parameter already uses enum
0054CA10	Global_sub_0054CA10_switch_0Enum	disabled	apply=0
0054D640	STPlaySystemC_Life_local_14Enum	disabled	apply=0
0054D640	STPlaySystemC_Life_switch_1Enum	disabled	apply=0
0054F1D0	STPlaySystemC_PrepareMail_local_14Enum	disabled	apply=0
005532F0	Global_sub_005532F0_param_1Enum	unchanged	used equivalent /SubmarineTitans/Recovered/Enums/Global_sub_005532F0_param_1Enum; parameter already uses enum
00553480	Global_sub_00553480_switch_0Enum	disabled	apply=0
00555040	cLoadingTy_SetState_param_1Enum	unchanged	used equivalent /SubmarineTitans/Recovered/Enums/cLoadingTy_SetState_param_1Enum; parameter already uses enum
00558C00	VisibleClassTy_sub_00558C00_param_1Enum	unchanged	used equivalent /SubmarineTitans/Recovered/Enums/VisibleClassTy_sub_00558C00_param_1Enum; parameter already uses enum
0055C830	Global_sub_0055C830_param_1Enum	unchanged	used equivalent /SubmarineTitans/Recovered/Enums/Global_sub_0055C830_param_1Enum; parameter already uses enum
00562F50	Global_AiAiCalcMinesFields_switch_0Enum	disabled	apply=0
00566970	SoundManagerTy_field_0038State	unchanged	used equivalent /SubmarineTitans/Recovered/Enums/SoundManagerTy_field_0038State; field already uses enum
00566C20	SoundManagerTy_GetMessage_SVar1Enum	disabled	apply=0
00567510	RecoveredReceiver_00567510_field_10E5State	unchanged	used equivalent /SubmarineTitans/Recovered/Enums/RecoveredReceiver_00567510_field_10E5State; field already uses enum
00568010	SubmarineTitans_Recovered_HiddenThis_RecoveredReceiver_00568010_sub_00568010_param_1Enum	unchanged	used equivalent /SubmarineTitans/Recovered/Enums/SubmarineTitans_Recovered_HiddenThis_RecoveredReceiver_00568010_sub_00568010_param_1Enum; parameter already uses enum
00568940	SubmarineTitans_Recovered_HiddenThis_RecoveredReceiver_00568940_sub_00568940_param_1Enum	unchanged	used equivalent /SubmarineTitans/Recovered/Enums/SubmarineTitans_Recovered_HiddenThis_RecoveredReceiver_00568940_sub_00568940_param_1Enum; parameter already uses enum
0056ADC0	STAppC_InitApp_local_EAX_47Enum	disabled	apply=0
0056ADC0	STAppC_InitApp_switch_2Enum	disabled	apply=0
0056ADC0	STAppC_InitApp_switch_3Enum	disabled	apply=0
0056CBD0	STAppC_MainWindowProc_param_2Enum	unchanged	used equivalent /SubmarineTitans/Recovered/Enums/STAppC_MainWindowProc_param_2Enum; parameter already uses enum
0056F040	STAppC_field_1180State	unchanged	used equivalent /SubmarineTitans/Recovered/Enums/STAppC_field_1180State; field already uses enum
0056FA60	STAppC_GetMessage_SVar5Enum	disabled	apply=0
00571400	STAppC_ReadCmdPlay_switch_0Enum	disabled	apply=0
005776D0	GameSystemC_GetMessage_switch_0Enum	disabled	apply=0
005785E0	STCrabC_field_0239State	unchanged	used equivalent /SubmarineTitans/Recovered/Enums/STCrabC_field_0239State; field already uses enum
00578630	STCrabC_field_0279State	unchanged	used equivalent /SubmarineTitans/Recovered/Enums/STCrabC_field_0279State; field already uses enum
005797B0	Global_sub_005797B0_switch_0Enum	disabled	apply=0
0057A140	Global_sub_0057A140_param_2Enum	unchanged	used equivalent /SubmarineTitans/Recovered/Enums/Global_sub_0057A140_param_2Enum; parameter already uses enum
0057BD20	STFishC_field_023BState	unchanged	used equivalent /SubmarineTitans/Recovered/Enums/STFishC_field_023BState; field already uses enum
0057BD70	STFishC_field_0267State	unchanged	used equivalent /SubmarineTitans/Recovered/Enums/STFishC_field_0267State; field already uses enum
0057CBF0	Global_sub_0057CBF0_param_1Enum	unchanged	used equivalent /SubmarineTitans/Recovered/Enums/Global_sub_0057CBF0_param_1Enum; parameter already uses enum
0057CC90	Global_sub_0057CC90_param_1Enum	unchanged	used equivalent /SubmarineTitans/Recovered/Enums/Global_sub_0057CC90_param_1Enum; parameter already uses enum
0057D700	STFishC_sub_0057D700_switch_1Enum	disabled	apply=0
0057F6E0	STDcResourcC_field_0255State	unchanged	used equivalent /SubmarineTitans/Recovered/Enums/STDcResourcC_field_0255State; field already uses enum
00580780	STDcResourcC_sub_00580780_dVar2Enum	disabled	apply=0
00580910	Global_sub_00580910_param_2Enum	unchanged	used equivalent /SubmarineTitans/Recovered/Enums/Global_sub_00580910_param_2Enum; parameter already uses enum
005825C0	STJellyGunC_field_0235State	unchanged	used equivalent /SubmarineTitans/Recovered/Enums/STJellyGunC_field_0235State; field already uses enum
00586AF0	Global_sub_00586AF0_iVar8Enum	disabled	apply=0
00586AF0	Global_sub_00586AF0_local_38Enum	disabled	apply=0
00589990	STOctopusC_field_0249State	unchanged	used equivalent /SubmarineTitans/Recovered/Enums/STOctopusC_field_0249State; field already uses enum
00589C10	STOctopusC_field_02A5State	unchanged	used equivalent /SubmarineTitans/Recovered/Enums/STOctopusC_field_02A5State; field already uses enum
0058B190	STOctopusC_sub_0058B190_iVar6Enum	disabled	apply=0
0058BD90	RecoveredRecordView_0058BD90_5921842F_field_0231State	disabled	apply=0
0058E570	STSharkC_field_0257State	unchanged	used equivalent /SubmarineTitans/Recovered/Enums/STSharkC_field_0257State; field already uses enum
0058F1E0	Global_sub_0058F1E0_SVar2Enum	disabled	apply=0
0058F680	Global_sub_0058F680_switch_0Enum	disabled	apply=0
00590B40	CampaignTy_InitCampaign_iVar9Enum	disabled	apply=0
005926E0	CampaignTy_field_1BE8State	unchanged	used equivalent /SubmarineTitans/Recovered/Enums/CampaignTy_field_1BE8State; field already uses enum
005926E0	CampaignTy_AnimationCampaign_CVar5Enum	disabled	apply=0
005926E0	CampaignTy_AnimationCampaign_switch_10Enum	disabled	apply=0
00593040	CampaignTy_GetMessage_switch_1Enum	disabled	apply=0
00593040	CampaignTy_GetMessage_switch_2Enum	disabled	apply=0
00593040	CampaignTy_GetMessage_switch_3Enum	disabled	apply=0
00594440	ComboTy_GetMessage_SVar2Enum	disabled	apply=0
00596CC0	FSGSTy_PaintFSGS_switch_0Enum	disabled	apply=0
00597120	FSGSTy_field_0065State	unchanged	used equivalent /SubmarineTitans/Recovered/Enums/FSGSTy_field_0065State; field already uses enum
00597120	FSGSTy_NoneFSGS_switch_2Enum	disabled	apply=0
00597E70	FSGSTy_SetState_switch_2Enum	disabled	apply=0
00597E70	FSGSTy_SetState_switch_3Enum	disabled	apply=0
0059B820	FSGSTy_sub_0059B820_uVar1Enum	disabled	apply=0
0059BE50	FSGSTy_sub_0059BE50_uVar1Enum	disabled	apply=0
0059C520	FSGSTy_CreateCtrls_switch_0Enum	disabled	apply=0
005A4350	FSGSTy_GetMessage_SVar5Enum	disabled	apply=0
005A4350	FSGSTy_GetMessage_iVar47Enum	disabled	apply=0
005A4350	FSGSTy_GetMessage_switch_1Enum	disabled	apply=0
005A4350	FSGSTy_GetMessage_switch_14Enum	disabled	apply=0
005A4350	FSGSTy_GetMessage_switch_15Enum	disabled	apply=0
005A4350	FSGSTy_GetMessage_switch_2Enum	disabled	apply=0
005A4350	FSGSTy_GetMessage_switch_3Enum	disabled	apply=0
005A4350	FSGSTy_GetMessage_switch_8Enum	disabled	apply=0
005AACB0	HoloTy_field_0001State	unchanged	used equivalent /SubmarineTitans/Recovered/Enums/HoloTy_field_0001State; field already uses enum
005AACB0	HoloTy_Init_param_1Enum	unchanged	used equivalent /SubmarineTitans/Recovered/Enums/HoloTy_Init_param_1Enum; parameter already uses enum
005AB300	ChooseMapTy_InitChooseMap_local_cEnum	disabled	apply=0
005AB300	ChooseMapTy_InitChooseMap_switch_0Enum	disabled	apply=0
005AB300	ChooseMapTy_InitChooseMap_switch_1Enum	disabled	apply=0
005AB300	ChooseMapTy_InitChooseMap_uVar1Enum	disabled	apply=0
005AB300	ChooseMapTy_InitChooseMap_uVar11Enum	disabled	apply=0
005AB300	ChooseMapTy_InitChooseMap_param_2Enum	unchanged	used equivalent /SubmarineTitans/Recovered/Enums/ChooseMapTy_InitChooseMap_param_2Enum; parameter already uses enum
005AD050	ChooseMapTy_PaintChooseMap_switch_0Enum	disabled	apply=0
005AD390	ChooseMapTy_NoneChooseMap_DAT_00803400Enum	disabled	apply=0
005AD390	ChooseMapTy_NoneChooseMap_switch_0Enum	disabled	apply=0
005AEAB0	ChooseMapTy_CreateCtrls_switch_0Enum	disabled	apply=0
005AFD00	ChooseMapTy_PrepFiles_switch_0Enum	disabled	apply=0
005AFD00	ChooseMapTy_PrepFiles_switch_2Enum	disabled	apply=0
005B0BA0	ChooseMapTy_GetMessage_SVar3Enum	disabled	apply=0
005B0BA0	ChooseMapTy_GetMessage_switch_1Enum	disabled	apply=0
005B0BA0	ChooseMapTy_GetMessage_switch_3Enum	disabled	apply=0
005B0BA0	ChooseMapTy_GetMessage_switch_5Enum	disabled	apply=0
005B0BA0	ChooseMapTy_GetMessage_switch_7Enum	disabled	apply=0
005B0BA0	ChooseMapTy_GetMessage_uVar27Enum	disabled	apply=0
005B2970	MainMenuTy_InitMainMenu_iVar5Enum	disabled	apply=0
005B48E0	MainMenuTy_AnimationMainMenu_switch_0Enum	disabled	apply=0
005B4BB0	MainMenuTy_GetMessage_SVar1Enum	disabled	apply=0
005B4BB0	MainMenuTy_GetMessage_switch_0Enum	disabled	apply=0
005B5690	RecoveredRecord_005B5690_213E8178_field_0014State	disabled	apply=0
005B6560	RecoveredRecord_005B6560_90DC7408_field_0014State	disabled	apply=0
005B9330	MMsgTy_GetMessage_temp_5f8e730a25Enum	disabled	apply=0
005BAE00	PrividerTy_field_0065State	unchanged	used equivalent /SubmarineTitans/Recovered/Enums/PrividerTy_field_0065State; field already uses enum
005C1610	MReportTy_PaintTab_switch_0Enum	disabled	apply=0
005C29B0	SettMapMTy_sub_005C29B0_switch_0Enum	disabled	apply=0
005C6030	SettMapTy_CreateCtrls_local_14Enum	disabled	apply=0
005C8A40	SettMapTy_field_1E26State	unchanged	used equivalent /SubmarineTitans/Recovered/Enums/SettMapTy_field_1E26State; field already uses enum
005C8A40	SettMapTy_field_2179State	unchanged	used equivalent /SubmarineTitans/Recovered/Enums/SettMapTy_field_2179State; field already uses enum
005C8A40	SettMapTy_GetMessage_SVar3Enum	disabled	apply=0
005C8A40	SettMapTy_GetMessage_SVar4Enum	disabled	apply=0
005C8A40	SettMapTy_GetMessage_switch_2Enum	disabled	apply=0
005C8A40	SettMapTy_GetMessage_switch_4Enum	disabled	apply=0
005CBBE0	Global_sub_005CBBE0_switch_0Enum	disabled	apply=0
005CCE10	SettMapMTy_field_1E26State	unchanged	used equivalent /SubmarineTitans/Recovered/Enums/SettMapMTy_field_1E26State; field already uses enum
005CCE10	SettMapMTy_SetListCtrls_local_18Enum	disabled	apply=0
005CE0E0	SettMapMTy_NoneSettMap_local_28Enum	disabled	apply=0
005CE0E0	SettMapMTy_NoneSettMap_switch_3Enum	disabled	apply=0
005D0BB0	SettMapMTy_ChangePlayerTeam_uVar4Enum	disabled	apply=0
005D1400	SettMapMTy_GetMessage_switch_2Enum	disabled	apply=0
005D1400	SettMapMTy_GetMessage_switch_4Enum	disabled	apply=0
005D1400	SettMapMTy_GetMessage_uVar42Enum	disabled	apply=0
005D4E90	SettMapSTy_SetListCtrls_iVar10Enum	disabled	apply=0
005D5560	SettMapSTy_GetMessage_switch_0Enum	disabled	apply=0
005D5560	SettMapSTy_GetMessage_switch_3Enum	disabled	apply=0
005D5560	SettMapSTy_GetMessage_uVar19Enum	disabled	apply=0
005DB4F0	StartSystemTy_LoadGraph_iVar14Enum	disabled	apply=0
005DFA30	MTaskTy_field_006DState	unchanged	used equivalent /SubmarineTitans/Recovered/Enums/MTaskTy_field_006DState; field already uses enum
005E0AC0	MTaskTy_NoneMTask_switch_0Enum	disabled	apply=0
005E1330	MTaskTy_PlayScript_switch_1Enum	disabled	apply=0
005E5E30	MTestTy_field_00B3State	unchanged	used equivalent /SubmarineTitans/Recovered/Enums/MTestTy_field_00B3State; field already uses enum
005E84D0	WaitTy_NoneWait_local_2cEnum	disabled	apply=0
005E84D0	WaitTy_NoneWait_switch_1Enum	disabled	apply=0
005EAF10	STArtiafactC_GetMessage_switch_1Enum	disabled	apply=0
005EE6E0	RecoveredRecordView_005EE6E0_769300DA_field_023AState	disabled	apply=0
005F0380	Global_sub_005F0380_switch_0Enum	disabled	apply=0
005F0620	RecoveredRecordView_005F0620_3EDDC37E_field_02B1State	disabled	apply=0
005F27C0	STBHEShellC_field_0104State	unchanged	used equivalent /SubmarineTitans/Recovered/Enums/STBHEShellC_field_0104State; field already uses enum
005F6F60	STColl3C_field_02DDState	unchanged	used equivalent /SubmarineTitans/Recovered/Enums/STColl3C_field_02DDState; field already uses enum
005F8D10	Global_sub_005F8D10_uVar2Enum	disabled	apply=0
005F95B0	Global_sub_005F95B0_local_18Enum	disabled	apply=0
005FB030	RecoveredRecordView_005FB030_E5A27901_field_02DDState	disabled	apply=0
005FB640	STContainerC_GetMessage_switch_1Enum	disabled	apply=0
005FCDC0	Global_sub_005FCDC0_switch_0Enum	disabled	apply=0
005FE990	Global_sub_005FE990_switch_0Enum	disabled	apply=0
005FF430	Global_sub_005FF430_iVar4Enum	disabled	apply=0
005FF430	Global_sub_005FF430_param_1Enum	unchanged	used equivalent /SubmarineTitans/Recovered/Enums/Global_sub_005FF430_param_1Enum; parameter already uses enum
00600750	Global_sub_00600750_switch_0Enum	disabled	apply=0
00601DB0	Global_sub_00601DB0_param_1Enum	unchanged	used equivalent /SubmarineTitans/Recovered/Enums/Global_sub_00601DB0_param_1Enum; parameter already uses enum
00601F80	STDestC_field_036EState	unchanged	used equivalent /SubmarineTitans/Recovered/Enums/STDestC_field_036EState; field already uses enum
00603740	STExplosion_GetMessage_switch_0Enum	disabled	apply=0
00605B60	Global_sub_00605B60_local_64Enum	disabled	apply=0
00606050	STExplosion_sub_00606050_local_74Enum	disabled	apply=0
00606050	STExplosion_sub_00606050_switch_1Enum	disabled	apply=0
00606A50	Global_sub_00606A50_param_1Enum	unchanged	used equivalent /SubmarineTitans/Recovered/Enums/Global_sub_00606A50_param_1Enum; parameter already uses enum
00606CD0	Global_sub_00606CD0_param_1Enum	unchanged	used equivalent /SubmarineTitans/Recovered/Enums/Global_sub_00606CD0_param_1Enum; parameter already uses enum
00606FD0	Global_sub_00606FD0_param_1Enum	unchanged	used equivalent /SubmarineTitans/Recovered/Enums/Global_sub_00606FD0_param_1Enum; parameter already uses enum
00607200	Global_sub_00607200_local_54Enum	disabled	apply=0
00607A60	Global_sub_00607A60_local_4cEnum	disabled	apply=0
00607EE0	Global_sub_00607EE0_param_1Enum	unchanged	used equivalent /SubmarineTitans/Recovered/Enums/Global_sub_00607EE0_param_1Enum; parameter already uses enum
00608E90	Global_sub_00608E90_switch_0Enum	disabled	apply=0
00608E90	Global_sub_00608E90_switch_1Enum	disabled	apply=0
00608E90	Global_sub_00608E90_switch_2Enum	disabled	apply=0
00608E90	Global_sub_00608E90_switch_3Enum	disabled	apply=0
0060A000	RecoveredRecordView_0060A000_E5492323_field_020DState	disabled	apply=0
0060AA00	RecoveredRecordView_0060AA00_20917E81_field_020DState	disabled	apply=0
0060BDD0	Global_sub_0060BDD0_switch_0Enum	disabled	apply=0
006101B0	RecoveredReceiver_0060EF40_field_020CState	unchanged	used equivalent /SubmarineTitans/Recovered/Enums/RecoveredReceiver_0060EF40_field_020CState; field already uses enum
006141B0	Global_sub_006141B0_param_2Enum	unchanged	used equivalent /SubmarineTitans/Recovered/Enums/Global_sub_006141B0_param_2Enum; parameter already uses enum
00615BB0	Global_sub_00615BB0_param_1Enum	unchanged	used equivalent /SubmarineTitans/Recovered/Enums/Global_sub_00615BB0_param_1Enum; parameter already uses enum
00619C70	STJumpMineC_field_0093State	unchanged	used equivalent /SubmarineTitans/Recovered/Enums/STJumpMineC_field_0093State; field already uses enum
00619C70	STJumpMineC_sub_00619C70_iVar3Enum	disabled	apply=0
00619C70	STJumpMineC_sub_00619C70_local_28Enum	disabled	apply=0
00619C70	STJumpMineC_sub_00619C70_uVar2Enum	disabled	apply=0
0061BDB0	STJumpMineC_sub_0061BDB0_param_1Enum	unchanged	used equivalent /SubmarineTitans/Recovered/Enums/STJumpMineC_sub_0061BDB0_param_1Enum; parameter already uses enum
00621780	SndUnderAttMenegC_sub_00621780_switch_0Enum	disabled	apply=0
006226C0	STMineSetC_field_02ADState	unchanged	used equivalent /SubmarineTitans/Recovered/Enums/STMineSetC_field_02ADState; field already uses enum
006239A0	STMineSetC_field_02AEState	unchanged	used equivalent /SubmarineTitans/Recovered/Enums/STMineSetC_field_02AEState; field already uses enum
00624570	STMineSetC_sub_00624570_param_1Enum	unchanged	used equivalent /SubmarineTitans/Recovered/Enums/STMineSetC_sub_00624570_param_1Enum; parameter already uses enum
00624920	STMineSetC_sub_00624920_param_1Enum	unchanged	used equivalent /SubmarineTitans/Recovered/Enums/STMineSetC_sub_00624920_param_1Enum; parameter already uses enum
00625730	STMineSetC_sub_00625730_uVar10Enum	disabled	apply=0
006263B0	Global_sub_006263B0_param_1Enum	unchanged	used equivalent /SubmarineTitans/Recovered/Enums/Global_sub_006263B0_param_1Enum; parameter already uses enum
00626B50	STMineSetC_sub_00626B50_param_1Enum	unchanged	used equivalent /SubmarineTitans/Recovered/Enums/STMineSetC_sub_00626B50_param_1Enum; parameter already uses enum
00626EC0	Global_sub_00626EC0_switch_0Enum	disabled	apply=0
00626F10	Global_sub_00626F10_param_1Enum	unchanged	used equivalent /SubmarineTitans/Recovered/Enums/Global_sub_00626F10_param_1Enum; parameter already uses enum
00627EB0	STParticleC_field_00C2State	unchanged	used equivalent /SubmarineTitans/Recovered/Enums/STParticleC_field_00C2State; field already uses enum
00627EB0	STParticleC_GetMessage_switch_1Enum	disabled	apply=0
00629070	STParticleC_InitVisibelFlight_local_24Enum	disabled	apply=0
00629F90	STParticleC_sub_00629F90_switch_0Enum	disabled	apply=0
0062A8B0	Global_sub_0062A8B0_iVar1Enum	disabled	apply=0
0062AF90	AnonShape_0062AF90_A19AAC76_field_0015State	disabled	apply=0
0062B300	RecoveredRecordView_0062B300_D23B876C_field_0015State	disabled	apply=0
0062D840	STManRub3C_sub_0062D840_iVar3Enum	disabled	apply=0
0062E740	STRubbishC_field_01FAState	unchanged	used equivalent /SubmarineTitans/Recovered/Enums/STRubbishC_field_01FAState; field already uses enum
0062F3B0	STRubbishC_LoadImagSpr_param_4Enum	unchanged	used equivalent /SubmarineTitans/Recovered/Enums/STRubbishC_LoadImagSpr_param_4Enum; parameter already uses enum
00632030	Global_sub_00632030_param_1Enum	unchanged	used equivalent /SubmarineTitans/Recovered/Enums/Global_sub_00632030_param_1Enum; parameter already uses enum
006324C0	Global_sub_006324C0_param_1Enum	unchanged	used equivalent /SubmarineTitans/Recovered/Enums/Global_sub_006324C0_param_1Enum; parameter already uses enum
00632650	Global_sub_00632650_param_4Enum	unchanged	used equivalent /SubmarineTitans/Recovered/Enums/Global_sub_00632650_param_4Enum; parameter already uses enum
00632E30	RecoveredRecordView_00632E30_F8A8BDAE_field_0011State	disabled	apply=0
00633770	Global_sub_00633770_switch_0Enum	disabled	apply=0
00633770	Global_sub_00633770_switch_1Enum	disabled	apply=0
00636060	Global_sub_00636060_switch_0Enum	disabled	apply=0
006389F0	STWorldObject_value_20State	disabled	apply=0
00638CA0	Global_sub_00638CA0_switch_0Enum	disabled	apply=0
00639C90	Global_sub_00639C90_switch_0Enum	disabled	apply=0
006406D0	STTorpC_field_0259State	unchanged	used equivalent /SubmarineTitans/Recovered/Enums/STTorpC_field_0259State; field already uses enum
006406D0	STTorpC_GetMessage_SVar5Enum	disabled	apply=0
00645880	Global_sub_00645880_uVar6Enum	disabled	apply=0
00645D30	Global_sub_00645D30_param_2Enum	unchanged	used equivalent /SubmarineTitans/Recovered/Enums/Global_sub_00645D30_param_2Enum; parameter already uses enum
006461E0	STVolcanoC_field_00A9State	unchanged	used equivalent /SubmarineTitans/Recovered/Enums/STVolcanoC_field_00A9State; field already uses enum
00648FE0	Global_CreateAi_switch_0Enum	disabled	apply=0
00648FE0	Global_CreateAi_switch_1Enum	disabled	apply=0
0064A970	SubmarineTitans_Recovered_HiddenThis_RecoveredReceiver_0064A970_sub_0064A970_iVar6Enum	disabled	apply=0
0064A970	SubmarineTitans_Recovered_HiddenThis_RecoveredReceiver_0064A970_sub_0064A970_switch_1Enum	disabled	apply=0
0064A970	SubmarineTitans_Recovered_HiddenThis_RecoveredReceiver_0064A970_sub_0064A970_switch_2Enum	disabled	apply=0
0064A970	SubmarineTitans_Recovered_HiddenThis_RecoveredReceiver_0064A970_sub_0064A970_switch_6Enum	disabled	apply=0
0064A970	SubmarineTitans_Recovered_HiddenThis_RecoveredReceiver_0064A970_sub_0064A970_switch_7Enum	disabled	apply=0
0064A970	SubmarineTitans_Recovered_HiddenThis_RecoveredReceiver_0064A970_sub_0064A970_switch_8Enum	disabled	apply=0
00652810	AiEventClassTy_GetMessage_local_EAX_488Enum	disabled	apply=0
0065BD70	AiEventClassTy_sub_0065BD70_SVar1Enum	disabled	apply=0
0065E450	Global_sub_0065E450_GVar2Enum	disabled	apply=0
0065E450	Global_sub_0065E450_param_3Enum	unchanged	used equivalent /SubmarineTitans/Recovered/Enums/Global_sub_0065E450_param_3Enum; parameter already uses enum
00660F70	AiFltClassTy_sub_00660F70_switch_0Enum	disabled	apply=0
00662240	AiFltClassTy_field_009BState	unchanged	used equivalent /SubmarineTitans/Recovered/Enums/AiFltClassTy_field_009BState; field already uses enum
00662240	AiFltClassTy_GetAiMess_iVar20Enum	disabled	apply=0
00662240	AiFltClassTy_GetAiMess_switch_0Enum	disabled	apply=0
00662240	AiFltClassTy_GetAiMess_switch_2Enum	disabled	apply=0
00664960	AiFltClassTy_sub_00664960_AVar18Enum	disabled	apply=0
00664960	AiFltClassTy_sub_00664960_switch_0Enum	disabled	apply=0
00664960	AiFltClassTy_sub_00664960_switch_3Enum	disabled	apply=0
00664960	AiFltClassTy_sub_00664960_switch_4Enum	disabled	apply=0
006686F0	Global_sub_006686F0_param_1Enum	unchanged	used equivalent /SubmarineTitans/Recovered/Enums/Global_sub_006686F0_param_1Enum; parameter already uses enum
00668AA0	Global_sub_00668AA0_param_1Enum	unchanged	used equivalent /SubmarineTitans/Recovered/Enums/Global_sub_00668AA0_param_1Enum; parameter already uses enum
00668AA0	Global_sub_00668AA0_param_2Enum	unchanged	used equivalent /SubmarineTitans/Recovered/Enums/Global_sub_00668AA0_param_2Enum; parameter already uses enum
0066ACC0	SubmarineTitans_Recovered_HiddenThis_RecoveredReceiver_0064A970_sub_0066ACC0_iVar4Enum	disabled	apply=0
0066ACC0	SubmarineTitans_Recovered_HiddenThis_RecoveredReceiver_0064A970_sub_0066ACC0_uVar18Enum	disabled	apply=0
00671F10	Global_sub_00671F10_switch_0Enum	disabled	apply=0
00673D20	Global_sub_00673D20_DAT_00811954Enum	disabled	apply=0
00673D20	Global_sub_00673D20_switch_0Enum	disabled	apply=0
006753A0	Global_sub_006753A0_param_1Enum	unchanged	used equivalent /SubmarineTitans/Recovered/Enums/Global_sub_006753A0_param_1Enum; parameter already uses enum
00675430	Global_sub_00675430_param_1Enum	unchanged	used equivalent /SubmarineTitans/Recovered/Enums/Global_sub_00675430_param_1Enum; parameter already uses enum
00677700	Global_sub_00677700_param_2Enum	unchanged	used equivalent /SubmarineTitans/Recovered/Enums/Global_sub_00677700_param_2Enum; parameter already uses enum
006777D0	Global_sub_006777D0_param_1Enum	unchanged	used equivalent /SubmarineTitans/Recovered/Enums/Global_sub_006777D0_param_1Enum; parameter already uses enum
0067B520	AiPlrClassTy_ExecTech_switch_0Enum	disabled	apply=0
0067C7E0	AiPlrClassTy_GetMessage_SVar2Enum	disabled	apply=0
006829B0	Global_sub_006829B0_iVar1Enum	disabled	apply=0
00682DF0	Global_sub_00682DF0_DAT_007d2d18Enum	disabled	apply=0
00683C70	Global_sub_00683C70_iVar8Enum	disabled	apply=0
00683C70	Global_sub_00683C70_switch_0Enum	disabled	apply=0
00683C70	Global_sub_00683C70_switch_5Enum	disabled	apply=0
00683C70	Global_sub_00683C70_switch_6Enum	disabled	apply=0
00683C70	Global_sub_00683C70_switch_8Enum	disabled	apply=0
0068CDA0	Global_sub_0068CDA0_param_2Enum	unchanged	used equivalent /SubmarineTitans/Recovered/Enums/Global_sub_0068CDA0_param_2Enum; parameter already uses enum
0068EC70	AiTactClassTy_ExecClaim_switch_0Enum	disabled	apply=0
0068FD00	AiTactClassTy_GetAiMess_switch_0Enum	disabled	apply=0
00692C10	Global_sub_00692C10_param_1Enum	unchanged	used equivalent /SubmarineTitans/Recovered/Enums/Global_sub_00692C10_param_1Enum; parameter already uses enum
00693560	Global_sub_00693560_param_1Enum	unchanged	used equivalent /SubmarineTitans/Recovered/Enums/Global_sub_00693560_param_1Enum; parameter already uses enum
00693710	Global_sub_00693710_param_1Enum	unchanged	used equivalent /SubmarineTitans/Recovered/Enums/Global_sub_00693710_param_1Enum; parameter already uses enum
0069ECE0	Global_sub_0069ECE0_uVar2Enum	disabled	apply=0
006A5210	Global_sub_006A5210_iVar4Enum	disabled	apply=0
006A6360	Global_sub_006A6360_uVar2Enum	disabled	apply=0
006AAEF0	Global_sub_006AAEF0_switch_0Enum	disabled	apply=0
006AD020	Global_sub_006AD020_param_3Enum	unchanged	used equivalent /SubmarineTitans/Recovered/Enums/Global_sub_006AD020_param_3Enum; parameter already uses enum
006C8EC0	Global_sub_006C8EC0_param_3Enum	unchanged	used equivalent /SubmarineTitans/Recovered/Enums/Global_sub_006C8EC0_param_3Enum; parameter already uses enum
006DC320	AnonShape_006DC320_0C876EFA_field_00A8State	disabled	apply=0
006DCD60	Global_sub_006DCD60_switch_0Enum	disabled	apply=0
006DD050	Global_sub_006DD050_SVar2Enum	disabled	apply=0
006DD050	Global_sub_006DD050_switch_0Enum	disabled	apply=0
006DD530	ST3DSMAPContext_sub_006DD530_switch_0Enum	disabled	apply=0
006E1C20	ST3DSMAPContext_field_00A8State	unchanged	used equivalent /SubmarineTitans/Recovered/Enums/ST3DSMAPContext_field_00A8State; field already uses enum
006E1EE0	AnonShape_006E1EE0_698AE49A_field_0024State	disabled	apply=0
006E25D0	ST3DSMAPContext_sub_006E25D0_SVar1Enum	disabled	apply=0
006E25D0	ST3DSMAPContext_sub_006E25D0_switch_1Enum	disabled	apply=0
006E29D0	Global_sub_006E29D0_switch_0Enum	disabled	apply=0
006E3DD0	AppClassTy_SendMessage_switch_0Enum	disabled	apply=0
006E5970	SystemClassTy_SendMessage_switch_0Enum	disabled	apply=0
006F94D0	Global_sub_006F94D0_iVar5Enum	disabled	apply=0
006F9AD0	Global_sub_006F9AD0_iVar7Enum	disabled	apply=0
006FADC0	Global_sub_006FADC0_iVar8Enum	disabled	apply=0
006FB4A0	Global_sub_006FB4A0_iVar6Enum	disabled	apply=0
006FCB30	Global_sub_006FCB30_iVar6Enum	disabled	apply=0
006FD430	Global_sub_006FD430_iVar8Enum	disabled	apply=0
006FED50	Global_sub_006FED50_iVar7Enum	disabled	apply=0
006FF690	Global_sub_006FF690_iVar9Enum	disabled	apply=0
00700920	Global_sub_00700920_iVar8Enum	disabled	apply=0
00701AD0	Global_sub_00701AD0_iVar9Enum	disabled	apply=0
00702A30	Global_sub_00702A30_iVar6Enum	disabled	apply=0
00703650	Global_sub_00703650_iVar4Enum	disabled	apply=0
00704460	Global_sub_00704460_iVar9Enum	disabled	apply=0
00705180	Global_sub_00705180_iVar6Enum	disabled	apply=0
007059A0	Global_sub_007059A0_iVar5Enum	disabled	apply=0
00706340	Global_sub_00706340_iVar4Enum	disabled	apply=0
00707810	Global_sub_00707810_iVar8Enum	disabled	apply=0
00709A10	Global_sub_00709A10_param_2Enum	unchanged	used equivalent /SubmarineTitans/Recovered/Enums/Global_sub_00709A10_param_2Enum; parameter already uses enum
00709AF0	Global_mfRLoad_param_2Enum	unchanged	used equivalent /SubmarineTitans/Recovered/Enums/Global_mfRLoad_param_2Enum; parameter already uses enum
0070B900	Global_imgGetDibFromFile_iVar3Enum	disabled	apply=0
00713480	ccFntTy_CreateTypeSSpr_param_4Enum	unchanged	used equivalent /SubmarineTitans/Recovered/Enums/ccFntTy_CreateTypeSSpr_param_4Enum; parameter already uses enum
007140E0	Global_sub_007140E0_switch_0Enum	disabled	apply=0
007140E0	Global_sub_007140E0_switch_1Enum	disabled	apply=0
00715AB0	SpriteClassTy_field_004CState	unchanged	used equivalent /SubmarineTitans/Recovered/Enums/SpriteClassTy_field_004CState; field already uses enum
00715C60	SpriteClassTy_SetImagesReg_param_2Enum	unchanged	used equivalent /SubmarineTitans/Recovered/Enums/SpriteClassTy_SetImagesReg_param_2Enum; parameter already uses enum
00716040	SpriteClassTy_SetImages_param_2Enum	unchanged	used equivalent /SubmarineTitans/Recovered/Enums/SpriteClassTy_SetImages_param_2Enum; parameter already uses enum
00716480	SpriteClassTy_SetImagesPtr_param_2Enum	unchanged	used equivalent /SubmarineTitans/Recovered/Enums/SpriteClassTy_SetImagesPtr_param_2Enum; parameter already uses enum
00719410	Global_sub_00719410_param_2Enum	unchanged	used equivalent /SubmarineTitans/Recovered/Enums/Global_sub_00719410_param_2Enum; parameter already uses enum
0071B760	Global_sub_0071B760_switch_0Enum	disabled	apply=0
0071CFD0	ButtonClassTy_field_0020State	unchanged	used equivalent /SubmarineTitans/Recovered/Enums/ButtonClassTy_field_0020State; field already uses enum
007550C0	Global_sub_007550C0_switch_0Enum	disabled	apply=0
007575B0	Global_sub_007575B0_switch_0Enum	disabled	apply=0
