enum_name	enum_length	values
AiFltClassTy_field_009BState	4	CASE_0=0;CASE_A=10;CASE_14=20;CASE_19=25;CASE_23=35;CASE_28=40;CASE_2A=42;CASE_32=50;CASE_33=51;CASE_34=52;CASE_3C=60;CASE_41=65;CASE_64=100;CASE_6E=110;CASE_6F=111;CASE_70=112;CASE_71=113;CASE_78=120;CASE_82=130;CASE_83=131;CASE_84=132;CASE_85=133;CASE_8C=140;CASE_1F5=501;CASE_1F6=502;CASE_1F7=503;CASE_1F8=504;CASE_201=513;CASE_246=582;CASE_24E=590
AnonNested_004EF5F0_0014_2E827CED_field_0000State	4	CASE_1=1;CASE_2=2;CASE_3=3;CASE_4=4
AnonNested_004EF5F0_0014_2E827CED_field_0004State	4	CASE_0=0;CASE_1=1;CASE_2=2;CASE_3=3
AnonNested_0052A430_0014_F40A3334_field_0004State	4	CASE_0=0;CASE_1=1;CASE_2=2;CASE_3=3
AnonNested_0052A7B0_0014_0177A204_field_0000State	4	CASE_1=1;CASE_2=2;CASE_3=3;CASE_4=4;CASE_5=5
AnonNested_0052A7B0_0014_0177A204_field_0004State	4	CASE_0=0;CASE_1=1;CASE_2=2;CASE_3=3
AnonNested_0052A890_0014_9BCDCE5B_field_0000State	4	CASE_1=1;CASE_2=2;CASE_3=3;CASE_4=4
AnonNested_0052A890_0014_9BCDCE5B_field_0004State	4	CASE_0=0;CASE_1=1;CASE_2=2;CASE_3=3
AnonShape_0048A910_6D6DD7B1_field_06F7State	4	CASE_1=1;CASE_2=2;CASE_3=3;CASE_4=4;CASE_5=5;CASE_6=6;CASE_7=7;CASE_8=8;CASE_9=9;CASE_A=10;CASE_B=11;CASE_C=12;CASE_D=13;CASE_E=14;CASE_F=15;CASE_10=16;CASE_11=17;CASE_12=18;CASE_13=19;CASE_14=20;CASE_15=21;CASE_16=22;CASE_17=23;CASE_18=24;CASE_19=25;CASE_1A=26;CASE_1B=27;CASE_1C=28;CASE_1D=29;CASE_1E=30;CASE_1F=31;CASE_20=32;CASE_21=33;CASE_22=34;CASE_23=35;CASE_24=36;CASE_25=37;CASE_26=38;CASE_27=39;CASE_28=40
AnonShape_004B8C00_93076312_field_0245State	4	CASE_0=0;CASE_1=1;CASE_2=2;CASE_3=3;CASE_4=4;CASE_5=5;CASE_6=6
AnonShape_004CC130_08293212_field_05ACState	4	CASE_32=50;CASE_40=64;CASE_45=69;CASE_49=73;CASE_4E=78;CASE_52=82;CASE_5C=92;CASE_5F=95;CASE_69=105;CASE_70=112;CASE_72=114
AnonShape_004D8DB0_597A2A4F_field_0245State	4	CASE_0=0;CASE_1=1;CASE_5=5;CASE_6=6
AnonShape_004D9000_7AA66E43_field_0245State	4	CASE_0=0;CASE_1=1;CASE_5=5;CASE_6=6
AnonShape_004D9C80_80F657D3_field_0245State	4	CASE_0=0;CASE_1=1;CASE_3=3;CASE_4=4;CASE_5=5;CASE_6=6
AnonShape_004E0040_648F9827_field_05ACState	4	CASE_38=56;CASE_39=57;CASE_4F=79;CASE_5E=94;CASE_61=97
AnonShape_004E0250_5A3B9236_field_05ACState	4	CASE_38=56;CASE_39=57;CASE_4F=79;CASE_5E=94;CASE_61=97
AnonShape_004E04A0_3A5B2D2E_field_04E8State	4	CASE_0=0;CASE_1=1;CASE_2=2;CASE_3=3
AnonShape_004EAF90_D23494A9_field_04D0State	4	CASE_0=0;CASE_1=1;CASE_2=2;CASE_3=3
AnonShape_004F2560_DB98CB49_field_001EState	2	CASE_A3=163;CASE_A8=168;CASE_B2=178;CASE_BE=190;CASE_FF=255
AnonShape_005105E0_BBFE3E3B_field_0014State	4	CASE_0=0;CASE_1=1;CASE_2=2;CASE_3=3
AnonShape_0058BD90_DCBCF849_field_0231State	4	CASE_0=0;CASE_2=2;CASE_3=3;CASE_4=4;CASE_6=6
AnonShape_005EE6E0_AB6798ED_field_023AState	4	CASE_0=0;CASE_1=1;CASE_2=2;CASE_3=3;CASE_4=4;CASE_5=5;CASE_6=6;CASE_7=7;CASE_8=8
AnonShape_005F0620_60AA17CE_field_02B1State	4	CASE_0=0;CASE_1=1;CASE_2=2;CASE_3=3;CASE_4=4;CASE_5=5
AnonShape_005FB030_9C7404C6_field_02DDState	4	CASE_1=1;CASE_2=2;CASE_3=3;CASE_4=4;CASE_5=5;CASE_6=6;CASE_8=8;CASE_9=9;CASE_A=10;CASE_B=11;CASE_C=12
AnonShape_0060A000_715F6478_field_020DState	4	CASE_0=0;CASE_2=2;CASE_3=3;CASE_4=4
AnonShape_0060AA00_19A5DB50_field_020DState	4	CASE_1=1;CASE_2=2;CASE_3=3;CASE_4=4
AnonShape_0062AF90_A19AAC76_field_0015State	1	CASE_1=1;CASE_2=2;CASE_8=8;CASE_10=16;CASE_20=32;CASE_40=64;CASE_80=128
AnonShape_00632E30_A9A0278F_field_0011State	4	CASE_0=0;CASE_1=1;CASE_2=2;CASE_3=3;CASE_4=4
AnonShape_006DC320_0C876EFA_field_00A8State	4	CASE_0=0;CASE_1=1;CASE_2=2;CASE_3=3
AnonShape_006E1EE0_698AE49A_field_0024State	4	CASE_1=1;CASE_2=2;CASE_3=3;CASE_4=4
ButtonClassTy_field_0020State	4	CASE_1=1;CASE_2=2;CASE_3=3;CASE_4=4;CASE_5=5;CASE_6=6;CASE_7=7
CPanelTy_GetMessage_DAT_0080c4f7Enum	2	CASE_1=1;CASE_2=2;CASE_3=3;CASE_4=4
CPanelTy_field_023FState	2	CASE_1=1;CASE_2=2;CASE_3=3;CASE_4=4;CASE_5=5;CASE_6=6
CPanelTy_field_0260State	1	CASE_1=1;CASE_3=3;CASE_4=4;CASE_5=5
CPanelTy_field_0B99State	4	CASE_8=8;CASE_9=9;CASE_14=20;CASE_15=21;CASE_16=22;CASE_17=23;CASE_1A=26;CASE_1B=27;CASE_1D=29;CASE_23=35;CASE_24=36;CASE_25=37;CASE_A6=166;CASE_A7=167;CASE_AF=175;CASE_BD=189
CPanelTy_field_0B9EState	1	CASE_0=0;CASE_1=1;CASE_2=2;CASE_3=3;CASE_4=4;CASE_8=8;CASE_9=9;CASE_14=20;CASE_15=21;CASE_16=22;CASE_17=23;CASE_1A=26;CASE_1B=27;CASE_1D=29;CASE_23=35;CASE_24=36;CASE_25=37;CASE_A6=166;CASE_A7=167;CASE_AF=175;CASE_BD=189
CPanelTy_field_0BF5State	4	CASE_0=0;CASE_1=1;CASE_2=2;CASE_3=3;CASE_4=4;CASE_32=50;CASE_33=51;CASE_34=52;CASE_35=53;CASE_36=54;CASE_37=55;CASE_38=56;CASE_39=57;CASE_3A=58;CASE_3B=59;CASE_3C=60;CASE_3D=61;CASE_3E=62;CASE_3F=63;CASE_40=64;CASE_41=65;CASE_42=66;CASE_43=67;CASE_44=68;CASE_45=69;CASE_46=70;CASE_47=71;CASE_48=72;CASE_49=73;CASE_4A=74;CASE_4B=75;CASE_4C=76;CASE_4D=77;CASE_4E=78;CASE_4F=79;CASE_50=80;CASE_51=81;CASE_52=82;CASE_53=83;CASE_54=84;CASE_55=85;CASE_56=86;CASE_57=87;CASE_58=88;CASE_59=89;CASE_5A=90;CASE_5B=91;CASE_5C=92;CASE_5D=93;CASE_5E=94;CASE_5F=95;CASE_61=97;CASE_62=98;CASE_63=99;CASE_64=100;CASE_65=101;CASE_67=103;CASE_68=104;CASE_6D=109;CASE_6E=110;CASE_6F=111;CASE_70=112;CASE_72=114;CASE_73=115;CASE_DD=221;CASE_DE=222;CASE_E0=224;CASE_FD=253;CASE_FE=254
CPanelTy_field_0BFAState	1	CASE_0=0;CASE_1=1;CASE_3=3;CASE_4=4;CASE_53=83;CASE_54=84;CASE_55=85;CASE_56=86;CASE_57=87;CASE_58=88;CASE_59=89;CASE_5A=90;CASE_5B=91;CASE_5C=92;CASE_5D=93;CASE_5E=94;CASE_61=97;CASE_62=98;CASE_63=99;CASE_64=100;CASE_67=103;CASE_68=104;CASE_6D=109;CASE_6E=110;CASE_70=112;CASE_72=114;CASE_73=115
CPanelTy_field_0C11State	1	CASE_0=0;CASE_1=1;CASE_2=2;CASE_3=3;CASE_4=4
CPanelTy_field_0C29State	1	CASE_0=0;CASE_21=33;CASE_28=40;CASE_FF=255
CPanelTy_field_0C3CState	1	CASE_0=0;CASE_1=1;CASE_2=2;CASE_3=3;CASE_4=4
CPanelTy_sub_004FA870_param_1Enum	1	CASE_1=1;CASE_2=2;CASE_4=4;CASE_5=5;CASE_6=6;CASE_7=7;CASE_E=14;CASE_F=15
CPanelTy_sub_004FAB10_param_1Enum	1	CASE_1=1;CASE_2=2;CASE_3=3;CASE_4=4;CASE_5=5;CASE_6=6;CASE_7=7;CASE_8=8;CASE_9=9;CASE_A=10;CASE_B=11;CASE_C=12;CASE_D=13;CASE_E=14;CASE_F=15;CASE_10=16;CASE_11=17;CASE_12=18
CPanelTy_sub_005050B0_param_1Enum	1	CASE_0=0;CASE_1=1;CASE_2=2;CASE_3=3;CASE_4=4;CASE_5=5
CampaignTy_field_1BE8State	4	CASE_0=0;CASE_1=1;CASE_2=2;CASE_3=3;CASE_4=4;CASE_5=5;CASE_6=6;CASE_7=7;CASE_8=8
ChooseMapTy_InitChooseMap_param_2Enum	1	CASE_1=1;CASE_2=2;CASE_4=4;CASE_5=5;CASE_6=6;CASE_7=7;CASE_C=12;CASE_14=20
ChooseMapTy_NoneChooseMap_DAT_00803400Enum	1	CASE_4=4;CASE_5=5;CASE_C=12;CASE_14=20;CASE_15=21
CursorClassTy_SetGCType_param_1Enum	2	CASE_0=0;CASE_1=1;CASE_2=2;CASE_3=3;CASE_4=4;CASE_5=5;CASE_6=6;CASE_7=7;CASE_8=8;CASE_9=9;CASE_A=10;CASE_B=11;CASE_C=12;CASE_D=13;CASE_E=14;CASE_F=15;CASE_10=16;CASE_11=17;CASE_12=18;CASE_13=19;CASE_14=20;CASE_15=21;CASE_16=22;CASE_17=23;CASE_18=24;CASE_19=25;CASE_1A=26;CASE_1B=27;CASE_1C=28;CASE_1D=29;CASE_1E=30;CASE_1F=31;CASE_32=50;CASE_33=51;CASE_34=52;CASE_35=53;CASE_36=54;CASE_37=55;CASE_38=56;CASE_39=57;CASE_3C=60;CASE_3D=61;CASE_3E=62;CASE_3F=63;CASE_40=64;CASE_41=65;CASE_42=66;CASE_43=67;CASE_46=70;CASE_47=71;CASE_48=72;CASE_58=88
CursorClassTy_field_00CDState	4	CASE_0=0;CASE_1=1;CASE_2=2;CASE_3=3;CASE_4=4
CursorClassTy_field_00DEState	1	CASE_0=0;CASE_1=1;CASE_2=2;CASE_3=3;CASE_4=4;CASE_5=5
CursorClassTy_field_0493State	1	CASE_1=1;CASE_3=3;CASE_4=4;CASE_5=5
CursorClassTy_field_0494State	2	CASE_C=12;CASE_F=15;CASE_18=24;CASE_48=72;CASE_58=88
CursorClassTy_field_04A2State	4	CASE_3=3;CASE_5=5;CASE_A=10;CASE_E=14;CASE_2B=43;CASE_2C=44;CASE_4E=78
FSGSTy_field_0065State	1	CASE_1=1;CASE_2=2;CASE_3=3;CASE_4=4;CASE_5=5;CASE_6=6;CASE_7=7;CASE_8=8;CASE_9=9;CASE_A=10
Global_mfRLoad_param_2Enum	1	CASE_0=0;CASE_1=1;CASE_2=2;CASE_4=4;CASE_5=5;CASE_6=6;CASE_7=7;CASE_8=8;CASE_B=11;CASE_E=14;CASE_12=18;CASE_13=19;CASE_15=21;CASE_16=22;CASE_1C=28;CASE_1D=29;CASE_1E=30;CASE_1F=31
Global_sub_00413170_DAT_007f4d08Enum	4	CASE_0=0;CASE_1=1;CASE_2=2;CASE_3=3;CASE_4=4;CASE_5=5;CASE_6=6;CASE_7=7
Global_sub_004248D0_param_5Enum	4	CASE_0=0;CASE_1=1;CASE_2=2;CASE_3=3
Global_sub_004248D0_param_6Enum	4	CASE_0=0;CASE_1=1;CASE_2=2;CASE_3=3
Global_sub_00430750_param_1Enum	4	CASE_1=1;CASE_2=2;CASE_3=3;CASE_4=4;CASE_5=5;CASE_6=6;CASE_7=7;CASE_8=8;CASE_9=9;CASE_A=10;CASE_B=11;CASE_C=12;CASE_D=13;CASE_E=14;CASE_F=15;CASE_10=16;CASE_11=17;CASE_12=18;CASE_13=19;CASE_14=20;CASE_15=21;CASE_16=22;CASE_17=23;CASE_18=24;CASE_19=25;CASE_1A=26;CASE_1B=27;CASE_1C=28;CASE_1D=29;CASE_1E=30;CASE_1F=31;CASE_20=32;CASE_21=33;CASE_22=34;CASE_23=35;CASE_24=36;CASE_25=37;CASE_26=38;CASE_27=39;CASE_28=40;CASE_96=150;CASE_97=151;CASE_98=152;CASE_99=153;CASE_9A=154;CASE_9B=155;CASE_9C=156;CASE_9D=157;CASE_9E=158;CASE_9F=159;CASE_A0=160;CASE_A1=161;CASE_A3=163;CASE_A4=164;CASE_A5=165;CASE_AB=171;CASE_AC=172;CASE_AD=173;CASE_AE=174;CASE_B4=180;CASE_B6=182;CASE_B7=183;CASE_B8=184;CASE_B9=185;CASE_BA=186;CASE_BF=191
Global_sub_00435B90_param_3Enum	4	CASE_0=0;CASE_2=2;CASE_3=3;CASE_4=4;CASE_5=5;CASE_6=6;CASE_7=7;CASE_8=8;CASE_9=9;CASE_A=10;CASE_D=13;CASE_E=14;CASE_10=16;CASE_11=17;CASE_12=18;CASE_13=19;CASE_18=24;CASE_2B=43;CASE_2D=45;CASE_4D=77;CASE_4E=78
Global_sub_0043E640_param_2Enum	4	CASE_38=56;CASE_39=57;CASE_4F=79;CASE_5E=94
Global_sub_0043E9A0_param_2Enum	4	CASE_38=56;CASE_39=57;CASE_4F=79;CASE_5E=94
Global_sub_0043EC20_param_2Enum	4	CASE_38=56;CASE_39=57;CASE_4F=79;CASE_5E=94
Global_sub_0043FC50_param_1Enum	1	CASE_1=1;CASE_2=2;CASE_4=4;CASE_5=5;CASE_6=6;CASE_7=7;CASE_8=8;CASE_9=9;CASE_A=10;CASE_B=11;CASE_C=12;CASE_D=13;CASE_E=14;CASE_F=15;CASE_10=16;CASE_11=17;CASE_12=18;CASE_13=19
Global_sub_0044D320_param_1Enum	4	CASE_1=1;CASE_2=2;CASE_4=4;CASE_8=8;CASE_10=16;CASE_28=40
Global_sub_004A8E00_DAT_008073fcEnum	4	CASE_0=0;CASE_1=1;CASE_2=2;CASE_3=3
Global_sub_004AE0B0_param_4Enum	4	CASE_0=0;CASE_1=1;CASE_2=2;CASE_38=56;CASE_39=57;CASE_4F=79;CASE_5E=94;CASE_61=97
Global_sub_004AFFA0_param_2Enum	4	CASE_38=56;CASE_39=57;CASE_4F=79;CASE_5E=94;CASE_61=97
Global_sub_004B1120_param_2Enum	4	CASE_38=56;CASE_39=57;CASE_4F=79;CASE_5E=94;CASE_61=97
Global_sub_004B1FB0_param_1Enum	4	CASE_5E=94;CASE_61=97;CASE_DC=220;CASE_DD=221;CASE_DE=222
Global_sub_004B6E30_param_2Enum	4	CASE_0=0;CASE_1=1;CASE_2=2;CASE_3=3;CASE_4=4;CASE_5=5
Global_sub_004B7350_param_2Enum	4	CASE_32=50;CASE_33=51;CASE_34=52;CASE_35=53;CASE_36=54;CASE_37=55;CASE_38=56;CASE_39=57;CASE_3A=58;CASE_3B=59;CASE_3C=60;CASE_3D=61;CASE_3E=62;CASE_3F=63;CASE_40=64;CASE_41=65;CASE_42=66;CASE_43=67;CASE_44=68;CASE_45=69;CASE_46=70;CASE_47=71;CASE_48=72;CASE_49=73;CASE_4A=74;CASE_4B=75;CASE_4C=76;CASE_4D=77;CASE_4E=78;CASE_4F=79;CASE_50=80;CASE_51=81;CASE_52=82;CASE_53=83;CASE_54=84;CASE_55=85;CASE_56=86;CASE_57=87;CASE_58=88;CASE_59=89;CASE_5A=90;CASE_5B=91;CASE_5C=92;CASE_5D=93;CASE_5E=94;CASE_5F=95;CASE_60=96;CASE_61=97;CASE_62=98;CASE_63=99;CASE_64=100;CASE_65=101;CASE_66=102;CASE_67=103;CASE_68=104;CASE_69=105;CASE_6A=106;CASE_6B=107;CASE_6C=108;CASE_6D=109;CASE_6E=110;CASE_6F=111;CASE_70=112;CASE_71=113;CASE_72=114;CASE_73=115;CASE_78=120
Global_sub_004B7520_param_2Enum	4	CASE_32=50;CASE_33=51;CASE_34=52;CASE_35=53;CASE_36=54;CASE_37=55;CASE_38=56;CASE_39=57;CASE_3A=58;CASE_3B=59;CASE_3C=60;CASE_3D=61;CASE_3E=62;CASE_3F=63;CASE_40=64;CASE_41=65;CASE_42=66;CASE_43=67;CASE_44=68;CASE_45=69;CASE_46=70;CASE_47=71;CASE_48=72;CASE_49=73;CASE_4A=74;CASE_4B=75;CASE_4C=76;CASE_4D=77;CASE_4E=78;CASE_4F=79;CASE_50=80;CASE_51=81;CASE_52=82;CASE_53=83;CASE_54=84;CASE_55=85;CASE_56=86;CASE_57=87;CASE_58=88;CASE_59=89;CASE_5A=90;CASE_5B=91;CASE_5C=92;CASE_5D=93;CASE_5E=94;CASE_5F=95;CASE_60=96;CASE_61=97;CASE_62=98;CASE_63=99;CASE_64=100;CASE_65=101;CASE_66=102;CASE_67=103;CASE_68=104;CASE_69=105;CASE_6A=106;CASE_6B=107;CASE_6C=108;CASE_6D=109;CASE_6E=110;CASE_6F=111;CASE_70=112;CASE_71=113;CASE_72=114;CASE_73=115;CASE_78=120
Global_sub_004C21A0_param_1Enum	4	CASE_0=0;CASE_2=2;CASE_3=3;CASE_E=14;CASE_17=23;CASE_19=25;CASE_1A=26;CASE_26=38;CASE_2A=42;CASE_34=52;CASE_37=55;CASE_42=66;CASE_43=67
Global_sub_004C2950_param_3Enum	4	CASE_8=8;CASE_9=9;CASE_C=12;CASE_D=13;CASE_E=14
Global_sub_004C7730_param_1Enum	4	CASE_1=1;CASE_2=2;CASE_4=4;CASE_5=5;CASE_6=6;CASE_8=8
Global_sub_004CFBE0_param_1Enum	4	CASE_8=8;CASE_9=9;CASE_D=13;CASE_E=14
Global_sub_004DE1E0_param_1Enum	4	CASE_0=0;CASE_1=1;CASE_2=2;CASE_3=3;CASE_4=4;CASE_5=5;CASE_6=6;CASE_7=7;CASE_8=8;CASE_9=9
Global_sub_004DE300_param_1Enum	4	CASE_0=0;CASE_1=1;CASE_2=2;CASE_3=3;CASE_4=4;CASE_5=5;CASE_6=6;CASE_7=7
Global_sub_004E80F0_param_2Enum	4	CASE_A3=163;CASE_A8=168;CASE_B2=178;CASE_BE=190
Global_sub_004EC700_param_1Enum	4	CASE_7=7;CASE_8=8;CASE_9=9;CASE_D=13;CASE_E=14
Global_sub_004EC900_param_1Enum	4	CASE_8=8;CASE_9=9;CASE_D=13;CASE_E=14
Global_sub_004F19D0_param_2Enum	1	CASE_1=1;CASE_2=2;CASE_3=3;CASE_4=4;CASE_5=5
Global_sub_005121F0_param_1Enum	4	CASE_F2=242;CASE_F3=243;CASE_F4=244;CASE_F5=245;CASE_F6=246;CASE_F7=247;CASE_F8=248;CASE_F9=249;CASE_FA=250;CASE_FB=251
Global_sub_00523410_param_1Enum	4	CASE_1=1;CASE_2=2;CASE_3=3;CASE_4=4;CASE_5=5;CASE_6=6;CASE_7=7;CASE_8=8;CASE_9=9;CASE_A=10;CASE_B=11;CASE_C=12;CASE_D=13;CASE_E=14;CASE_F=15;CASE_10=16;CASE_11=17;CASE_12=18;CASE_13=19;CASE_14=20;CASE_15=21;CASE_16=22;CASE_17=23;CASE_18=24;CASE_19=25;CASE_1A=26;CASE_1B=27;CASE_1C=28;CASE_1D=29;CASE_1E=30;CASE_1F=31;CASE_20=32;CASE_21=33;CASE_22=34;CASE_23=35;CASE_24=36;CASE_25=37;CASE_26=38;CASE_27=39;CASE_28=40;CASE_2B=43;CASE_32=50;CASE_33=51;CASE_34=52;CASE_35=53;CASE_36=54;CASE_37=55;CASE_38=56;CASE_39=57;CASE_3A=58;CASE_3B=59;CASE_3C=60;CASE_3D=61;CASE_3E=62;CASE_3F=63;CASE_40=64;CASE_41=65;CASE_42=66;CASE_43=67;CASE_44=68;CASE_45=69;CASE_46=70;CASE_47=71;CASE_48=72;CASE_49=73;CASE_4A=74;CASE_4B=75;CASE_4C=76;CASE_4D=77;CASE_4E=78;CASE_4F=79;CASE_50=80;CASE_51=81;CASE_52=82;CASE_53=83;CASE_54=84;CASE_55=85;CASE_56=86;CASE_57=87;CASE_58=88;CASE_59=89;CASE_5A=90;CASE_5B=91;CASE_5C=92;CASE_5D=93;CASE_5E=94;CASE_5F=95;CASE_60=96;CASE_61=97;CASE_62=98;CASE_63=99;CASE_64=100;CASE_65=101;CASE_66=102;CASE_67=103;CASE_68=104;CASE_69=105;CASE_6A=106;CASE_6B=107;CASE_6C=108;CASE_6D=109;CASE_6E=110;CASE_6F=111;CASE_70=112;CASE_71=113;CASE_72=114;CASE_73=115;CASE_A6=166;CASE_A7=167;CASE_AF=175;CASE_BD=189;CASE_DD=221;CASE_DE=222;CASE_E0=224;CASE_E6=230;CASE_E7=231;CASE_E8=232;CASE_E9=233;CASE_EA=234;CASE_EB=235;CASE_F2=242;CASE_F3=243;CASE_F4=244;CASE_F5=245;CASE_F6=246;CASE_F7=247;CASE_F8=248;CASE_F9=249;CASE_FA=250;CASE_FB=251;CASE_FD=253;CASE_FE=254
Global_sub_00524FE0_param_1Enum	2	CASE_96=150;CASE_97=151;CASE_98=152;CASE_99=153;CASE_9A=154;CASE_9C=156;CASE_9D=157;CASE_9E=158;CASE_9F=159;CASE_A0=160;CASE_A1=161;CASE_A3=163;CASE_A4=164;CASE_A6=166;CASE_A7=167;CASE_A8=168;CASE_A9=169;CASE_AB=171;CASE_AC=172;CASE_AD=173;CASE_AE=174;CASE_AF=175;CASE_B0=176;CASE_B2=178;CASE_B3=179;CASE_B5=181;CASE_B6=182;CASE_B7=183;CASE_B8=184;CASE_BA=186;CASE_BC=188;CASE_BD=189;CASE_BE=190;CASE_BF=191;CASE_C0=192;CASE_C1=193;CASE_DD=221;CASE_DE=222
Global_sub_005252C0_param_1Enum	4	CASE_AF=175;CASE_B0=176;CASE_B6=182;CASE_B7=183;CASE_B8=184;CASE_B9=185
Global_sub_00525390_param_1Enum	1	CASE_1=1;CASE_2=2;CASE_3=3;CASE_4=4;CASE_5=5;CASE_6=6;CASE_7=7;CASE_8=8;CASE_9=9;CASE_A=10;CASE_B=11;CASE_C=12;CASE_D=13;CASE_E=14;CASE_F=15;CASE_10=16;CASE_11=17;CASE_12=18;CASE_13=19;CASE_14=20;CASE_15=21;CASE_16=22;CASE_17=23;CASE_18=24;CASE_19=25;CASE_1A=26;CASE_1B=27;CASE_1C=28;CASE_1D=29;CASE_1E=30;CASE_1F=31;CASE_20=32;CASE_21=33;CASE_22=34;CASE_23=35;CASE_24=36;CASE_25=37;CASE_26=38;CASE_27=39;CASE_28=40;CASE_29=41;CASE_2A=42;CASE_2B=43;CASE_2C=44;CASE_2D=45;CASE_2E=46;CASE_2F=47;CASE_30=48;CASE_31=49;CASE_32=50;CASE_33=51;CASE_34=52;CASE_35=53;CASE_36=54;CASE_37=55;CASE_38=56;CASE_39=57;CASE_3A=58;CASE_3B=59;CASE_3C=60;CASE_3D=61;CASE_3E=62;CASE_3F=63;CASE_40=64;CASE_41=65;CASE_42=66;CASE_43=67;CASE_44=68;CASE_45=69;CASE_46=70;CASE_47=71;CASE_48=72;CASE_49=73;CASE_4A=74;CASE_4B=75;CASE_4C=76;CASE_4D=77;CASE_4F=79;CASE_50=80;CASE_51=81;CASE_52=82
Global_sub_00525390_param_2Enum	4	CASE_9=9;CASE_15=21;CASE_36=54;CASE_3D=61;CASE_3E=62;CASE_3F=63;CASE_46=70;CASE_47=71;CASE_4A=74;CASE_4B=75;CASE_4D=77
Global_sub_00525890_param_1Enum	4	CASE_36=54;CASE_37=55;CASE_41=65;CASE_43=67;CASE_45=69;CASE_48=72;CASE_4C=76;CASE_4D=77;CASE_4E=78;CASE_6F=111
Global_sub_005259B0_param_1Enum	2	CASE_96=150;CASE_97=151;CASE_98=152;CASE_99=153;CASE_9A=154;CASE_9C=156;CASE_9D=157;CASE_9E=158;CASE_9F=159;CASE_A0=160;CASE_A3=163;CASE_A4=164;CASE_A6=166;CASE_A7=167;CASE_A8=168;CASE_A9=169;CASE_AB=171;CASE_AC=172;CASE_AD=173;CASE_AE=174;CASE_AF=175;CASE_B0=176;CASE_B2=178;CASE_B3=179;CASE_B5=181;CASE_B6=182;CASE_B7=183;CASE_B8=184;CASE_BA=186;CASE_BC=188;CASE_BD=189;CASE_BE=190;CASE_BF=191;CASE_FF=255
Global_sub_00525CA0_param_1Enum	2	CASE_96=150;CASE_97=151;CASE_98=152;CASE_99=153;CASE_9A=154;CASE_9C=156;CASE_9D=157;CASE_9E=158;CASE_9F=159;CASE_A0=160;CASE_A1=161;CASE_A3=163;CASE_A4=164;CASE_A6=166;CASE_A7=167;CASE_A8=168;CASE_A9=169;CASE_AB=171;CASE_AC=172;CASE_AD=173;CASE_AE=174;CASE_AF=175;CASE_B0=176;CASE_B2=178;CASE_B3=179;CASE_B5=181;CASE_B6=182;CASE_B7=183;CASE_B8=184;CASE_BA=186;CASE_BC=188;CASE_BD=189;CASE_BE=190;CASE_BF=191;CASE_C0=192;CASE_C1=193
Global_sub_00525EF0_param_1Enum	1	CASE_0=0;CASE_1=1;CASE_2=2;CASE_3=3;CASE_4=4;CASE_5=5
Global_sub_00525EF0_param_2Enum	1	CASE_0=0;CASE_1=1;CASE_2=2;CASE_3=3;CASE_4=4;CASE_5=5
Global_sub_00526BA0_param_1Enum	4	CASE_1=1;CASE_2=2;CASE_3=3;CASE_4=4;CASE_5=5;CASE_6=6;CASE_7=7;CASE_8=8;CASE_9=9;CASE_A=10;CASE_B=11;CASE_C=12;CASE_D=13;CASE_E=14;CASE_F=15;CASE_10=16;CASE_11=17;CASE_12=18;CASE_13=19;CASE_14=20;CASE_15=21;CASE_16=22;CASE_17=23;CASE_18=24;CASE_19=25;CASE_1A=26;CASE_1B=27;CASE_1C=28;CASE_1D=29;CASE_1E=30;CASE_1F=31;CASE_20=32;CASE_21=33;CASE_22=34;CASE_23=35;CASE_24=36;CASE_25=37;CASE_26=38;CASE_27=39;CASE_28=40;CASE_2B=43;CASE_31=49;CASE_32=50;CASE_33=51;CASE_34=52;CASE_35=53;CASE_36=54;CASE_37=55;CASE_38=56;CASE_39=57;CASE_3A=58;CASE_3B=59;CASE_3C=60;CASE_3D=61;CASE_3E=62;CASE_3F=63;CASE_40=64;CASE_41=65;CASE_42=66;CASE_43=67;CASE_44=68;CASE_45=69;CASE_46=70;CASE_47=71;CASE_48=72;CASE_49=73;CASE_4A=74;CASE_4B=75;CASE_4C=76;CASE_4D=77;CASE_4E=78;CASE_4F=79;CASE_50=80;CASE_51=81;CASE_52=82;CASE_53=83;CASE_54=84;CASE_55=85;CASE_56=86;CASE_57=87;CASE_58=88;CASE_59=89;CASE_5A=90;CASE_5B=91;CASE_5C=92;CASE_5D=93;CASE_5E=94;CASE_5F=95;CASE_60=96;CASE_61=97;CASE_62=98;CASE_63=99;CASE_64=100;CASE_65=101;CASE_66=102;CASE_67=103;CASE_68=104;CASE_69=105;CASE_6A=106;CASE_6B=107;CASE_6C=108;CASE_6D=109;CASE_6E=110;CASE_6F=111;CASE_70=112;CASE_71=113;CASE_72=114;CASE_73=115;CASE_FD=253;CASE_FE=254
Global_sub_005272B0_param_1Enum	1	CASE_1=1;CASE_2=2;CASE_3=3;CASE_4=4;CASE_5=5;CASE_6=6;CASE_7=7;CASE_8=8;CASE_9=9;CASE_A=10;CASE_B=11;CASE_C=12;CASE_D=13;CASE_E=14;CASE_10=16;CASE_11=17;CASE_12=18;CASE_13=19;CASE_14=20;CASE_15=21;CASE_16=22;CASE_17=23;CASE_18=24;CASE_19=25;CASE_1A=26;CASE_1B=27;CASE_1C=28;CASE_1D=29;CASE_1E=30;CASE_1F=31;CASE_20=32;CASE_21=33;CASE_22=34;CASE_23=35;CASE_24=36;CASE_25=37;CASE_26=38;CASE_27=39;CASE_28=40;CASE_29=41;CASE_2A=42;CASE_2B=43;CASE_2C=44;CASE_2D=45;CASE_2F=47;CASE_30=48;CASE_31=49;CASE_32=50;CASE_33=51;CASE_34=52;CASE_35=53;CASE_36=54;CASE_37=55;CASE_38=56;CASE_39=57;CASE_3A=58;CASE_3B=59;CASE_3C=60;CASE_3D=61;CASE_3E=62;CASE_3F=63;CASE_40=64;CASE_41=65;CASE_42=66;CASE_43=67;CASE_44=68;CASE_45=69;CASE_46=70;CASE_47=71;CASE_48=72;CASE_49=73;CASE_4A=74;CASE_4B=75;CASE_4C=76;CASE_4D=77;CASE_4F=79;CASE_50=80;CASE_51=81;CASE_52=82
Global_sub_005276E0_param_1Enum	1	CASE_0=0;CASE_1=1;CASE_2=2;CASE_3=3;CASE_4=4;CASE_5=5;CASE_6=6;CASE_7=7;CASE_8=8;CASE_9=9;CASE_A=10;CASE_B=11;CASE_C=12;CASE_D=13;CASE_E=14;CASE_F=15;CASE_10=16;CASE_11=17;CASE_12=18;CASE_13=19;CASE_14=20;CASE_15=21;CASE_16=22;CASE_17=23;CASE_18=24;CASE_19=25;CASE_1A=26;CASE_1B=27;CASE_1C=28;CASE_1D=29;CASE_1E=30;CASE_1F=31;CASE_20=32;CASE_21=33;CASE_22=34;CASE_23=35;CASE_24=36;CASE_25=37;CASE_26=38;CASE_27=39;CASE_28=40;CASE_29=41;CASE_2A=42;CASE_2B=43;CASE_2C=44;CASE_2D=45;CASE_2E=46;CASE_2F=47;CASE_30=48;CASE_31=49;CASE_32=50;CASE_33=51;CASE_34=52;CASE_35=53;CASE_36=54;CASE_37=55;CASE_38=56;CASE_39=57;CASE_3A=58;CASE_3B=59;CASE_3C=60;CASE_3D=61;CASE_3E=62;CASE_3F=63;CASE_40=64;CASE_41=65;CASE_42=66;CASE_43=67;CASE_44=68;CASE_45=69;CASE_46=70;CASE_47=71;CASE_48=72;CASE_49=73;CASE_4A=74;CASE_4B=75;CASE_4C=76;CASE_4D=77;CASE_4E=78;CASE_4F=79;CASE_50=80;CASE_51=81;CASE_52=82;CASE_53=83;CASE_54=84;CASE_55=85;CASE_56=86;CASE_57=87;CASE_58=88;CASE_59=89;CASE_5A=90;CASE_5B=91;CASE_5C=92;CASE_5D=93;CASE_5E=94;CASE_5F=95;CASE_60=96;CASE_61=97;CASE_62=98;CASE_63=99;CASE_64=100;CASE_65=101;CASE_66=102;CASE_67=103;CASE_68=104;CASE_69=105;CASE_6A=106;CASE_6B=107;CASE_6C=108;CASE_6D=109;CASE_6E=110;CASE_6F=111;CASE_70=112;CASE_71=113;CASE_72=114;CASE_73=115;CASE_74=116;CASE_75=117;CASE_76=118;CASE_77=119;CASE_78=120;CASE_79=121;CASE_7A=122;CASE_7B=123;CASE_7C=124;CASE_7D=125;CASE_7E=126;CASE_7F=127;CASE_80=128;CASE_81=129;CASE_82=130;CASE_83=131;CASE_84=132;CASE_85=133;CASE_86=134;CASE_87=135;CASE_88=136;CASE_89=137;CASE_8A=138;CASE_8B=139;CASE_8C=140;CASE_8D=141;CASE_8E=142;CASE_8F=143;CASE_90=144;CASE_91=145;CASE_92=146;CASE_93=147;CASE_94=148;CASE_95=149;CASE_96=150;CASE_97=151;CASE_98=152;CASE_99=153;CASE_9A=154
Global_sub_00528060_param_1Enum	1	CASE_0=0;CASE_1=1;CASE_2=2;CASE_3=3;CASE_4=4;CASE_5=5;CASE_6=6;CASE_7=7;CASE_8=8;CASE_9=9;CASE_A=10;CASE_B=11;CASE_C=12;CASE_D=13;CASE_E=14;CASE_F=15;CASE_10=16;CASE_11=17;CASE_12=18;CASE_13=19;CASE_14=20;CASE_15=21;CASE_16=22;CASE_17=23;CASE_18=24;CASE_19=25;CASE_1A=26;CASE_1B=27;CASE_1C=28;CASE_1D=29;CASE_1E=30;CASE_1F=31;CASE_20=32;CASE_21=33;CASE_22=34;CASE_23=35;CASE_24=36;CASE_25=37;CASE_26=38;CASE_27=39;CASE_28=40;CASE_29=41;CASE_2A=42;CASE_2B=43;CASE_2C=44;CASE_2D=45;CASE_2E=46;CASE_2F=47;CASE_30=48;CASE_31=49;CASE_32=50;CASE_33=51;CASE_34=52;CASE_35=53;CASE_36=54;CASE_37=55;CASE_38=56;CASE_39=57;CASE_3A=58;CASE_3B=59;CASE_3C=60;CASE_3D=61;CASE_3E=62;CASE_3F=63;CASE_40=64;CASE_41=65;CASE_42=66;CASE_43=67;CASE_44=68;CASE_45=69;CASE_46=70;CASE_47=71;CASE_48=72;CASE_49=73;CASE_4A=74;CASE_4B=75;CASE_4C=76;CASE_4D=77;CASE_4E=78;CASE_4F=79;CASE_50=80;CASE_51=81;CASE_52=82;CASE_53=83;CASE_54=84;CASE_55=85;CASE_56=86;CASE_57=87;CASE_58=88;CASE_59=89;CASE_5A=90;CASE_5B=91;CASE_5C=92;CASE_5D=93;CASE_5E=94;CASE_5F=95;CASE_60=96;CASE_61=97;CASE_62=98;CASE_63=99;CASE_64=100;CASE_65=101;CASE_66=102;CASE_67=103;CASE_68=104;CASE_69=105;CASE_6A=106;CASE_6B=107;CASE_6C=108;CASE_6D=109;CASE_6E=110;CASE_6F=111;CASE_70=112;CASE_71=113;CASE_72=114;CASE_73=115;CASE_74=116;CASE_75=117;CASE_76=118;CASE_77=119;CASE_78=120;CASE_79=121;CASE_7A=122;CASE_7B=123;CASE_7C=124;CASE_7D=125;CASE_7E=126;CASE_7F=127;CASE_80=128;CASE_81=129;CASE_82=130;CASE_83=131;CASE_84=132;CASE_85=133;CASE_86=134;CASE_87=135;CASE_88=136;CASE_89=137;CASE_8A=138;CASE_8B=139;CASE_8C=140;CASE_8D=141;CASE_8E=142;CASE_8F=143;CASE_90=144;CASE_91=145;CASE_92=146;CASE_93=147;CASE_94=148;CASE_95=149;CASE_96=150;CASE_97=151;CASE_98=152;CASE_99=153;CASE_9A=154
Global_sub_00528A30_param_1Enum	1	CASE_1=1;CASE_2=2;CASE_3=3;CASE_4=4;CASE_5=5;CASE_6=6;CASE_7=7;CASE_8=8;CASE_9=9;CASE_A=10;CASE_B=11;CASE_C=12;CASE_D=13;CASE_E=14;CASE_F=15;CASE_10=16;CASE_11=17;CASE_12=18;CASE_13=19;CASE_14=20;CASE_15=21;CASE_16=22;CASE_17=23;CASE_18=24;CASE_19=25;CASE_1A=26;CASE_1B=27;CASE_1C=28;CASE_1D=29;CASE_1E=30;CASE_1F=31;CASE_20=32;CASE_21=33;CASE_22=34;CASE_23=35;CASE_24=36;CASE_25=37;CASE_26=38;CASE_27=39;CASE_28=40;CASE_29=41;CASE_2A=42;CASE_2B=43;CASE_2C=44;CASE_2D=45;CASE_2E=46;CASE_2F=47;CASE_30=48;CASE_31=49;CASE_32=50;CASE_33=51;CASE_34=52;CASE_35=53;CASE_36=54;CASE_37=55;CASE_38=56;CASE_39=57;CASE_3A=58;CASE_3B=59;CASE_3C=60;CASE_3D=61;CASE_3E=62;CASE_3F=63;CASE_40=64;CASE_41=65;CASE_42=66;CASE_43=67;CASE_44=68;CASE_45=69;CASE_46=70;CASE_47=71;CASE_48=72;CASE_49=73;CASE_4A=74;CASE_4B=75;CASE_4C=76;CASE_4D=77;CASE_4E=78;CASE_4F=79;CASE_50=80;CASE_51=81;CASE_52=82;CASE_53=83;CASE_54=84;CASE_55=85;CASE_56=86;CASE_57=87;CASE_58=88;CASE_59=89;CASE_5A=90;CASE_5B=91;CASE_5C=92;CASE_5D=93;CASE_5E=94;CASE_5F=95;CASE_60=96;CASE_61=97;CASE_62=98;CASE_63=99;CASE_64=100;CASE_65=101;CASE_66=102;CASE_67=103;CASE_68=104;CASE_69=105;CASE_6A=106;CASE_6B=107;CASE_6C=108;CASE_6D=109;CASE_6E=110;CASE_6F=111;CASE_70=112;CASE_71=113;CASE_72=114;CASE_73=115;CASE_74=116;CASE_75=117;CASE_76=118;CASE_77=119;CASE_78=120;CASE_79=121;CASE_7A=122;CASE_7B=123;CASE_7C=124;CASE_7D=125;CASE_7E=126;CASE_7F=127;CASE_80=128;CASE_81=129;CASE_82=130;CASE_83=131;CASE_84=132;CASE_85=133;CASE_86=134;CASE_87=135;CASE_88=136;CASE_89=137;CASE_8A=138;CASE_8B=139;CASE_8C=140;CASE_8D=141;CASE_8E=142;CASE_8F=143;CASE_91=145;CASE_92=146;CASE_93=147;CASE_94=148;CASE_95=149;CASE_96=150;CASE_97=151;CASE_98=152;CASE_99=153;CASE_9A=154
Global_sub_005293F0_param_1Enum	4	CASE_DC=220;CASE_DD=221;CASE_DE=222;CASE_DF=223;CASE_E0=224;CASE_E1=225;CASE_E2=226;CASE_E3=227
Global_sub_00529480_param_1Enum	1	CASE_0=0;CASE_1=1;CASE_2=2;CASE_3=3;CASE_4=4
Global_sub_00529500_param_1Enum	4	CASE_271D=10013;CASE_271E=10014;CASE_271F=10015;CASE_2731=10033
Global_sub_00529590_param_1Enum	1	CASE_1=1;CASE_2=2;CASE_3=3;CASE_4=4;CASE_5=5;CASE_6=6;CASE_7=7;CASE_8=8;CASE_9=9;CASE_A=10;CASE_B=11;CASE_C=12;CASE_D=13;CASE_E=14;CASE_F=15;CASE_10=16;CASE_11=17;CASE_12=18;CASE_13=19;CASE_14=20;CASE_15=21;CASE_16=22;CASE_17=23;CASE_18=24;CASE_19=25;CASE_1A=26;CASE_1B=27;CASE_1C=28;CASE_1D=29;CASE_1E=30;CASE_1F=31;CASE_20=32;CASE_21=33;CASE_22=34;CASE_23=35;CASE_24=36;CASE_25=37;CASE_26=38;CASE_27=39;CASE_28=40;CASE_29=41;CASE_2A=42;CASE_2B=43;CASE_2C=44;CASE_2D=45;CASE_2E=46;CASE_2F=47;CASE_30=48;CASE_31=49;CASE_32=50;CASE_33=51;CASE_34=52;CASE_35=53;CASE_36=54;CASE_37=55;CASE_38=56;CASE_39=57;CASE_3A=58;CASE_3B=59;CASE_3C=60;CASE_3D=61;CASE_3E=62;CASE_3F=63;CASE_40=64;CASE_41=65;CASE_42=66;CASE_43=67;CASE_44=68;CASE_45=69;CASE_46=70;CASE_47=71;CASE_48=72;CASE_49=73;CASE_4A=74;CASE_4B=75;CASE_4C=76;CASE_4D=77;CASE_4F=79;CASE_50=80;CASE_51=81;CASE_52=82
Global_sub_00529590_param_2Enum	4	CASE_9=9;CASE_15=21;CASE_36=54;CASE_3D=61;CASE_3E=62;CASE_3F=63;CASE_42=66;CASE_46=70;CASE_47=71;CASE_4A=74;CASE_4B=75;CASE_4D=77;CASE_51=81
Global_sub_00529D80_param_1Enum	4	CASE_0=0;CASE_1=1;CASE_2=2;CASE_3=3;CASE_4=4;CASE_5=5;CASE_6=6;CASE_7=7;CASE_8=8;CASE_9=9;CASE_A=10;CASE_B=11;CASE_C=12
Global_sub_005532F0_param_1Enum	4	CASE_0=0;CASE_1=1;CASE_2=2;CASE_3=3;CASE_4=4;CASE_5=5;CASE_6=6;CASE_7=7;CASE_8=8
Global_sub_0055C830_param_1Enum	4	CASE_1=1;CASE_2=2;CASE_3=3;CASE_4=4;CASE_5=5;CASE_6=6;CASE_7=7;CASE_9=9;CASE_A=10;CASE_D=13;CASE_F=15;CASE_10=16;CASE_12=18;CASE_13=19;CASE_17=23;CASE_FF=255
Global_sub_0057A140_param_2Enum	4	CASE_E6=230;CASE_E7=231;CASE_E8=232;CASE_E9=233;CASE_EA=234;CASE_EB=235;CASE_F2=242;CASE_F3=243;CASE_F4=244;CASE_F5=245;CASE_F6=246;CASE_F7=247;CASE_F8=248;CASE_F9=249;CASE_FA=250;CASE_FB=251
Global_sub_0057CBF0_param_1Enum	4	CASE_0=0;CASE_1=1;CASE_2=2;CASE_3=3
Global_sub_0057CC90_param_1Enum	4	CASE_E7=231;CASE_E8=232;CASE_E9=233;CASE_EA=234;CASE_EB=235
Global_sub_00580910_param_2Enum	4	CASE_DC=220;CASE_DD=221;CASE_DE=222;CASE_E0=224
Global_sub_005FF430_param_1Enum	4	CASE_0=0;CASE_1=1;CASE_2=2;CASE_3=3;CASE_4=4;CASE_5=5;CASE_6=6;CASE_7=7;CASE_8=8;CASE_9=9;CASE_A=10;CASE_B=11;CASE_C=12;CASE_D=13;CASE_E=14;CASE_F=15;CASE_10=16
Global_sub_00601DB0_param_1Enum	4	CASE_0=0;CASE_A6=166;CASE_A7=167;CASE_AF=175;CASE_BD=189;CASE_DC=220;CASE_DD=221;CASE_DE=222;CASE_DF=223;CASE_E0=224;CASE_FD=253;CASE_FE=254
Global_sub_00606A50_param_1Enum	4	CASE_1E=30;CASE_2D=45;CASE_3C=60;CASE_4B=75;CASE_5A=90;CASE_69=105;CASE_78=120;CASE_87=135;CASE_96=150;CASE_A5=165;CASE_C3=195;CASE_D2=210;CASE_E1=225;CASE_F0=240;CASE_FF=255;CASE_10E=270;CASE_11D=285;CASE_12C=300;CASE_13B=315;CASE_14A=330
Global_sub_00606CD0_param_1Enum	4	CASE_32=50;CASE_33=51;CASE_34=52;CASE_35=53;CASE_36=54;CASE_37=55;CASE_38=56;CASE_39=57;CASE_3A=58;CASE_3B=59;CASE_3C=60;CASE_3D=61;CASE_3E=62;CASE_3F=63;CASE_40=64;CASE_41=65;CASE_42=66;CASE_43=67;CASE_44=68;CASE_45=69;CASE_46=70;CASE_47=71;CASE_48=72;CASE_49=73;CASE_4A=74;CASE_4B=75;CASE_4C=76;CASE_4D=77;CASE_4E=78;CASE_4F=79;CASE_50=80;CASE_51=81;CASE_52=82;CASE_53=83;CASE_54=84;CASE_55=85;CASE_56=86;CASE_57=87;CASE_58=88;CASE_59=89;CASE_5A=90;CASE_5B=91;CASE_5C=92;CASE_5D=93;CASE_5E=94;CASE_5F=95;CASE_60=96;CASE_61=97;CASE_62=98;CASE_63=99;CASE_64=100;CASE_65=101;CASE_66=102;CASE_67=103;CASE_68=104;CASE_69=105;CASE_6A=106;CASE_6B=107;CASE_6C=108;CASE_6D=109;CASE_6E=110;CASE_70=112;CASE_71=113;CASE_78=120
Global_sub_00606FD0_param_1Enum	4	CASE_1=1;CASE_2=2;CASE_3=3;CASE_4=4;CASE_5=5;CASE_6=6;CASE_7=7;CASE_8=8;CASE_A=10;CASE_B=11;CASE_C=12;CASE_D=13;CASE_E=14;CASE_F=15;CASE_10=16;CASE_11=17;CASE_12=18;CASE_13=19;CASE_14=20;CASE_15=21;CASE_16=22;CASE_17=23;CASE_18=24
Global_sub_00607EE0_param_1Enum	4	CASE_1=1;CASE_2=2;CASE_3=3;CASE_4=4;CASE_5=5;CASE_6=6;CASE_7=7;CASE_8=8;CASE_9=9;CASE_A=10;CASE_B=11;CASE_C=12;CASE_D=13;CASE_E=14;CASE_F=15;CASE_10=16;CASE_11=17;CASE_12=18;CASE_13=19;CASE_14=20;CASE_15=21;CASE_16=22;CASE_17=23;CASE_18=24;CASE_19=25;CASE_1A=26;CASE_1B=27;CASE_1C=28;CASE_1D=29;CASE_1E=30;CASE_1F=31;CASE_20=32;CASE_21=33;CASE_22=34;CASE_23=35;CASE_24=36;CASE_26=38;CASE_27=39;CASE_28=40;CASE_2B=43;CASE_FD=253;CASE_FE=254
Global_sub_006141B0_param_2Enum	4	CASE_1=1;CASE_2=2;CASE_3=3;CASE_4=4;CASE_5=5;CASE_6=6;CASE_7=7;CASE_8=8
Global_sub_00615BB0_param_1Enum	4	CASE_0=0;CASE_1=1;CASE_2=2;CASE_3=3;CASE_4=4;CASE_5=5;CASE_6=6;CASE_7=7;CASE_8=8;CASE_9=9;CASE_A=10;CASE_B=11;CASE_C=12;CASE_D=13;CASE_E=14;CASE_F=15;CASE_10=16;CASE_11=17;CASE_12=18;CASE_13=19;CASE_14=20;CASE_15=21;CASE_16=22;CASE_17=23
Global_sub_0061BDB0_param_1Enum	4	CASE_0=0;CASE_1=1;CASE_2=2;CASE_3=3
Global_sub_00624570_param_1Enum	4	CASE_0=0;CASE_1=1;CASE_2=2;CASE_3=3
Global_sub_006263B0_param_1Enum	4	CASE_1=1;CASE_2=2;CASE_3=3;CASE_4=4;CASE_5=5;CASE_6=6;CASE_9=9;CASE_A=10;CASE_B=11;CASE_D=13;CASE_E=14;CASE_F=15;CASE_10=16;CASE_11=17;CASE_12=18;CASE_15=21;CASE_16=22;CASE_17=23;CASE_1C=28;CASE_1E=30;CASE_1F=31;CASE_20=32;CASE_21=33;CASE_22=34;CASE_23=35;CASE_24=36;CASE_25=37;CASE_36=54;CASE_3E=62;CASE_3F=63;CASE_42=66;CASE_46=70;CASE_47=71;CASE_4A=74;CASE_4B=75;CASE_6B=107
Global_sub_00626F10_param_1Enum	4	CASE_A6=166;CASE_A7=167;CASE_AF=175;CASE_BD=189
Global_sub_00632030_param_1Enum	4	CASE_19=25;CASE_1A=26;CASE_1B=27;CASE_1C=28;CASE_1D=29;CASE_1E=30;CASE_1F=31;CASE_20=32;CASE_21=33;CASE_22=34;CASE_23=35;CASE_24=36;CASE_25=37;CASE_28=40;CASE_53=83;CASE_54=84;CASE_55=85;CASE_56=86;CASE_57=87;CASE_58=88;CASE_59=89;CASE_5A=90;CASE_5B=91;CASE_5C=92;CASE_5D=93;CASE_5E=94;CASE_5F=95;CASE_60=96;CASE_61=97;CASE_62=98;CASE_63=99;CASE_64=100;CASE_65=101;CASE_66=102;CASE_67=103;CASE_68=104;CASE_69=105;CASE_6A=106;CASE_6B=107;CASE_6C=108;CASE_6D=109;CASE_6E=110;CASE_70=112;CASE_71=113;CASE_72=114;CASE_73=115
Global_sub_006324C0_param_1Enum	4	CASE_0=0;CASE_1=1;CASE_2=2;CASE_3=3;CASE_4=4
Global_sub_00632650_param_4Enum	4	CASE_0=0;CASE_1=1;CASE_2=2;CASE_3=3;CASE_4=4
Global_sub_00645D30_param_2Enum	4	CASE_96=150;CASE_97=151;CASE_98=152;CASE_9A=154;CASE_9F=159;CASE_A0=160;CASE_AC=172;CASE_AD=173;CASE_B0=176;CASE_B6=182;CASE_B7=183;CASE_B8=184;CASE_B9=185;CASE_BA=186;CASE_BF=191
Global_sub_0065E450_param_3Enum	4	CASE_A3=163;CASE_A8=168;CASE_B2=178;CASE_BE=190
Global_sub_006686F0_param_1Enum	4	CASE_320=800;CASE_321=801;CASE_384=900;CASE_385=901;CASE_386=902;CASE_387=903;CASE_388=904;CASE_389=905;CASE_38A=906;CASE_38C=908;CASE_38D=909;CASE_38E=910;CASE_38F=911;CASE_7D1=2001;CASE_7D2=2002;CASE_7D3=2003;CASE_7D4=2004;CASE_7D6=2006;CASE_7D7=2007;CASE_7DA=2010;CASE_7DC=2012;CASE_7DD=2013;CASE_7DE=2014;CASE_7E4=2020;CASE_7E5=2021;CASE_7E6=2022;CASE_7E7=2023;CASE_7E8=2024;CASE_7E9=2025;CASE_7EA=2026;CASE_7EB=2027;CASE_7EC=2028;CASE_7ED=2029;CASE_7EE=2030;CASE_7EF=2031;CASE_7F0=2032;CASE_7F2=2034;CASE_7F3=2035;CASE_7F4=2036;CASE_7F5=2037;CASE_7F6=2038;CASE_7F7=2039;CASE_7F8=2040;CASE_7F9=2041;CASE_7FA=2042;CASE_7FB=2043;CASE_7FC=2044;CASE_80C=2060;CASE_80D=2061;CASE_80E=2062;CASE_80F=2063;CASE_810=2064;CASE_816=2070;CASE_817=2071;CASE_818=2072;CASE_819=2073;CASE_81A=2074;CASE_81B=2075;CASE_81C=2076;CASE_81D=2077;CASE_82A=2090;CASE_82B=2091;CASE_82C=2092;CASE_82D=2093;CASE_82E=2094;CASE_82F=2095;CASE_830=2096;CASE_831=2097;CASE_848=2120;CASE_849=2121;CASE_84A=2122;CASE_84B=2123;CASE_84C=2124;CASE_84D=2125
Global_sub_00668AA0_param_1Enum	4	CASE_0=0;CASE_1=1;CASE_2=2;CASE_3=3;CASE_4=4;CASE_5=5;CASE_6=6;CASE_7=7;CASE_8=8;CASE_9=9;CASE_A=10;CASE_B=11;CASE_7F6=2038;CASE_7F7=2039;CASE_7F8=2040;CASE_7F9=2041;CASE_7FA=2042;CASE_7FB=2043;CASE_80E=2062;CASE_80F=2063;CASE_810=2064;CASE_819=2073;CASE_81B=2075;CASE_81C=2076;CASE_81D=2077;CASE_82A=2090;CASE_82B=2091;CASE_82C=2092;CASE_82E=2094;CASE_82F=2095
Global_sub_00668AA0_param_2Enum	4	CASE_0=0;CASE_1=1;CASE_2=2;CASE_3=3;CASE_4=4;CASE_5=5;CASE_6=6;CASE_7=7;CASE_8=8;CASE_9=9;CASE_A=10;CASE_B=11
Global_sub_00673D20_DAT_00811954Enum	4	CASE_7=7;CASE_11=17;CASE_12=18;CASE_1D=29
Global_sub_006753A0_param_1Enum	4	CASE_32=50;CASE_33=51;CASE_34=52;CASE_35=53;CASE_36=54;CASE_37=55;CASE_38=56;CASE_39=57;CASE_3A=58;CASE_3B=59;CASE_3C=60;CASE_3D=61;CASE_40=64;CASE_41=65;CASE_42=66;CASE_43=67;CASE_44=68;CASE_49=73;CASE_4D=77;CASE_4E=78;CASE_4F=79;CASE_50=80;CASE_52=82
Global_sub_00675430_param_1Enum	4	CASE_1=1;CASE_2=2;CASE_4=4;CASE_8=8;CASE_10=16;CASE_20=32;CASE_40=64;CASE_80=128
Global_sub_00677700_param_2Enum	4	CASE_DC=220;CASE_DD=221;CASE_DE=222;CASE_DF=223;CASE_E2=226;CASE_E3=227
Global_sub_006777D0_param_1Enum	4	CASE_DD=221;CASE_DE=222;CASE_E1=225;CASE_E2=226
Global_sub_00682DF0_DAT_007d2d18Enum	4	CASE_1=1;CASE_2=2;CASE_4=4;CASE_5=5;CASE_9=9;CASE_17=23;CASE_1E=30;CASE_22=34;CASE_25=37;CASE_27=39;CASE_28=40;CASE_29=41;CASE_2D=45;CASE_2E=46;CASE_2F=47;CASE_31=49;CASE_32=50;CASE_33=51;CASE_37=55;CASE_3C=60;CASE_3D=61;CASE_3E=62;CASE_3B9=953;CASE_3BA=954;CASE_3F2=1010;CASE_3F3=1011;CASE_3FC=1020;CASE_3FD=1021;CASE_406=1030;CASE_407=1031;CASE_408=1032;CASE_409=1033;CASE_41A=1050;CASE_41B=1051;CASE_424=1060;CASE_425=1061;CASE_426=1062;CASE_427=1063;CASE_428=1064;CASE_429=1065;CASE_42A=1066;CASE_42B=1067;CASE_42C=1068;CASE_42D=1069;CASE_42E=1070;CASE_42F=1071;CASE_430=1072;CASE_431=1073;CASE_432=1074;CASE_44C=1100;CASE_44D=1101;CASE_4B0=1200;CASE_4B1=1201;CASE_4B2=1202;CASE_4B3=1203;CASE_4B4=1204;CASE_4B5=1205;CASE_514=1300;CASE_515=1301;CASE_516=1302;CASE_517=1303;CASE_518=1304;CASE_519=1305;CASE_51A=1306;CASE_51B=1307;CASE_528=1320;CASE_529=1321;CASE_52A=1322;CASE_532=1330;CASE_533=1331;CASE_534=1332;CASE_535=1333;CASE_536=1334;CASE_537=1335;CASE_546=1350;CASE_547=1351;CASE_548=1352;CASE_549=1353;CASE_54A=1354;CASE_54B=1355;CASE_54C=1356;CASE_54D=1357;CASE_54E=1358;CASE_55A=1370;CASE_55B=1371;CASE_55C=1372;CASE_55D=1373;CASE_55E=1374;CASE_55F=1375;CASE_560=1376;CASE_561=1377;CASE_562=1378;CASE_563=1379;CASE_564=1380;CASE_565=1381;CASE_566=1382;CASE_567=1383;CASE_568=1384;CASE_569=1385;CASE_56A=1386;CASE_582=1410;CASE_583=1411;CASE_584=1412;CASE_585=1413;CASE_58C=1420;CASE_58D=1421;CASE_58E=1422;CASE_58F=1423;CASE_590=1424;CASE_591=1425;CASE_592=1426;CASE_593=1427;CASE_594=1428;CASE_595=1429;CASE_596=1430;CASE_597=1431;CASE_598=1432;CASE_599=1433;CASE_59A=1434;CASE_59B=1435;CASE_59C=1436;CASE_59D=1437;CASE_5AA=1450;CASE_5AB=1451;CASE_5AC=1452;CASE_5AD=1453;CASE_5AE=1454;CASE_5AF=1455;CASE_5B0=1456;CASE_5B1=1457;CASE_5B2=1458;CASE_5B3=1459;CASE_5B4=1460;CASE_5B5=1461;CASE_5B6=1462;CASE_5B7=1463;CASE_5B8=1464;CASE_5B9=1465
Global_sub_0068CDA0_param_2Enum	4	CASE_1=1;CASE_2=2;CASE_3=3;CASE_4=4;CASE_5=5;CASE_9=9;CASE_A=10;CASE_40=64
Global_sub_00692C10_param_1Enum	4	CASE_A=10;CASE_14=20;CASE_32=50;CASE_5A=90;CASE_8C=140;CASE_10E=270;CASE_118=280;CASE_122=290;CASE_12C=300;CASE_172=370;CASE_BBE=3006;CASE_BBF=3007;CASE_BC0=3008;CASE_BC1=3009;CASE_BC3=3011
Global_sub_00693560_param_1Enum	4	CASE_BB9=3001;CASE_BBC=3004;CASE_BBE=3006;CASE_BBF=3007;CASE_BC0=3008;CASE_BC2=3010
Global_sub_00693710_param_1Enum	4	CASE_0=0;CASE_1=1;CASE_2=2;CASE_3=3
Global_sub_006AD020_param_3Enum	4	CASE_1=1;CASE_2=2;CASE_3=3;CASE_4=4;CASE_5=5;CASE_6=6
Global_sub_006C8EC0_param_3Enum	4	CASE_0=0;CASE_1=1;CASE_2=2;CASE_3=3
Global_sub_00709A10_param_2Enum	1	CASE_0=0;CASE_1=1;CASE_2=2;CASE_4=4;CASE_5=5;CASE_6=6;CASE_7=7;CASE_8=8;CASE_B=11;CASE_E=14;CASE_12=18;CASE_13=19;CASE_15=21;CASE_16=22;CASE_1C=28;CASE_1D=29;CASE_1E=30;CASE_1F=31
Global_sub_00719410_param_2Enum	1	CASE_0=0;CASE_1=1;CASE_2=2;CASE_3=3
HelpPanelTy_field_0172State	2	CASE_1=1;CASE_2=2;CASE_3=3;CASE_4=4
HelpPanelTy_field_01A1State	1	CASE_1=1;CASE_2=2;CASE_3=3;CASE_4=4;CASE_5=5;CASE_6=6;CASE_7=7;CASE_8=8;CASE_A=10;CASE_B=11;CASE_C=12
HelpPanelTy_sub_00514BC0_param_1Enum	4	CASE_F2=242;CASE_F3=243;CASE_F4=244;CASE_F5=245;CASE_F6=246;CASE_F7=247;CASE_F8=248;CASE_F9=249;CASE_FA=250;CASE_FB=251
HoloTy_Init_param_1Enum	1	CASE_1=1;CASE_2=2;CASE_3=3;CASE_4=4
HoloTy_field_0001State	1	CASE_1=1;CASE_2=2;CASE_3=3;CASE_4=4
IntercomPanelTy_field_0172State	2	CASE_1=1;CASE_2=2;CASE_3=3;CASE_4=4
MTaskTy_field_006DState	1	CASE_1=1;CASE_3=3;CASE_5=5
MTestTy_field_00B3State	1	CASE_1=1;CASE_4=4;CASE_5=5
MoneyTy_field_0068State	1	CASE_1=1;CASE_2=2;CASE_3=3;CASE_4=4;CASE_5=5
OptPanelTy_field_0172State	2	CASE_1=1;CASE_2=2;CASE_3=3;CASE_4=4
OptPanelTy_field_01A4State	1	CASE_1=1;CASE_2=2;CASE_3=3;CASE_4=4;CASE_5=5;CASE_6=6;CASE_7=7;CASE_8=8;CASE_9=9;CASE_A=10;CASE_B=11;CASE_C=12;CASE_D=13;CASE_E=14
OptPanelTy_field_01ABState	1	CASE_1=1;CASE_2=2;CASE_3=3;CASE_4=4;CASE_5=5;CASE_6=6;CASE_7=7;CASE_A=10;CASE_B=11
OpticClassC_sub_004AB070_param_1Enum	4	CASE_1=1;CASE_2=2;CASE_3=3;CASE_4=4;CASE_5=5;CASE_6=6;CASE_7=7;CASE_8=8
PausePanelTy_field_0172State	2	CASE_1=1;CASE_2=2;CASE_3=3;CASE_4=4
PlayPanelTy_field_0172State	2	CASE_1=1;CASE_2=2;CASE_3=3;CASE_4=4
PrividerTy_field_0065State	1	CASE_1=1;CASE_3=3;CASE_4=4;CASE_5=5
ProdPanelTy_field_0172State	2	CASE_1=1;CASE_2=2;CASE_3=3;CASE_4=4
ST3DSMAPContext_field_00A8State	4	CASE_0=0;CASE_1=1;CASE_2=2;CASE_3=3
STAllPlayersC_DestroyObjectMsg_param_3Enum	4	CASE_1=1;CASE_2=2;CASE_3=3;CASE_4=4;CASE_5=5;CASE_6=6
STAllPlayersC_GetBoatWeaponInfo_param_1Enum	4	CASE_1=1;CASE_2=2;CASE_3=3;CASE_4=4;CASE_5=5;CASE_6=6;CASE_7=7;CASE_8=8;CASE_9=9;CASE_A=10;CASE_B=11;CASE_C=12;CASE_D=13;CASE_E=14;CASE_F=15;CASE_10=16;CASE_11=17;CASE_12=18;CASE_13=19;CASE_14=20;CASE_15=21;CASE_16=22;CASE_17=23;CASE_18=24;CASE_19=25;CASE_1A=26;CASE_1B=27;CASE_1C=28;CASE_1D=29;CASE_1E=30;CASE_1F=31;CASE_20=32;CASE_21=33;CASE_22=34;CASE_23=35;CASE_24=36;CASE_25=37;CASE_26=38;CASE_27=39;CASE_28=40
STAllPlayersC_GetObjPtr_param_3Enum	4	CASE_1=1;CASE_2=2;CASE_3=3;CASE_4=4;CASE_5=5;CASE_6=6
STAllPlayersC_GetTOBJImage_param_2Enum	4	CASE_1=1;CASE_2=2;CASE_3=3;CASE_4=4;CASE_5=5;CASE_6=6;CASE_7=7;CASE_8=8;CASE_9=9;CASE_A=10;CASE_B=11;CASE_C=12;CASE_D=13;CASE_E=14;CASE_F=15;CASE_10=16;CASE_11=17;CASE_12=18;CASE_13=19;CASE_14=20;CASE_15=21;CASE_16=22;CASE_17=23;CASE_18=24;CASE_19=25;CASE_1A=26;CASE_1B=27;CASE_1C=28;CASE_1D=29;CASE_1E=30;CASE_1F=31;CASE_20=32;CASE_21=33;CASE_22=34;CASE_23=35;CASE_24=36;CASE_25=37;CASE_26=38;CASE_27=39;CASE_28=40;CASE_32=50;CASE_33=51;CASE_34=52;CASE_35=53;CASE_36=54;CASE_37=55;CASE_38=56;CASE_39=57;CASE_3A=58;CASE_3B=59;CASE_3C=60;CASE_3D=61;CASE_3E=62;CASE_3F=63;CASE_40=64;CASE_41=65;CASE_42=66;CASE_43=67;CASE_44=68;CASE_45=69;CASE_46=70;CASE_47=71;CASE_48=72;CASE_49=73;CASE_4A=74;CASE_4B=75;CASE_4C=76;CASE_4D=77;CASE_4E=78;CASE_4F=79;CASE_50=80;CASE_51=81;CASE_52=82;CASE_53=83;CASE_54=84;CASE_55=85;CASE_56=86;CASE_57=87;CASE_58=88;CASE_59=89;CASE_5A=90;CASE_5B=91;CASE_5C=92;CASE_5D=93;CASE_5E=94;CASE_5F=95;CASE_60=96;CASE_61=97;CASE_62=98;CASE_63=99;CASE_64=100;CASE_65=101;CASE_66=102;CASE_67=103;CASE_68=104;CASE_69=105;CASE_6A=106;CASE_6B=107;CASE_6C=108;CASE_6D=109;CASE_6E=110;CASE_6F=111;CASE_70=112;CASE_71=113;CASE_72=114;CASE_73=115;CASE_78=120;CASE_DC=220;CASE_DD=221;CASE_DE=222;CASE_DF=223;CASE_E0=224;CASE_E2=226;CASE_E6=230;CASE_E7=231;CASE_E8=232;CASE_E9=233;CASE_EA=234;CASE_EB=235;CASE_F2=242;CASE_F3=243;CASE_F4=244;CASE_F5=245;CASE_F6=246;CASE_F7=247;CASE_F8=248;CASE_F9=249;CASE_FA=250;CASE_FB=251;CASE_FD=253;CASE_FE=254
STAllPlayersC_GetTOBJListFromDArr_param_3Enum	4	CASE_38=56;CASE_39=57;CASE_4F=79;CASE_5E=94
STAllPlayersC_GetTOBJList_param_2Enum	4	CASE_38=56;CASE_39=57;CASE_4F=79;CASE_5E=94
STAllPlayersC_SelectObjects_param_1Enum	4	CASE_0=0;CASE_1=1;CASE_2=2;CASE_3=3;CASE_4=4;CASE_5=5;CASE_6=6;CASE_7=7
STAppC_MainWindowProc_param_2Enum	4	CASE_5=5;CASE_F=15;CASE_10=16;CASE_1C=28
STAppC_field_1180State	1	CASE_1=1;CASE_2=2;CASE_3=3;CASE_6=6;CASE_8=8;CASE_9=9;CASE_B=11;CASE_C=12
STBHEShellC_field_0104State	4	CASE_0=0;CASE_1=1;CASE_2=2;CASE_3=3;CASE_4=4;CASE_5=5
STBoatC_CheckPBoxCmd_param_1Enum	4	CASE_1=1;CASE_2=2;CASE_3=3;CASE_4=4;CASE_5=5;CASE_6=6;CASE_7=7;CASE_8=8;CASE_9=9;CASE_A=10;CASE_B=11;CASE_C=12;CASE_D=13;CASE_E=14;CASE_F=15;CASE_10=16;CASE_11=17;CASE_12=18;CASE_14=20;CASE_15=21;CASE_16=22;CASE_17=23
STBoatC_CmdToObj_param_1Enum	4	CASE_1=1;CASE_2=2;CASE_3=3;CASE_4=4;CASE_5=5;CASE_6=6;CASE_7=7;CASE_8=8;CASE_9=9;CASE_A=10;CASE_B=11;CASE_C=12;CASE_D=13;CASE_E=14;CASE_F=15;CASE_10=16;CASE_11=17;CASE_12=18;CASE_14=20;CASE_15=21;CASE_16=22;CASE_17=23;CASE_21=33
STBoatC_GetCellForLoading_param_6Enum	2	CASE_0=0;CASE_1=1;CASE_2=2;CASE_3=3;CASE_4=4
STBoatC_GetDefenceTarget_param_1Enum	4	CASE_0=0;CASE_1=1;CASE_2=2;CASE_3=3;CASE_FFFFFFFF=4294967295
STBoatC_GetVisualInfo_param_2Enum	4	CASE_1=1;CASE_2=2;CASE_3=3;CASE_4=4;CASE_5=5;CASE_6=6;CASE_7=7;CASE_8=8;CASE_9=9;CASE_A=10;CASE_B=11;CASE_C=12;CASE_D=13;CASE_E=14;CASE_F=15;CASE_10=16;CASE_11=17;CASE_12=18;CASE_13=19;CASE_14=20;CASE_15=21;CASE_16=22;CASE_17=23;CASE_18=24;CASE_19=25;CASE_1A=26;CASE_1B=27;CASE_1C=28;CASE_1D=29;CASE_1E=30;CASE_1F=31;CASE_20=32;CASE_21=33;CASE_22=34;CASE_23=35;CASE_24=36;CASE_25=37;CASE_26=38;CASE_27=39;CASE_28=40
STBoatC_field_0459State	4	CASE_65=101;CASE_66=102;CASE_67=103;CASE_68=104;CASE_69=105;CASE_6A=106;CASE_6B=107;CASE_6C=108;CASE_6D=109;CASE_6E=110;CASE_6F=111;CASE_70=112;CASE_71=113;CASE_72=114;CASE_73=115;CASE_74=116;CASE_75=117;CASE_76=118;CASE_77=119;CASE_78=120;CASE_79=121;CASE_7A=122;CASE_7B=123
STBoatC_field_045DState	4	CASE_1=1;CASE_2=2;CASE_3=3;CASE_4=4;CASE_5=5;CASE_6=6;CASE_7=7;CASE_8=8;CASE_9=9;CASE_A=10;CASE_B=11;CASE_C=12;CASE_D=13;CASE_E=14;CASE_F=15;CASE_10=16;CASE_11=17;CASE_12=18;CASE_13=19;CASE_14=20;CASE_15=21;CASE_16=22;CASE_17=23
STBoatC_field_04D9State	4	CASE_0=0;CASE_1=1;CASE_2=2;CASE_3=3;CASE_4=4;CASE_5=5;CASE_6=6
STBoatC_field_0508State	4	CASE_0=0;CASE_1=1;CASE_2=2;CASE_3=3;CASE_4=4;CASE_5=5;CASE_6=6;CASE_7=7
STBoatC_field_050CState	4	CASE_0=0;CASE_1=1;CASE_2=2;CASE_3=3;CASE_5=5
STBoatC_field_0528State	4	CASE_1=1;CASE_3=3;CASE_4=4
STBoatC_field_054CState	4	CASE_0=0;CASE_1=1;CASE_2=2;CASE_3=3;CASE_4=4;CASE_5=5;CASE_6=6;CASE_7=7
STBoatC_field_0550State	4	CASE_0=0;CASE_1=1;CASE_2=2;CASE_3=3;CASE_4=4;CASE_5=5;CASE_6=6
STBoatC_field_0580State	4	CASE_0=0;CASE_1=1;CASE_2=2;CASE_3=3;CASE_4=4;CASE_5=5;CASE_6=6;CASE_7=7;CASE_8=8
STBoatC_field_0596State	4	CASE_0=0;CASE_1=1;CASE_2=2;CASE_3=3
STBoatC_field_059AState	4	CASE_0=0;CASE_1=1;CASE_2=2;CASE_3=3;CASE_4=4;CASE_5=5;CASE_6=6;CASE_7=7;CASE_9=9
STBoatC_field_05C4State	4	CASE_0=0;CASE_1=1;CASE_2=2;CASE_3=3;CASE_4=4;CASE_5=5;CASE_6=6;CASE_7=7
STBoatC_field_05D6State	4	CASE_1=1;CASE_2=2;CASE_5=5
STBoatC_field_0611State	4	CASE_0=0;CASE_1=1;CASE_2=2;CASE_3=3;CASE_4=4;CASE_5=5
STBoatC_field_0615State	4	CASE_0=0;CASE_2=2;CASE_5=5
STBoatC_field_0687State	4	CASE_0=0;CASE_1=1;CASE_2=2;CASE_3=3;CASE_4=4
STBoatC_field_06A5State	4	CASE_0=0;CASE_1=1;CASE_2=2;CASE_3=3;CASE_4=4;CASE_5=5;CASE_6=6
STBoatC_field_06C3State	4	CASE_0=0;CASE_1=1;CASE_2=2;CASE_3=3;CASE_4=4;CASE_5=5;CASE_6=6
STBoatC_field_06E3State	4	CASE_0=0;CASE_1=1;CASE_2=2;CASE_3=3
STBoatC_field_06F3State	4	CASE_0=0;CASE_1=1;CASE_2=2;CASE_3=3;CASE_4=4;CASE_5=5;CASE_6=6;CASE_7=7
STBoatC_field_06F7State	4	CASE_1=1;CASE_2=2;CASE_3=3;CASE_4=4;CASE_5=5;CASE_6=6;CASE_7=7;CASE_8=8;CASE_9=9;CASE_A=10;CASE_B=11;CASE_C=12;CASE_D=13;CASE_E=14;CASE_F=15;CASE_10=16;CASE_11=17;CASE_12=18;CASE_13=19;CASE_14=20;CASE_15=21;CASE_16=22;CASE_17=23;CASE_18=24;CASE_19=25;CASE_1A=26;CASE_1B=27;CASE_1C=28;CASE_1D=29;CASE_1E=30;CASE_1F=31;CASE_20=32;CASE_21=33;CASE_22=34;CASE_23=35;CASE_24=36;CASE_25=37;CASE_26=38;CASE_27=39;CASE_28=40
STBoatC_field_082EState	4	CASE_1=1;CASE_2=2;CASE_3=3;CASE_4=4;CASE_5=5;CASE_FFFFFFFF=4294967295
STColl3C_field_02DDState	4	CASE_1=1;CASE_2=2;CASE_3=3;CASE_4=4;CASE_5=5;CASE_6=6;CASE_7=7;CASE_8=8;CASE_9=9;CASE_A=10;CASE_B=11;CASE_C=12;CASE_D=13
STCrabC_field_0239State	4	CASE_0=0;CASE_2=2;CASE_3=3
STCrabC_field_0279State	4	CASE_F2=242;CASE_F3=243;CASE_F4=244;CASE_F5=245;CASE_F6=246;CASE_F7=247
STDcResourcC_field_0255State	4	CASE_DC=220;CASE_DD=221;CASE_DE=222;CASE_E0=224
STDestC_field_036EState	4	CASE_0=0;CASE_1=1;CASE_2=2;CASE_3=3;CASE_4=4;CASE_6=6
STFishC_field_023BState	4	CASE_0=0;CASE_1=1;CASE_3=3;CASE_4=4;CASE_5=5;CASE_6=6
STFishC_field_0267State	4	CASE_E7=231;CASE_E8=232;CASE_E9=233;CASE_EA=234;CASE_EB=235
STGameObjC_sub_004845E0_param_1Enum	4	CASE_0=0;CASE_2=2;CASE_3=3;CASE_4=4;CASE_5=5;CASE_6=6;CASE_7=7;CASE_8=8;CASE_9=9;CASE_A=10;CASE_D=13;CASE_E=14;CASE_10=16;CASE_11=17;CASE_12=18;CASE_13=19;CASE_18=24;CASE_2B=43;CASE_2C=44;CASE_2D=45;CASE_48=72;CASE_4D=77
STGroupBoatC_field_0020State	4	CASE_0=0;CASE_14=20;CASE_1AE=430
STGroupBoatC_field_01E6State	4	CASE_1=1;CASE_2=2;CASE_3=3;CASE_4=4;CASE_5=5;CASE_6=6;CASE_7=7;CASE_8=8;CASE_9=9;CASE_A=10;CASE_B=11;CASE_C=12;CASE_D=13;CASE_E=14;CASE_F=15;CASE_10=16;CASE_11=17;CASE_12=18;CASE_13=19;CASE_14=20;CASE_15=21
STGroupBoatC_sub_00498D20_orderTypeEnum	4	CASE_1=1;CASE_2=2;CASE_3=3;CASE_4=4;CASE_5=5;CASE_6=6;CASE_7=7;CASE_8=8;CASE_9=9;CASE_A=10;CASE_B=11;CASE_C=12;CASE_D=13;CASE_E=14;CASE_F=15;CASE_10=16;CASE_11=17;CASE_12=18;CASE_13=19;CASE_14=20;CASE_15=21;CASE_65=101;CASE_66=102;CASE_67=103;CASE_68=104;CASE_69=105;CASE_6A=106
STJellyGunC_field_0235State	4	CASE_0=0;CASE_1=1;CASE_2=2;CASE_3=3;CASE_4=4
STJumpMineC_field_0093State	4	CASE_0=0;CASE_1=1;CASE_2=2;CASE_3=3;CASE_4=4;CASE_5=5;CASE_6=6
STMessage_idState	4	CASE_0=0;CASE_1=1;CASE_2=2;CASE_3=3;CASE_4=4;CASE_5=5;CASE_6=6;CASE_7=7;CASE_8=8;CASE_9=9;CASE_10=16;CASE_11=17;CASE_12=18;CASE_13=19;CASE_14=20;CASE_15=21;CASE_16=22;CASE_17=23;CASE_18=24;CASE_19=25;CASE_1A=26;CASE_1B=27;CASE_20=32;CASE_21=33;CASE_22=34;CASE_23=35;CASE_24=36;CASE_25=37;CASE_26=38;CASE_27=39;CASE_28=40;CASE_29=41;CASE_2A=42;CASE_2B=43;CASE_2C=44;CASE_2D=45;CASE_2E=46;CASE_2F=47;CASE_30=48;CASE_32=50;CASE_33=51;CASE_34=52;CASE_35=53;CASE_36=54;CASE_37=55;CASE_38=56;CASE_39=57;CASE_3A=58;CASE_3B=59;CASE_3C=60;CASE_3D=61;CASE_3E=62;CASE_3F=63;CASE_40=64;CASE_41=65;CASE_42=66;CASE_43=67;CASE_50=80;CASE_51=81;CASE_52=82;CASE_53=83;CASE_54=84;CASE_55=85;CASE_56=86;CASE_57=87;CASE_58=88;CASE_59=89;CASE_5A=90;CASE_5B=91;CASE_5C=92;CASE_60=96;CASE_61=97;CASE_62=98;CASE_63=99;CASE_64=100;CASE_65=101;CASE_66=102;CASE_67=103;CASE_68=104;CASE_A110=41232;CASE_A111=41233;CASE_A112=41234;CASE_A113=41235;CASE_A114=41236;CASE_A115=41237;CASE_C001=49153;CASE_C003=49155;CASE_C09F=49311;CASE_C0A0=49312;CASE_C0A1=49313;CASE_C0A2=49314;CASE_C0A3=49315;CASE_C0A4=49316;CASE_C0A5=49317;CASE_C0A6=49318;CASE_C0A7=49319;CASE_C0A8=49320;CASE_C0A9=49321;CASE_C0AA=49322;CASE_C0AB=49323;CASE_C0AC=49324;CASE_C0AD=49325;CASE_C0AE=49326
STMineSetC_field_0245State	4	CASE_0=0;CASE_1=1;CASE_2=2;CASE_6=6
STMineSetC_field_02ADState	1	CASE_0=0;CASE_1=1;CASE_2=2;CASE_3=3;CASE_A6=166;CASE_A7=167;CASE_AF=175;CASE_BD=189
STMineSetC_field_02AEState	4	CASE_0=0;CASE_1=1;CASE_2=2;CASE_3=3;CASE_4=4;CASE_5=5
STMineSetC_sub_00624920_param_1Enum	4	CASE_0=0;CASE_1=1;CASE_2=2;CASE_3=3
STMineSetC_sub_00626B50_param_1Enum	4	CASE_0=0;CASE_1=1;CASE_2=2;CASE_3=3
STOctopusC_field_0249State	4	CASE_0=0;CASE_2=2;CASE_3=3
STOctopusC_field_02A5State	4	CASE_F8=248;CASE_F9=249;CASE_FA=250;CASE_FB=251
STParticleC_field_00C2State	4	CASE_0=0;CASE_1=1;CASE_2=2;CASE_3=3;CASE_4=4;CASE_8=8;CASE_10=16;CASE_20=32;CASE_40=64;CASE_80=128
STRubbishC_LoadImagSpr_param_4Enum	4	CASE_1=1;CASE_2=2;CASE_3=3;CASE_4=4;CASE_5=5;CASE_6=6
STRubbishC_field_01FAState	4	CASE_0=0;CASE_1=1;CASE_2=2
STSharkC_field_0257State	4	CASE_0=0;CASE_1=1;CASE_2=2;CASE_3=3;CASE_4=4;CASE_5=5;CASE_6=6;CASE_7=7;CASE_8=8
STSprGameObjC_CheckRay_param_7Enum	4	CASE_9B=155;CASE_A3=163;CASE_A5=165;CASE_A6=166;CASE_A7=167;CASE_A8=168;CASE_A9=169;CASE_AA=170;CASE_AB=171;CASE_AF=175;CASE_B0=176;CASE_B1=177;CASE_B2=178;CASE_B3=179;CASE_B4=180;CASE_B5=181;CASE_B9=185;CASE_BB=187;CASE_BC=188
STSprGameObjC_field_0259State	4	CASE_96=150;CASE_97=151;CASE_98=152;CASE_99=153;CASE_9A=154;CASE_9B=155;CASE_9C=156;CASE_9D=157;CASE_9E=158;CASE_9F=159;CASE_A0=160;CASE_A1=161;CASE_A3=163;CASE_A4=164;CASE_A5=165;CASE_AC=172;CASE_AD=173;CASE_AE=174;CASE_B4=180;CASE_B6=182;CASE_B7=183;CASE_B8=184;CASE_B9=185;CASE_BA=186;CASE_BF=191
STTorpC_field_0259State	4	CASE_96=150;CASE_97=151;CASE_98=152;CASE_99=153;CASE_9A=154;CASE_9B=155;CASE_9C=156;CASE_9D=157;CASE_9E=158;CASE_9F=159;CASE_A0=160;CASE_A1=161;CASE_A3=163;CASE_A4=164;CASE_A5=165;CASE_AC=172;CASE_AD=173;CASE_AE=174;CASE_B4=180;CASE_B6=182;CASE_B7=183;CASE_B8=184;CASE_B9=185;CASE_BA=186;CASE_BF=191
STVolcanoC_field_00A9State	4	CASE_1=1;CASE_2=2;CASE_3=3;CASE_4=4;CASE_5=5;CASE_6=6
STWorldObject_value_20State	4	CASE_32=50;CASE_FA=250;CASE_10E=270;CASE_118=280
SettMapMTy_field_1E26State	1	CASE_4=4;CASE_5=5;CASE_7=7;CASE_C=12;CASE_F=15;CASE_10=16;CASE_13=19
SettMapTy_field_1E26State	1	CASE_1=1;CASE_2=2;CASE_3=3;CASE_4=4;CASE_5=5;CASE_6=6;CASE_7=7;CASE_8=8;CASE_9=9;CASE_A=10;CASE_B=11;CASE_C=12;CASE_D=13;CASE_E=14;CASE_F=15;CASE_10=16;CASE_11=17;CASE_12=18;CASE_13=19;CASE_14=20;CASE_15=21
SettMapTy_field_2179State	4	CASE_3=3;CASE_4=4;CASE_5=5;CASE_6=6
SoundManagerTy_field_0038State	1	CASE_0=0;CASE_1=1;CASE_2=2;CASE_3=3
SpecPanelTy_field_0172State	2	CASE_1=1;CASE_2=2;CASE_3=3;CASE_4=4
SpriteClassTy_SetImagesPtr_param_2Enum	1	CASE_7=7;CASE_8=8;CASE_1E=30;CASE_81=129
SpriteClassTy_SetImagesReg_param_2Enum	1	CASE_7=7;CASE_8=8;CASE_1E=30;CASE_81=129
SpriteClassTy_SetImages_param_2Enum	1	CASE_7=7;CASE_8=8;CASE_1E=30;CASE_81=129
SpriteClassTy_field_004CState	1	CASE_7=7;CASE_8=8;CASE_1E=30;CASE_81=129
SubmarineTitans_Recovered_HiddenThis_AnonReceiver_00568010_sub_00568010_param_1Enum	1	CASE_1=1;CASE_2=2;CASE_4=4;CASE_8=8
SubmarineTitans_Recovered_HiddenThis_AnonReceiver_00568940_sub_00568940_param_1Enum	1	CASE_1=1;CASE_2=2;CASE_3=3;CASE_4=4;CASE_5=5;CASE_6=6;CASE_7=7;CASE_8=8;CASE_B=11;CASE_C=12
TLOBaseTy_field_0231State	4	CASE_0=0;CASE_1=1;CASE_2=2;CASE_3=3;CASE_32=50;CASE_33=51;CASE_34=52;CASE_35=53;CASE_36=54;CASE_37=55;CASE_38=56;CASE_39=57;CASE_3A=58;CASE_3B=59;CASE_3D=61;CASE_40=64;CASE_41=65;CASE_43=67;CASE_44=68;CASE_45=69;CASE_48=72;CASE_49=73;CASE_4C=76;CASE_4D=77;CASE_4E=78;CASE_4F=79;CASE_50=80;CASE_52=82;CASE_53=83;CASE_54=84;CASE_55=85;CASE_56=86;CASE_57=87;CASE_58=88;CASE_59=89;CASE_5A=90;CASE_5B=91;CASE_5C=92;CASE_5D=93;CASE_5E=94;CASE_5F=95;CASE_60=96;CASE_61=97;CASE_63=99;CASE_64=100;CASE_68=104;CASE_69=105;CASE_6A=106;CASE_6C=108;CASE_6D=109;CASE_6E=110;CASE_6F=111;CASE_70=112;CASE_72=114;CASE_73=115
TLOBaseTy_field_0245State	4	CASE_0=0;CASE_1=1;CASE_2=2;CASE_3=3;CASE_4=4;CASE_5=5;CASE_6=6;CASE_32=50;CASE_34=52;CASE_35=53;CASE_37=55;CASE_38=56;CASE_39=57;CASE_3B=59;CASE_40=64;CASE_41=65;CASE_48=72;CASE_49=73;CASE_4C=76;CASE_4F=79;CASE_50=80;CASE_52=82;CASE_53=83;CASE_54=84;CASE_55=85;CASE_56=86;CASE_57=87;CASE_58=88;CASE_59=89;CASE_5A=90;CASE_5B=91;CASE_5C=92;CASE_5E=94;CASE_5F=95;CASE_60=96;CASE_61=97;CASE_63=99;CASE_64=100;CASE_68=104;CASE_69=105;CASE_6A=106;CASE_6C=108;CASE_6D=109;CASE_6E=110;CASE_6F=111;CASE_70=112;CASE_73=115;CASE_FFFFFFFF=4294967295
TLOBaseTy_field_02ECState	4	CASE_0=0;CASE_1=1;CASE_2=2;CASE_3=3
TLOBaseTy_field_046CState	4	CASE_1=1;CASE_2=2;CASE_3=3;CASE_4=4;CASE_5=5
TLOBaseTy_field_04D0State	4	CASE_0=0;CASE_1=1;CASE_2=2;CASE_3=3;CASE_4=4;CASE_5=5;CASE_6=6;CASE_32=50;CASE_40=64;CASE_49=73;CASE_5C=92
TLOBaseTy_field_05ACState	4	CASE_0=0;CASE_1=1;CASE_2=2;CASE_3=3;CASE_32=50;CASE_33=51;CASE_34=52;CASE_35=53;CASE_36=54;CASE_37=55;CASE_38=56;CASE_39=57;CASE_3A=58;CASE_3B=59;CASE_3C=60;CASE_3D=61;CASE_3E=62;CASE_3F=63;CASE_40=64;CASE_41=65;CASE_42=66;CASE_43=67;CASE_44=68;CASE_45=69;CASE_46=70;CASE_47=71;CASE_48=72;CASE_49=73;CASE_4A=74;CASE_4B=75;CASE_4C=76;CASE_4D=77;CASE_4E=78;CASE_4F=79;CASE_50=80;CASE_51=81;CASE_52=82;CASE_53=83;CASE_54=84;CASE_55=85;CASE_56=86;CASE_57=87;CASE_58=88;CASE_59=89;CASE_5A=90;CASE_5B=91;CASE_5C=92;CASE_5D=93;CASE_5E=94;CASE_5F=95;CASE_60=96;CASE_61=97;CASE_62=98;CASE_63=99;CASE_64=100;CASE_65=101;CASE_66=102;CASE_67=103;CASE_68=104;CASE_69=105;CASE_6A=106;CASE_6B=107;CASE_6C=108;CASE_6D=109;CASE_6E=110;CASE_6F=111;CASE_70=112;CASE_71=113;CASE_72=114;CASE_73=115;CASE_96=150;CASE_97=151;CASE_98=152;CASE_99=153;CASE_9A=154;CASE_A6=166;CASE_A7=167;CASE_A9=169;CASE_AB=171;CASE_AC=172;CASE_AD=173;CASE_AE=174;CASE_B3=179;CASE_B5=181;CASE_B8=184;CASE_BC=188;CASE_BD=189;CASE_BE=190
TLOBaseTy_sub_004C7260_param_1Enum	4	CASE_1=1;CASE_2=2;CASE_4=4;CASE_5=5;CASE_6=6;CASE_8=8
TLOBaseTy_sub_004CAFC0_param_1Enum	4	CASE_0=0;CASE_1=1;CASE_2=2;CASE_3=3;CASE_4=4;CASE_5=5;CASE_7=7;CASE_8=8;CASE_9=9;CASE_C=12;CASE_D=13;CASE_E=14;CASE_33=51;CASE_35=53;CASE_38=56;CASE_39=57;CASE_45=69;CASE_4E=78;CASE_4F=79;CASE_54=84;CASE_55=85;CASE_56=86;CASE_57=87;CASE_58=88;CASE_59=89;CASE_5A=90;CASE_5E=94;CASE_70=112
TLOBaseTy_sub_004CFA00_param_1Enum	4	CASE_8=8;CASE_9=9;CASE_D=13;CASE_E=14
VisibleClassTy_sub_00558C00_param_1Enum	4	CASE_0=0;CASE_1=1;CASE_2=2;CASE_3=3
cLoadingTy_SetState_param_1Enum	4	CASE_0=0;CASE_1=1;CASE_2=2;CASE_3=3
ccFntTy_CreateTypeSSpr_param_4Enum	4	CASE_FFFFFFF9=4294967289;CASE_FFFFFFFC=4294967292;CASE_FFFFFFFD=4294967293;CASE_FFFFFFFE=4294967294
