apply	family_id	canonical_type	member_type	length	named_fields	evidence
0	EXACT_0357431A1D21	/SubmarineTitans/Recovered/PointerShapes/RecoveredRecord_0069B8D0_BA32C79B	/SubmarineTitans/Recovered/PointerShapes/RecoveredRecord_0069B8D0_BA32C79B	48	0	anonymous geometry match only; no named semantic anchor
0	EXACT_0357431A1D21	/SubmarineTitans/Recovered/PointerShapes/RecoveredRecord_0069B8D0_BA32C79B	/SubmarineTitans/Recovered/PointerShapes/RecoveredRecord_0069B8D0_D2DE3938	48	0	anonymous geometry match only; no named semantic anchor
0	EXACT_03A1F874B6DA	/SubmarineTitans/Recovered/PointerShapes/AnonNested_0052A430_0014_F40A3334	/SubmarineTitans/Recovered/PointerShapes/AnonNested_0052A430_0014_F40A3334	12	0	exact layout has semantic_anchor_count=0 among named structures=[/SoundPosition, /SubmarineTitans/Recovered/STPosition32]
0	EXACT_03A1F874B6DA	/SubmarineTitans/Recovered/PointerShapes/AnonNested_0052A430_0014_F40A3334	/SubmarineTitans/Recovered/PointerShapes/AnonNested_0075EB40_0080_454B432A	12	0	exact layout has semantic_anchor_count=0 among named structures=[/SoundPosition, /SubmarineTitans/Recovered/STPosition32]
0	EXACT_03A1F874B6DA	/SubmarineTitans/Recovered/PointerShapes/AnonNested_0052A430_0014_F40A3334	/SubmarineTitans/Recovered/PointerShapes/AnonNested_AnonShape_0075FE30_46CD87E7_01BA_82756618	12	0	exact layout has semantic_anchor_count=0 among named structures=[/SoundPosition, /SubmarineTitans/Recovered/STPosition32]
0	EXACT_05029BF78C72	/SubmarineTitans/Recovered/PointerShapes/RecoveredRecord_004DE000_A2D9992B	/SubmarineTitans/Recovered/PointerShapes/RecoveredRecord_004DE000_A2D9992B	37	0	anonymous geometry match only; no named semantic anchor
0	EXACT_05029BF78C72	/SubmarineTitans/Recovered/PointerShapes/RecoveredRecord_004DE000_A2D9992B	/SubmarineTitans/Recovered/PointerShapes/RecoveredRecord_004E2040_DF20E090	37	0	anonymous geometry match only; no named semantic anchor
0	EXACT_071C1E69EAC6	/SubmarineTitans/Recovered/PointerShapes/RecoveredRecordView_0065D6E0_071C1E69	/SubmarineTitans/Recovered/PointerShapes/RecoveredRecordView_0065D6E0_071C1E69	128	0	anonymous geometry match only; no named semantic anchor
0	EXACT_071C1E69EAC6	/SubmarineTitans/Recovered/PointerShapes/RecoveredRecordView_0065D6E0_071C1E69	/SubmarineTitans/Recovered/PointerShapes/RecoveredRecordView_0065D720_071C1E69	128	0	anonymous geometry match only; no named semantic anchor
0	EXACT_071C1E69EAC6	/SubmarineTitans/Recovered/PointerShapes/RecoveredRecordView_0065D6E0_071C1E69	/SubmarineTitans/Recovered/PointerShapes/RecoveredRecordView_0065E360_071C1E69	128	0	anonymous geometry match only; no named semantic anchor
0	EXACT_071C1E69EAC6	/SubmarineTitans/Recovered/PointerShapes/RecoveredRecordView_0065D6E0_071C1E69	/SubmarineTitans/Recovered/PointerShapes/RecoveredRecordView_0065FA10_071C1E69	128	0	anonymous geometry match only; no named semantic anchor
0	EXACT_071C1E69EAC6	/SubmarineTitans/Recovered/PointerShapes/RecoveredRecordView_0065D6E0_071C1E69	/SubmarineTitans/Recovered/PointerShapes/RecoveredRecordView_0065FD00_071C1E69	128	0	anonymous geometry match only; no named semantic anchor
0	EXACT_0B749B36EF02	/SubmarineTitans/Recovered/ClassPointees/AnonPointee_ST3DSMAPContext_0446	/SubmarineTitans/Recovered/ClassPointees/AnonPointee_ST3DSMAPContext_0446	13	0	anonymous geometry match only; no named semantic anchor
0	EXACT_0B749B36EF02	/SubmarineTitans/Recovered/ClassPointees/AnonPointee_ST3DSMAPContext_0446	/SubmarineTitans/Recovered/ClassPointees/AnonPointee_ST3DSMAPContext_044A	13	0	anonymous geometry match only; no named semantic anchor
0	EXACT_0F99D88FE62E	/SubmarineTitans/Recovered/PointerShapes/AnonNested_004EE350_0018_78690378	/SubmarineTitans/Recovered/PointerShapes/AnonNested_004EE350_0018_78690378	8	0	anonymous geometry match only; no named semantic anchor
0	EXACT_0F99D88FE62E	/SubmarineTitans/Recovered/PointerShapes/AnonNested_004EE350_0018_78690378	/SubmarineTitans/Recovered/PointerShapes/AnonNested_005389E0_0018_A8EBF066	8	0	anonymous geometry match only; no named semantic anchor
0	EXACT_0F99D88FE62E	/SubmarineTitans/Recovered/PointerShapes/AnonNested_004EE350_0018_78690378	/SubmarineTitans/Recovered/PointerShapes/AnonNested_00538FC0_0018_DB9172F2	8	0	anonymous geometry match only; no named semantic anchor
0	EXACT_0F99D88FE62E	/SubmarineTitans/Recovered/PointerShapes/AnonNested_004EE350_0018_78690378	/SubmarineTitans/Recovered/PointerShapes/AnonNested_0053D7A0_0018_F6872402	8	0	anonymous geometry match only; no named semantic anchor
0	EXACT_0F99D88FE62E	/SubmarineTitans/Recovered/PointerShapes/AnonNested_004EE350_0018_78690378	/SubmarineTitans/Recovered/PointerShapes/AnonNested_0053DCC0_0018_16DF3813	8	0	anonymous geometry match only; no named semantic anchor
0	EXACT_0F99D88FE62E	/SubmarineTitans/Recovered/PointerShapes/AnonNested_004EE350_0018_78690378	/SubmarineTitans/Recovered/PointerShapes/AnonShape_0069CB50_7B374C54	8	0	anonymous geometry match only; no named semantic anchor
0	EXACT_125F543C400E	/SubmarineTitans/Recovered/HiddenThis/AnonReceiver_004EEFB0VTable	/SubmarineTitans/Recovered/HiddenThis/AnonReceiver_004EEFB0VTable	44	11	anonymous geometry match only; no named semantic anchor
0	EXACT_125F543C400E	/SubmarineTitans/Recovered/HiddenThis/AnonReceiver_004EEFB0VTable	/SubmarineTitans/Recovered/HiddenThis/RecoveredReceiver_0053F510VTable	44	11	anonymous geometry match only; no named semantic anchor
0	EXACT_130DE14E06FB	/SubmarineTitans/Recovered/PointerShapes/AnonNested_AnonShape_004137F0_350C8AE0_0029_743E91AB	/SubmarineTitans/Recovered/PointerShapes/AnonNested_AnonShape_004137F0_350C8AE0_0029_743E91AB	32	0	anonymous geometry match only; no named semantic anchor
0	EXACT_130DE14E06FB	/SubmarineTitans/Recovered/PointerShapes/AnonNested_AnonShape_004137F0_350C8AE0_0029_743E91AB	/SubmarineTitans/Recovered/PointerShapes/AnonNested_AnonShape_00661CA0_93A030EF_020B_27162EA8	32	0	anonymous geometry match only; no named semantic anchor
0	EXACT_14B914B7EEB9	/SubmarineTitans/Recovered/PointerShapes/AnonShape_0069CB50_B339E56A	/SubmarineTitans/Recovered/PointerShapes/AnonShape_0069CB50_B339E56A	16	0	anonymous geometry match only; no named semantic anchor
0	EXACT_14B914B7EEB9	/SubmarineTitans/Recovered/PointerShapes/AnonShape_0069CB50_B339E56A	/SubmarineTitans/Recovered/PointerShapes/RecoveredRecord_0069C710_92A26D6D	16	0	anonymous geometry match only; no named semantic anchor
0	EXACT_16323C2E377B	/SubmarineTitans/Recovered/PointerShapes/RecoveredRecord_006BB6C0_6F39CDC5	/SubmarineTitans/Recovered/PointerShapes/RecoveredRecord_006BB6C0_6F39CDC5	52	0	anonymous geometry match only; no named semantic anchor
0	EXACT_16323C2E377B	/SubmarineTitans/Recovered/PointerShapes/RecoveredRecord_006BB6C0_6F39CDC5	/SubmarineTitans/Recovered/PointerShapes/RecoveredRecord_006BB780_43119500	52	0	anonymous geometry match only; no named semantic anchor
0	EXACT_16F9FB271D88	/SubmarineTitans/Recovered/PointerShapes/AnonNested_0063D410_0336_B4CDA572	/SubmarineTitans/Recovered/PointerShapes/AnonNested_0063D410_0336_B4CDA572	60	0	anonymous geometry match only; no named semantic anchor
0	EXACT_16F9FB271D88	/SubmarineTitans/Recovered/PointerShapes/AnonNested_0063D410_0336_B4CDA572	/SubmarineTitans/Recovered/PointerShapes/AnonNested_0063E660_0336_9C5AD80D	60	0	anonymous geometry match only; no named semantic anchor
0	EXACT_1AA291CA3ABF	/SubmarineTitans/Recovered/PointerShapes/RecoveredRecordView_00544100_1AA291CA	/SubmarineTitans/Recovered/PointerShapes/RecoveredRecordView_00544100_1AA291CA	64	0	anonymous geometry match only; no named semantic anchor
0	EXACT_1AA291CA3ABF	/SubmarineTitans/Recovered/PointerShapes/RecoveredRecordView_00544100_1AA291CA	/SubmarineTitans/Recovered/PointerShapes/RecoveredRecord_CursorClassTy_00544100	64	0	anonymous geometry match only; no named semantic anchor
0	EXACT_1BC4E9339042	/SubmarineTitans/Recovered/PointerShapes/RecoveredRecord_006A21F0_E7E9FC50	/SubmarineTitans/Recovered/PointerShapes/RecoveredRecord_006A21F0_E7E9FC50	6	0	anonymous geometry match only; no named semantic anchor
0	EXACT_1BC4E9339042	/SubmarineTitans/Recovered/PointerShapes/RecoveredRecord_006A21F0_E7E9FC50	/SubmarineTitans/Recovered/PointerShapes/RecoveredRecord_006A2700_663AFE5D	6	0	anonymous geometry match only; no named semantic anchor
0	EXACT_1C34A934654C	/SubmarineTitans/Recovered/PointerShapes/AnonShape_00728170_7560EBA7	/SubmarineTitans/Recovered/PointerShapes/AnonShape_00728170_7560EBA7	40	0	anonymous geometry match only; no named semantic anchor
0	EXACT_1C34A934654C	/SubmarineTitans/Recovered/PointerShapes/AnonShape_00728170_7560EBA7	/SubmarineTitans/Recovered/PointerShapes/AnonShape_00728170_E57D1DF1	40	0	anonymous geometry match only; no named semantic anchor
0	EXACT_1F336AC06F27	/SubmarineTitans/Recovered/PointerShapes/RecoveredRecord_004DFB90_1056A84E	/SubmarineTitans/Recovered/PointerShapes/RecoveredRecord_004DFB90_1056A84E	1236	0	anonymous geometry match only; no named semantic anchor
0	EXACT_1F336AC06F27	/SubmarineTitans/Recovered/PointerShapes/RecoveredRecord_004DFB90_1056A84E	/SubmarineTitans/Recovered/PointerShapes/RecoveredRecord_004EAF60_69129DB1	1236	0	anonymous geometry match only; no named semantic anchor
0	EXACT_201BDEC7F7C4	/SubmarineTitans/Recovered/PointerShapes/RecoveredRecord_00423360_E7F08AAB	/SubmarineTitans/Recovered/PointerShapes/RecoveredRecord_00423360_E7F08AAB	36	0	anonymous geometry match only; no named semantic anchor
0	EXACT_201BDEC7F7C4	/SubmarineTitans/Recovered/PointerShapes/RecoveredRecord_00423360_E7F08AAB	/SubmarineTitans/Recovered/PointerShapes/RecoveredRecord_00423380_AA1491AE	36	0	anonymous geometry match only; no named semantic anchor
0	EXACT_201BDEC7F7C4	/SubmarineTitans/Recovered/PointerShapes/RecoveredRecord_00423360_E7F08AAB	/SubmarineTitans/Recovered/PointerShapes/RecoveredRecord_004233A0_9E2D1712	36	0	anonymous geometry match only; no named semantic anchor
0	EXACT_20C5012EB187	/SubmarineTitans/Recovered/PointerShapes/AnonNested_AnonShape_006CECB0_97249119_0030_44E28187	/SubmarineTitans/Recovered/PointerShapes/AnonNested_AnonShape_006CECB0_97249119_0030_44E28187	4	0	the unique named geometry is not a semantic anchor; layout equality alone cannot identify a type
0	EXACT_20C5012EB187	/SubmarineTitans/Recovered/PointerShapes/AnonNested_AnonShape_006CECB0_97249119_0030_44E28187	/SubmarineTitans/Recovered/PointerShapes/AnonNested_RecoveredRecordView_005C5CA0_616D4596_000C_92C2065B	4	0	the unique named geometry is not a semantic anchor; layout equality alone cannot identify a type
0	EXACT_20C5012EB187	/SubmarineTitans/Recovered/PointerShapes/AnonNested_AnonShape_006CECB0_97249119_0030_44E28187	/SubmarineTitans/Recovered/PointerShapes/AnonNested_RecoveredRecordView_005C5EB0_6F980905_000C_00BFBEA4	4	0	the unique named geometry is not a semantic anchor; layout equality alone cannot identify a type
0	EXACT_23A48E3DD156	/SubmarineTitans/Recovered/PointerShapes/RecoveredRecord_00755D40_97E6B3C8	/SubmarineTitans/Recovered/PointerShapes/RecoveredRecord_00755D40_97E6B3C8	10	0	anonymous geometry match only; no named semantic anchor
0	EXACT_23A48E3DD156	/SubmarineTitans/Recovered/PointerShapes/RecoveredRecord_00755D40_97E6B3C8	/SubmarineTitans/Recovered/PointerShapes/RecoveredRecord_007574C0_96B4D703	10	0	anonymous geometry match only; no named semantic anchor
0	EXACT_255BDC19CA7A	/SubmarineTitans/Recovered/PointerShapes/AnonShape_0065E900_F86511DB	/SubmarineTitans/Recovered/PointerShapes/AnonShape_0065E900_F86511DB	44	0	anonymous geometry match only; no named semantic anchor
0	EXACT_255BDC19CA7A	/SubmarineTitans/Recovered/PointerShapes/AnonShape_0065E900_F86511DB	/SubmarineTitans/Recovered/PointerShapes/RecoveredRecordView_0065E860_255BDC19	44	0	anonymous geometry match only; no named semantic anchor
0	EXACT_26D9B24C3DFA	/SubmarineTitans/Recovered/ClassPointees/AnonPointee_FSGSTy_1A97	/SubmarineTitans/Recovered/ClassPointees/AnonPointee_FSGSTy_1A97	24	0	anonymous geometry match only; no named semantic anchor
0	EXACT_26D9B24C3DFA	/SubmarineTitans/Recovered/ClassPointees/AnonPointee_FSGSTy_1A97	/SubmarineTitans/Recovered/ClassPointees/AnonPointee_HelpPanelTy_0068	24	0	anonymous geometry match only; no named semantic anchor
0	EXACT_26D9B24C3DFA	/SubmarineTitans/Recovered/ClassPointees/AnonPointee_FSGSTy_1A97	/SubmarineTitans/Recovered/ClassPointees/AnonPointee_HelpPanelTy_0218	24	0	anonymous geometry match only; no named semantic anchor
0	EXACT_26D9B24C3DFA	/SubmarineTitans/Recovered/ClassPointees/AnonPointee_FSGSTy_1A97	/SubmarineTitans/Recovered/ClassPointees/AnonPointee_MReportTy_0077	24	0	anonymous geometry match only; no named semantic anchor
0	EXACT_26D9B24C3DFA	/SubmarineTitans/Recovered/ClassPointees/AnonPointee_FSGSTy_1A97	/SubmarineTitans/Recovered/ClassPointees/AnonPointee_MTaskTy_06BF	24	0	anonymous geometry match only; no named semantic anchor
0	EXACT_2F54E3439C9E	/SubmarineTitans/Recovered/PointerShapes/AnonNested_007603B0_0050_0992C9A2	/SubmarineTitans/Recovered/PointerShapes/AnonNested_007603B0_0050_0992C9A2	228	0	anonymous geometry match only; no named semantic anchor
0	EXACT_2F54E3439C9E	/SubmarineTitans/Recovered/PointerShapes/AnonNested_007603B0_0050_0992C9A2	/SubmarineTitans/Recovered/PointerShapes/AnonNested_00760970_0050_3C80E9C1	228	0	anonymous geometry match only; no named semantic anchor
0	EXACT_308792A31552	/SubmarineTitans/Recovered/PointerShapes/RecoveredRecord_006F0E30_E46FC23B	/SubmarineTitans/Recovered/PointerShapes/RecoveredRecord_006F0E30_E46FC23B	24	0	anonymous geometry match only; no named semantic anchor
0	EXACT_308792A31552	/SubmarineTitans/Recovered/PointerShapes/RecoveredRecord_006F0E30_E46FC23B	/SubmarineTitans/Recovered/PointerShapes/RecoveredRecord_006F0E30_F311FECB	24	0	anonymous geometry match only; no named semantic anchor
0	EXACT_308792A31552	/SubmarineTitans/Recovered/PointerShapes/RecoveredRecord_006F0E30_E46FC23B	/SubmarineTitans/Recovered/PointerShapes/RecoveredRecord_006F0EA0_D55EB521	24	0	anonymous geometry match only; no named semantic anchor
0	EXACT_308792A31552	/SubmarineTitans/Recovered/PointerShapes/RecoveredRecord_006F0E30_E46FC23B	/SubmarineTitans/Recovered/PointerShapes/RecoveredRecord_006F2D10_2C6A4914	24	0	anonymous geometry match only; no named semantic anchor
0	EXACT_34AD6956013E	/SubmarineTitans/Recovered/PointerShapes/AnonShape_006E4480_50BB219F	/SubmarineTitans/Recovered/PointerShapes/AnonShape_006E4480_50BB219F	12	0	anonymous geometry match only; no named semantic anchor
0	EXACT_34AD6956013E	/SubmarineTitans/Recovered/PointerShapes/AnonShape_006E4480_50BB219F	/SubmarineTitans/Recovered/PointerShapes/AnonShape_006E45C0_FB272364	12	0	anonymous geometry match only; no named semantic anchor
0	EXACT_355AAC57982A	/SubmarineTitans/Recovered/PointerShapes/RecoveredRecord_AiEventClassTy_00650BD0	/SubmarineTitans/Recovered/PointerShapes/RecoveredRecord_AiEventClassTy_00650BD0	218	0	anonymous geometry match only; no named semantic anchor
0	EXACT_355AAC57982A	/SubmarineTitans/Recovered/PointerShapes/RecoveredRecord_AiEventClassTy_00650BD0	/SubmarineTitans/Recovered/PointerShapes/RecoveredRecord_AiEventClassTy_00650CF0	218	0	anonymous geometry match only; no named semantic anchor
0	EXACT_38EC75CB5DFA	/SubmarineTitans/Recovered/PointerShapes/RecoveredRecord_004D9BB0_48F292F0	/SubmarineTitans/Recovered/PointerShapes/RecoveredRecord_004D9BB0_48F292F0	1236	0	anonymous geometry match only; no named semantic anchor
0	EXACT_38EC75CB5DFA	/SubmarineTitans/Recovered/PointerShapes/RecoveredRecord_004D9BB0_48F292F0	/SubmarineTitans/Recovered/PointerShapes/RecoveredRecord_004ECDD0_65DE505A	1236	0	anonymous geometry match only; no named semantic anchor
0	EXACT_3E62F5FDDD60	/SubmarineTitans/Recovered/PointerShapes/RecoveredRecordView_006525E0_3E62F5FD	/SubmarineTitans/Recovered/PointerShapes/RecoveredRecordView_006525E0_3E62F5FD	216	0	anonymous geometry match only; no named semantic anchor
0	EXACT_3E62F5FDDD60	/SubmarineTitans/Recovered/PointerShapes/RecoveredRecordView_006525E0_3E62F5FD	/SubmarineTitans/Recovered/PointerShapes/RecoveredRecordView_00652670_3E62F5FD	216	0	anonymous geometry match only; no named semantic anchor
0	EXACT_40B1BED924C1	/SubmarineTitans/Recovered/PointerShapes/RecoveredRecord_AiEventClassTy_0064F780	/SubmarineTitans/Recovered/PointerShapes/RecoveredRecord_AiEventClassTy_0064F780	220	0	anonymous geometry match only; no named semantic anchor
0	EXACT_40B1BED924C1	/SubmarineTitans/Recovered/PointerShapes/RecoveredRecord_AiEventClassTy_0064F780	/SubmarineTitans/Recovered/PointerShapes/RecoveredRecord_AiEventClassTy_0064F950	220	0	anonymous geometry match only; no named semantic anchor
0	EXACT_423DFC0EED38	/SubmarineTitans/Recovered/PointerShapes/AnonNested_AnonShape_005745E0_AF52CC75_044D_E2486BFB	/SubmarineTitans/Recovered/PointerShapes/AnonNested_AnonShape_005745E0_AF52CC75_044D_E2486BFB	16	0	anonymous geometry match only; no named semantic anchor
0	EXACT_423DFC0EED38	/SubmarineTitans/Recovered/PointerShapes/AnonNested_AnonShape_005745E0_AF52CC75_044D_E2486BFB	/SubmarineTitans/Recovered/PointerShapes/AnonNested_AnonShape_00575460_06C413C6_044D_A1003587	16	0	anonymous geometry match only; no named semantic anchor
0	EXACT_423DFC0EED38	/SubmarineTitans/Recovered/PointerShapes/AnonNested_AnonShape_005745E0_AF52CC75_044D_E2486BFB	/SubmarineTitans/Recovered/PointerShapes/AnonNested_AnonShape_00575460_06C413C6_0451_3D38181E	16	0	anonymous geometry match only; no named semantic anchor
0	EXACT_423DFC0EED38	/SubmarineTitans/Recovered/PointerShapes/AnonNested_AnonShape_005745E0_AF52CC75_044D_E2486BFB	/SubmarineTitans/Recovered/PointerShapes/AnonNested_RecoveredRecord_00575030_3480E3A1_0451_D5C45A4B	16	0	anonymous geometry match only; no named semantic anchor
0	EXACT_423DFC0EED38	/SubmarineTitans/Recovered/PointerShapes/AnonNested_AnonShape_005745E0_AF52CC75_044D_E2486BFB	/SubmarineTitans/Recovered/PointerShapes/AnonShape_00747874_535F3AAD	16	0	anonymous geometry match only; no named semantic anchor
0	EXACT_43FD25BE27AE	/SubmarineTitans/Recovered/PointerShapes/AnonShape_006D5ED0_6A5D6B49	/SubmarineTitans/Recovered/PointerShapes/AnonShape_006D5ED0_6A5D6B49	12	0	anonymous geometry match only; no named semantic anchor
0	EXACT_43FD25BE27AE	/SubmarineTitans/Recovered/PointerShapes/AnonShape_006D5ED0_6A5D6B49	/SubmarineTitans/Recovered/PointerShapes/RecoveredRecord_005AACB0_2533FD69	12	0	anonymous geometry match only; no named semantic anchor
0	EXACT_4B17F216634D	/SubmarineTitans/Recovered/ClassPointees/AnonPointee_PlaySystemTy_0039	/SubmarineTitans/Recovered/ClassPointees/AnonPointee_PlaySystemTy_0039	24	0	anonymous geometry match only; no named semantic anchor
0	EXACT_4B17F216634D	/SubmarineTitans/Recovered/ClassPointees/AnonPointee_PlaySystemTy_0039	/SubmarineTitans/Recovered/ClassPointees/AnonPointee_STPlaySystemC_0039	24	0	anonymous geometry match only; no named semantic anchor
0	EXACT_4B8A25D53BF1	/SubmarineTitans/Recovered/PointerShapes/RecoveredRecord_006BA740_A0A3FDA8	/SubmarineTitans/Recovered/PointerShapes/RecoveredRecord_006BA740_A0A3FDA8	16	0	anonymous geometry match only; no named semantic anchor
0	EXACT_4B8A25D53BF1	/SubmarineTitans/Recovered/PointerShapes/RecoveredRecord_006BA740_A0A3FDA8	/SubmarineTitans/Recovered/PointerShapes/RecoveredRecord_006BA760_C6EE148F	16	0	anonymous geometry match only; no named semantic anchor
0	EXACT_4D349F09D13A	/SubmarineTitans/Recovered/PointerShapes/RecoveredRecord_004DD2B0_72D0AD44	/SubmarineTitans/Recovered/PointerShapes/RecoveredRecord_004DD2B0_72D0AD44	40	0	anonymous geometry match only; no named semantic anchor
0	EXACT_4D349F09D13A	/SubmarineTitans/Recovered/PointerShapes/RecoveredRecord_004DD2B0_72D0AD44	/SubmarineTitans/Recovered/PointerShapes/RecoveredRecord_004DE030_FF2F073D	40	0	anonymous geometry match only; no named semantic anchor
0	EXACT_4D349F09D13A	/SubmarineTitans/Recovered/PointerShapes/RecoveredRecord_004DD2B0_72D0AD44	/SubmarineTitans/Recovered/PointerShapes/RecoveredRecord_004DEF50_827A6EEF	40	0	anonymous geometry match only; no named semantic anchor
0	EXACT_4D349F09D13A	/SubmarineTitans/Recovered/PointerShapes/RecoveredRecord_004DD2B0_72D0AD44	/SubmarineTitans/Recovered/PointerShapes/RecoveredRecord_004DF100_3B3D6BBD	40	0	anonymous geometry match only; no named semantic anchor
0	EXACT_4D349F09D13A	/SubmarineTitans/Recovered/PointerShapes/RecoveredRecord_004DD2B0_72D0AD44	/SubmarineTitans/Recovered/PointerShapes/RecoveredRecord_004DF910_541A5D53	40	0	anonymous geometry match only; no named semantic anchor
0	EXACT_4D349F09D13A	/SubmarineTitans/Recovered/PointerShapes/RecoveredRecord_004DD2B0_72D0AD44	/SubmarineTitans/Recovered/PointerShapes/RecoveredRecord_004DF950_B7AEE0F8	40	0	anonymous geometry match only; no named semantic anchor
0	EXACT_4D349F09D13A	/SubmarineTitans/Recovered/PointerShapes/RecoveredRecord_004DD2B0_72D0AD44	/SubmarineTitans/Recovered/PointerShapes/RecoveredRecord_004DFE90_BF94B3BE	40	0	anonymous geometry match only; no named semantic anchor
0	EXACT_4D349F09D13A	/SubmarineTitans/Recovered/PointerShapes/RecoveredRecord_004DD2B0_72D0AD44	/SubmarineTitans/Recovered/PointerShapes/RecoveredRecord_004E28D0_27E8535E	40	0	anonymous geometry match only; no named semantic anchor
0	EXACT_4D349F09D13A	/SubmarineTitans/Recovered/PointerShapes/RecoveredRecord_004DD2B0_72D0AD44	/SubmarineTitans/Recovered/PointerShapes/RecoveredRecord_004E4480_A040BC9C	40	0	anonymous geometry match only; no named semantic anchor
0	EXACT_4D349F09D13A	/SubmarineTitans/Recovered/PointerShapes/RecoveredRecord_004DD2B0_72D0AD44	/SubmarineTitans/Recovered/PointerShapes/RecoveredRecord_004E48F0_57009E81	40	0	anonymous geometry match only; no named semantic anchor
0	EXACT_4D349F09D13A	/SubmarineTitans/Recovered/PointerShapes/RecoveredRecord_004DD2B0_72D0AD44	/SubmarineTitans/Recovered/PointerShapes/RecoveredRecord_004ECAC0_58E78526	40	0	anonymous geometry match only; no named semantic anchor
0	EXACT_533607CBE037	/SubmarineTitans/Recovered/PointerShapes/AnonShape_005EC370_C8356E04	/SubmarineTitans/Recovered/PointerShapes/AnonShape_005EC370_C8356E04	586	0	anonymous geometry match only; no named semantic anchor
0	EXACT_533607CBE037	/SubmarineTitans/Recovered/PointerShapes/AnonShape_005EC370_C8356E04	/SubmarineTitans/Recovered/PointerShapes/AnonShape_005FCAD0_CB9D1D1A	586	0	anonymous geometry match only; no named semantic anchor
0	EXACT_5477F99ABFA8	/SubmarineTitans/Recovered/PointerShapes/AnonShape_007115E0_FC3147FF	/SubmarineTitans/Recovered/PointerShapes/AnonShape_007115E0_FC3147FF	24	0	anonymous geometry match only; no named semantic anchor
0	EXACT_5477F99ABFA8	/SubmarineTitans/Recovered/PointerShapes/AnonShape_007115E0_FC3147FF	/SubmarineTitans/Recovered/PointerShapes/AnonShape_00711670_5F8DCCF2	24	0	anonymous geometry match only; no named semantic anchor
0	EXACT_5477F99ABFA8	/SubmarineTitans/Recovered/PointerShapes/AnonShape_007115E0_FC3147FF	/SubmarineTitans/Recovered/PointerShapes/RecoveredRecordView_0055C320_5477F99A	24	0	anonymous geometry match only; no named semantic anchor
0	EXACT_553515B4E39D	/SubmarineTitans/Recovered/PointerShapes/RecoveredRecord_00580860_5AE9515A	/SubmarineTitans/Recovered/PointerShapes/RecoveredRecord_00580860_5AE9515A	11	0	anonymous geometry match only; no named semantic anchor
0	EXACT_553515B4E39D	/SubmarineTitans/Recovered/PointerShapes/RecoveredRecord_00580860_5AE9515A	/SubmarineTitans/Recovered/PointerShapes/RecoveredRecord_005808A0_34963C85	11	0	anonymous geometry match only; no named semantic anchor
0	EXACT_58131586CE1D	/SubmarineTitans/Recovered/PointerShapes/RecoveredRecord_006B1940_D755D03E	/SubmarineTitans/Recovered/PointerShapes/RecoveredRecord_006B1940_D755D03E	468	0	anonymous geometry match only; no named semantic anchor
0	EXACT_58131586CE1D	/SubmarineTitans/Recovered/PointerShapes/RecoveredRecord_006B1940_D755D03E	/SubmarineTitans/Recovered/PointerShapes/RecoveredRecord_006B1960_252591BF	468	0	anonymous geometry match only; no named semantic anchor
0	EXACT_5853DA378E51	/SubmarineTitans/Recovered/PointerShapes/RecoveredRecord_00698DB0_1CB5EC78	/SubmarineTitans/Recovered/PointerShapes/RecoveredRecord_00698DB0_1CB5EC78	10	0	anonymous geometry match only; no named semantic anchor
0	EXACT_5853DA378E51	/SubmarineTitans/Recovered/PointerShapes/RecoveredRecord_00698DB0_1CB5EC78	/SubmarineTitans/Recovered/PointerShapes/RecoveredRecord_00698DB0_DA155C11	10	0	anonymous geometry match only; no named semantic anchor
0	EXACT_5855BCD0062A	/SubmarineTitans/Recovered/PointerShapes/RecoveredRecord_AiEventClassTy_00650480	/SubmarineTitans/Recovered/PointerShapes/RecoveredRecord_AiEventClassTy_00650480	220	0	anonymous geometry match only; no named semantic anchor
0	EXACT_5855BCD0062A	/SubmarineTitans/Recovered/PointerShapes/RecoveredRecord_AiEventClassTy_00650480	/SubmarineTitans/Recovered/PointerShapes/RecoveredRecord_AiEventClassTy_00650600	220	0	anonymous geometry match only; no named semantic anchor
0	EXACT_5B9847DC8C64	/SubmarineTitans/Recovered/PointerShapes/RecoveredRecord_00529F90_28CA9BE3	/SubmarineTitans/Recovered/PointerShapes/RecoveredRecord_00529F90_28CA9BE3	24	0	anonymous geometry match only; no named semantic anchor
0	EXACT_5B9847DC8C64	/SubmarineTitans/Recovered/PointerShapes/RecoveredRecord_00529F90_28CA9BE3	/SubmarineTitans/Recovered/PointerShapes/RecoveredRecord_00529FE0_85E582CB	24	0	anonymous geometry match only; no named semantic anchor
0	EXACT_5B9847DC8C64	/SubmarineTitans/Recovered/PointerShapes/RecoveredRecord_00529F90_28CA9BE3	/SubmarineTitans/Recovered/PointerShapes/RecoveredRecord_0052A030_A4DBF22A	24	0	anonymous geometry match only; no named semantic anchor
0	EXACT_5B9847DC8C64	/SubmarineTitans/Recovered/PointerShapes/RecoveredRecord_00529F90_28CA9BE3	/SubmarineTitans/Recovered/PointerShapes/RecoveredRecord_0052A080_FE10D39B	24	0	anonymous geometry match only; no named semantic anchor
0	EXACT_5B9847DC8C64	/SubmarineTitans/Recovered/PointerShapes/RecoveredRecord_00529F90_28CA9BE3	/SubmarineTitans/Recovered/PointerShapes/RecoveredRecord_0052A0D0_AA895067	24	0	anonymous geometry match only; no named semantic anchor
0	EXACT_5B9847DC8C64	/SubmarineTitans/Recovered/PointerShapes/RecoveredRecord_00529F90_28CA9BE3	/SubmarineTitans/Recovered/PointerShapes/RecoveredRecord_0052A140_CB7DEA2A	24	0	anonymous geometry match only; no named semantic anchor
0	EXACT_5B9847DC8C64	/SubmarineTitans/Recovered/PointerShapes/RecoveredRecord_00529F90_28CA9BE3	/SubmarineTitans/Recovered/PointerShapes/RecoveredRecord_0052A190_200815B9	24	0	anonymous geometry match only; no named semantic anchor
0	EXACT_5B9847DC8C64	/SubmarineTitans/Recovered/PointerShapes/RecoveredRecord_00529F90_28CA9BE3	/SubmarineTitans/Recovered/PointerShapes/RecoveredRecord_0052A1E0_8B1F7625	24	0	anonymous geometry match only; no named semantic anchor
0	EXACT_5B9847DC8C64	/SubmarineTitans/Recovered/PointerShapes/RecoveredRecord_00529F90_28CA9BE3	/SubmarineTitans/Recovered/PointerShapes/RecoveredRecord_0052A230_82824298	24	0	anonymous geometry match only; no named semantic anchor
0	EXACT_5B9847DC8C64	/SubmarineTitans/Recovered/PointerShapes/RecoveredRecord_00529F90_28CA9BE3	/SubmarineTitans/Recovered/PointerShapes/RecoveredRecord_0052A280_B7ADADEA	24	0	anonymous geometry match only; no named semantic anchor
0	EXACT_5B9847DC8C64	/SubmarineTitans/Recovered/PointerShapes/RecoveredRecord_00529F90_28CA9BE3	/SubmarineTitans/Recovered/PointerShapes/RecoveredRecord_0052A2D0_279FA866	24	0	anonymous geometry match only; no named semantic anchor
0	EXACT_5B9847DC8C64	/SubmarineTitans/Recovered/PointerShapes/RecoveredRecord_00529F90_28CA9BE3	/SubmarineTitans/Recovered/PointerShapes/RecoveredRecord_0052A390_F1ABEB26	24	0	anonymous geometry match only; no named semantic anchor
0	EXACT_5B9847DC8C64	/SubmarineTitans/Recovered/PointerShapes/RecoveredRecord_00529F90_28CA9BE3	/SubmarineTitans/Recovered/PointerShapes/RecoveredRecord_0052A3E0_3ACAB03C	24	0	anonymous geometry match only; no named semantic anchor
0	EXACT_5BE2C78C2D5C	/SubmarineTitans/Recovered/ClassPointees/AnonPointee_STAllPlayersC_01A5	/SubmarineTitans/Recovered/ClassPointees/AnonPointee_STAllPlayersC_01A5	12	0	anonymous geometry match only; no named semantic anchor
0	EXACT_5BE2C78C2D5C	/SubmarineTitans/Recovered/ClassPointees/AnonPointee_STAllPlayersC_01A5	/SubmarineTitans/Recovered/ClassPointees/AnonPointee_STAllPlayersC_01A9	12	0	anonymous geometry match only; no named semantic anchor
0	EXACT_5BE2C78C2D5C	/SubmarineTitans/Recovered/ClassPointees/AnonPointee_STAllPlayersC_01A5	/SubmarineTitans/Recovered/HiddenThis/RecoveredReceiver_00693B20	12	0	anonymous geometry match only; no named semantic anchor
0	EXACT_5BE2C78C2D5C	/SubmarineTitans/Recovered/ClassPointees/AnonPointee_STAllPlayersC_01A5	/SubmarineTitans/Recovered/PointerShapes/AnonNested_004EF5F0_0014_2E827CED	12	0	anonymous geometry match only; no named semantic anchor
0	EXACT_5BE2C78C2D5C	/SubmarineTitans/Recovered/ClassPointees/AnonPointee_STAllPlayersC_01A5	/SubmarineTitans/Recovered/PointerShapes/AnonNested_0052A7B0_0014_0177A204	12	0	anonymous geometry match only; no named semantic anchor
0	EXACT_5BE2C78C2D5C	/SubmarineTitans/Recovered/ClassPointees/AnonPointee_STAllPlayersC_01A5	/SubmarineTitans/Recovered/PointerShapes/AnonNested_0052A890_0014_9BCDCE5B	12	0	anonymous geometry match only; no named semantic anchor
0	EXACT_5BE2C78C2D5C	/SubmarineTitans/Recovered/ClassPointees/AnonPointee_STAllPlayersC_01A5	/SubmarineTitans/Recovered/PointerShapes/AnonNested_AnonShape_00754B80_75BFDB7A_0080_4681841F	12	0	anonymous geometry match only; no named semantic anchor
0	EXACT_5D39C41FFC05	/SubmarineTitans/Recovered/PointerShapes/RecoveredRecord_007285D0_033BCCA5	/SubmarineTitans/Recovered/PointerShapes/RecoveredRecord_007285D0_033BCCA5	40	0	anonymous geometry match only; no named semantic anchor
0	EXACT_5D39C41FFC05	/SubmarineTitans/Recovered/PointerShapes/RecoveredRecord_007285D0_033BCCA5	/SubmarineTitans/Recovered/PointerShapes/RecoveredRecord_007285D0_B1C1C37A	40	0	anonymous geometry match only; no named semantic anchor
0	EXACT_5D421CF18A30	/SubmarineTitans/Recovered/PointerShapes/RecoveredRecord_00752030_828E6372	/SubmarineTitans/Recovered/PointerShapes/RecoveredRecord_00752030_828E6372	54	0	anonymous geometry match only; no named semantic anchor
0	EXACT_5D421CF18A30	/SubmarineTitans/Recovered/PointerShapes/RecoveredRecord_00752030_828E6372	/SubmarineTitans/Recovered/PointerShapes/RecoveredRecord_00752060_B3F98700	54	0	anonymous geometry match only; no named semantic anchor
0	EXACT_5D421CF18A30	/SubmarineTitans/Recovered/PointerShapes/RecoveredRecord_00752030_828E6372	/SubmarineTitans/Recovered/PointerShapes/RecoveredRecord_00752080_C15D4E0F	54	0	anonymous geometry match only; no named semantic anchor
0	EXACT_5D5C14DF77D5	/SubmarineTitans/Recovered/PointerShapes/RecoveredRecord_AiEventClassTy_0064FD80	/SubmarineTitans/Recovered/PointerShapes/RecoveredRecord_AiEventClassTy_0064FD80	216	0	anonymous geometry match only; no named semantic anchor
0	EXACT_5D5C14DF77D5	/SubmarineTitans/Recovered/PointerShapes/RecoveredRecord_AiEventClassTy_0064FD80	/SubmarineTitans/Recovered/PointerShapes/RecoveredRecord_AiEventClassTy_00650240	216	0	anonymous geometry match only; no named semantic anchor
0	EXACT_5DBEA2CAB5CA	/SubmarineTitans/Recovered/PointerShapes/AnonShape_0075E750_D250320C	/SubmarineTitans/Recovered/PointerShapes/AnonShape_0075E750_D250320C	448	0	anonymous geometry match only; no named semantic anchor
0	EXACT_5DBEA2CAB5CA	/SubmarineTitans/Recovered/PointerShapes/AnonShape_0075E750_D250320C	/SubmarineTitans/Recovered/PointerShapes/AnonShape_0075E7D0_08EF6D02	448	0	anonymous geometry match only; no named semantic anchor
0	EXACT_5E16D480C268	/SubmarineTitans/Recovered/PointerShapes/AnonNested_0053FCD0_0014_03E531EF	/SubmarineTitans/Recovered/PointerShapes/AnonNested_0053FCD0_0014_03E531EF	20	0	anonymous geometry match only; no named semantic anchor
0	EXACT_5E16D480C268	/SubmarineTitans/Recovered/PointerShapes/AnonNested_0053FCD0_0014_03E531EF	/SubmarineTitans/Recovered/PointerShapes/AnonNested_0053FEE0_0014_154E5252	20	0	anonymous geometry match only; no named semantic anchor
0	EXACT_60F0F4F3DACC	/SubmarineTitans/Recovered/PointerShapes/RecoveredRecordView_00449E60_60F0F4F3	/SubmarineTitans/Recovered/PointerShapes/RecoveredRecordView_00449E60_60F0F4F3	40	0	anonymous geometry match only; no named semantic anchor
0	EXACT_60F0F4F3DACC	/SubmarineTitans/Recovered/PointerShapes/RecoveredRecordView_00449E60_60F0F4F3	/SubmarineTitans/Recovered/PointerShapes/RecoveredRecordView_0044A730_60F0F4F3	40	0	anonymous geometry match only; no named semantic anchor
0	EXACT_60F0F4F3DACC	/SubmarineTitans/Recovered/PointerShapes/RecoveredRecordView_00449E60_60F0F4F3	/SubmarineTitans/Recovered/PointerShapes/RecoveredRecordView_0044AA20_60F0F4F3	40	0	anonymous geometry match only; no named semantic anchor
0	EXACT_67463A6BAF2C	/SubmarineTitans/Recovered/PointerShapes/RecoveredRecord_00626FC0_FA8FB6E1	/SubmarineTitans/Recovered/PointerShapes/RecoveredRecord_00626FC0_FA8FB6E1	11	0	anonymous geometry match only; no named semantic anchor
0	EXACT_67463A6BAF2C	/SubmarineTitans/Recovered/PointerShapes/RecoveredRecord_00626FC0_FA8FB6E1	/SubmarineTitans/Recovered/PointerShapes/RecoveredRecord_00627050_FBBC2658	11	0	anonymous geometry match only; no named semantic anchor
0	EXACT_6AB8820437D4	/SubmarineTitans/Recovered/PointerShapes/AnonShape_006A58B0_8049417A	/SubmarineTitans/Recovered/PointerShapes/AnonShape_006A58B0_8049417A	52	2	anonymous geometry match only; no named semantic anchor
0	EXACT_6AB8820437D4	/SubmarineTitans/Recovered/PointerShapes/AnonShape_006A58B0_8049417A	/SubmarineTitans/Recovered/PointerShapes/AnonShape_006A58B0_CDE73679	52	2	anonymous geometry match only; no named semantic anchor
0	EXACT_6B1210884B1E	/SubmarineTitans/Recovered/PointerShapes/AnonShape_0040F220_06315B9F	/SubmarineTitans/Recovered/PointerShapes/AnonShape_0040F220_06315B9F	20	0	anonymous geometry match only; no named semantic anchor
0	EXACT_6B1210884B1E	/SubmarineTitans/Recovered/PointerShapes/AnonShape_0040F220_06315B9F	/SubmarineTitans/Recovered/PointerShapes/AnonShape_0040F220_61B59860	20	0	anonymous geometry match only; no named semantic anchor
0	EXACT_6B6F72F86E91	/SubmarineTitans/Recovered/PointerShapes/RecoveredRecordView_00567220_6B6F72F8	/SubmarineTitans/Recovered/PointerShapes/RecoveredRecordView_00567220_6B6F72F8	3984	0	anonymous geometry match only; no named semantic anchor
0	EXACT_6B6F72F86E91	/SubmarineTitans/Recovered/PointerShapes/RecoveredRecordView_00567220_6B6F72F8	/SubmarineTitans/Recovered/PointerShapes/RecoveredRecordView_005672E0_6B6F72F8	3984	0	anonymous geometry match only; no named semantic anchor
0	EXACT_6CDB7C1B5322	/SubmarineTitans/Recovered/PointerShapes/RecoveredRecord_00694100_0F40F2B2	/SubmarineTitans/Recovered/PointerShapes/RecoveredRecord_00694100_0F40F2B2	6561	0	anonymous geometry match only; no named semantic anchor
0	EXACT_6CDB7C1B5322	/SubmarineTitans/Recovered/PointerShapes/RecoveredRecord_00694100_0F40F2B2	/SubmarineTitans/Recovered/PointerShapes/RecoveredRecord_00694510_C4C313B6	6561	0	anonymous geometry match only; no named semantic anchor
0	EXACT_6FAC7F27346F	/SubmarineTitans/Recovered/PointerShapes/RecoveredRecordView_004EAF90_6FAC7F27	/SubmarineTitans/Recovered/PointerShapes/RecoveredRecordView_004EAF90_6FAC7F27	1240	0	anonymous geometry match only; no named semantic anchor
0	EXACT_6FAC7F27346F	/SubmarineTitans/Recovered/PointerShapes/RecoveredRecordView_004EAF90_6FAC7F27	/SubmarineTitans/Recovered/PointerShapes/RecoveredRecord_004D9620_0A743BB7	1240	0	anonymous geometry match only; no named semantic anchor
0	EXACT_6FAC7F27346F	/SubmarineTitans/Recovered/PointerShapes/RecoveredRecordView_004EAF90_6FAC7F27	/SubmarineTitans/Recovered/PointerShapes/RecoveredRecord_004DA2B0_CDACE95B	1240	0	anonymous geometry match only; no named semantic anchor
0	EXACT_6FAC7F27346F	/SubmarineTitans/Recovered/PointerShapes/RecoveredRecordView_004EAF90_6FAC7F27	/SubmarineTitans/Recovered/PointerShapes/RecoveredRecord_004ED4B0_7C418538	1240	0	anonymous geometry match only; no named semantic anchor
0	EXACT_711F2325318A	/SubmarineTitans/Recovered/PointerShapes/RecoveredRecord_00660D10_4E35C399	/SubmarineTitans/Recovered/PointerShapes/RecoveredRecord_00660D10_4E35C399	14	0	anonymous geometry match only; no named semantic anchor
0	EXACT_711F2325318A	/SubmarineTitans/Recovered/PointerShapes/RecoveredRecord_00660D10_4E35C399	/SubmarineTitans/Recovered/PointerShapes/RecoveredRecord_00660D10_E926646A	14	0	anonymous geometry match only; no named semantic anchor
0	EXACT_7A014DD4DC1B	/SubmarineTitans/Recovered/PointerShapes/AnonShape_005F10D0_60EBA416	/SubmarineTitans/Recovered/PointerShapes/AnonShape_005F10D0_60EBA416	16	0	anonymous geometry match only; no named semantic anchor
0	EXACT_7A014DD4DC1B	/SubmarineTitans/Recovered/PointerShapes/AnonShape_005F10D0_60EBA416	/SubmarineTitans/Recovered/PointerShapes/AnonShape_0062CCA0_BAB34A07	16	0	anonymous geometry match only; no named semantic anchor
0	EXACT_7A014DD4DC1B	/SubmarineTitans/Recovered/PointerShapes/AnonShape_005F10D0_60EBA416	/SubmarineTitans/Recovered/PointerShapes/AnonShape_00630430_7FBC9B9C	16	0	anonymous geometry match only; no named semantic anchor
0	EXACT_7A014DD4DC1B	/SubmarineTitans/Recovered/PointerShapes/AnonShape_005F10D0_60EBA416	/SubmarineTitans/Recovered/PointerShapes/RecoveredRecord_0060E680_206C65A9	16	0	anonymous geometry match only; no named semantic anchor
0	EXACT_7A298931C868	/SubmarineTitans/Recovered/PointerShapes/RecoveredRecord_00568850_A20B8306	/SubmarineTitans/Recovered/PointerShapes/RecoveredRecord_00568850_A20B8306	12	0	anonymous geometry match only; no named semantic anchor
0	EXACT_7A298931C868	/SubmarineTitans/Recovered/PointerShapes/RecoveredRecord_00568850_A20B8306	/SubmarineTitans/Recovered/PointerShapes/RecoveredRecord_0064E910_BEEF74E3	12	0	anonymous geometry match only; no named semantic anchor
0	EXACT_7A298931C868	/SubmarineTitans/Recovered/PointerShapes/RecoveredRecord_00568850_A20B8306	/SubmarineTitans/Recovered/PointerShapes/RecoveredRecord_0064E960_781AC0FD	12	0	anonymous geometry match only; no named semantic anchor
0	EXACT_7A298931C868	/SubmarineTitans/Recovered/PointerShapes/RecoveredRecord_00568850_A20B8306	/SubmarineTitans/Recovered/PointerShapes/RecoveredRecord_0064E9A0_7C06081A	12	0	anonymous geometry match only; no named semantic anchor
0	EXACT_7A298931C868	/SubmarineTitans/Recovered/PointerShapes/RecoveredRecord_00568850_A20B8306	/SubmarineTitans/Recovered/PointerShapes/RecoveredRecord_0064EA10_A671C4A7	12	0	anonymous geometry match only; no named semantic anchor
0	EXACT_7A298931C868	/SubmarineTitans/Recovered/PointerShapes/RecoveredRecord_00568850_A20B8306	/SubmarineTitans/Recovered/PointerShapes/RecoveredRecord_0064EA60_9905C978	12	0	anonymous geometry match only; no named semantic anchor
0	EXACT_7A298931C868	/SubmarineTitans/Recovered/PointerShapes/RecoveredRecord_00568850_A20B8306	/SubmarineTitans/Recovered/PointerShapes/RecoveredRecord_0064EAA0_C5553866	12	0	anonymous geometry match only; no named semantic anchor
0	EXACT_7A298931C868	/SubmarineTitans/Recovered/PointerShapes/RecoveredRecord_00568850_A20B8306	/SubmarineTitans/Recovered/PointerShapes/RecoveredRecord_0064F4C0_88F508D2	12	0	anonymous geometry match only; no named semantic anchor
0	EXACT_7AB397BD6524	/SubmarineTitans/Recovered/ClassPointees/AnonPointee_STAllPlayersC_01AD	/SubmarineTitans/Recovered/ClassPointees/AnonPointee_STAllPlayersC_01AD	12	0	anonymous geometry match only; no named semantic anchor
0	EXACT_7AB397BD6524	/SubmarineTitans/Recovered/ClassPointees/AnonPointee_STAllPlayersC_01AD	/SubmarineTitans/Recovered/ClassPointees/AnonPointee_STAllPlayersC_01B1	12	0	anonymous geometry match only; no named semantic anchor
0	EXACT_7AB397BD6524	/SubmarineTitans/Recovered/ClassPointees/AnonPointee_STAllPlayersC_01AD	/SubmarineTitans/Recovered/ClassPointees/AnonPointee_STAllPlayersC_01B5	12	0	anonymous geometry match only; no named semantic anchor
0	EXACT_7AB397BD6524	/SubmarineTitans/Recovered/ClassPointees/AnonPointee_STAllPlayersC_01AD	/SubmarineTitans/Recovered/ClassPointees/AnonPointee_STAllPlayersC_01B9	12	0	anonymous geometry match only; no named semantic anchor
0	EXACT_7AB397BD6524	/SubmarineTitans/Recovered/ClassPointees/AnonPointee_STAllPlayersC_01AD	/SubmarineTitans/Recovered/ClassPointees/AnonPointee_STGameObjC_01AD	12	0	anonymous geometry match only; no named semantic anchor
0	EXACT_7AB397BD6524	/SubmarineTitans/Recovered/ClassPointees/AnonPointee_STAllPlayersC_01AD	/SubmarineTitans/Recovered/ClassPointees/AnonPointee_STGameObjC_01B1	12	0	anonymous geometry match only; no named semantic anchor
0	EXACT_7AB397BD6524	/SubmarineTitans/Recovered/ClassPointees/AnonPointee_STAllPlayersC_01AD	/SubmarineTitans/Recovered/ClassPointees/AnonPointee_STGameObjC_01B5	12	0	anonymous geometry match only; no named semantic anchor
0	EXACT_7AB397BD6524	/SubmarineTitans/Recovered/ClassPointees/AnonPointee_STAllPlayersC_01AD	/SubmarineTitans/Recovered/ClassPointees/AnonPointee_STGameObjC_01B9	12	0	anonymous geometry match only; no named semantic anchor
0	EXACT_7C5B31A3C310	/SubmarineTitans/Recovered/PointerShapes/RecoveredRecord_0067BB20_006B47CA	/SubmarineTitans/Recovered/PointerShapes/RecoveredRecord_0067BB20_006B47CA	8	0	anonymous geometry match only; no named semantic anchor
0	EXACT_7C5B31A3C310	/SubmarineTitans/Recovered/PointerShapes/RecoveredRecord_0067BB20_006B47CA	/SubmarineTitans/Recovered/PointerShapes/RecoveredRecord_0067BB20_69AE14FD	8	0	anonymous geometry match only; no named semantic anchor
0	EXACT_7C5B31A3C310	/SubmarineTitans/Recovered/PointerShapes/RecoveredRecord_0067BB20_006B47CA	/SubmarineTitans/Recovered/PointerShapes/RecoveredRecord_00695010_96BA53C4	8	0	anonymous geometry match only; no named semantic anchor
0	EXACT_7DEE7A436AC8	/SubmarineTitans/Recovered/PointerShapes/RecoveredRecordView_004DFB00_7DEE7A43	/SubmarineTitans/Recovered/PointerShapes/RecoveredRecordView_004DFB00_7DEE7A43	1240	0	anonymous geometry match only; no named semantic anchor
0	EXACT_7DEE7A436AC8	/SubmarineTitans/Recovered/PointerShapes/RecoveredRecordView_004DFB00_7DEE7A43	/SubmarineTitans/Recovered/PointerShapes/RecoveredRecord_004B7A60_1232A2D3	1240	0	anonymous geometry match only; no named semantic anchor
0	EXACT_7DEE7A436AC8	/SubmarineTitans/Recovered/PointerShapes/RecoveredRecordView_004DFB00_7DEE7A43	/SubmarineTitans/Recovered/PointerShapes/RecoveredRecord_004DEBA0_DC2DF541	1240	0	anonymous geometry match only; no named semantic anchor
0	EXACT_807F114FE96F	/SubmarineTitans/Recovered/PointerShapes/AnonShape_0074B99C_A57FB945	/SubmarineTitans/Recovered/PointerShapes/AnonShape_0074B99C_A57FB945	72	0	anonymous geometry match only; no named semantic anchor
0	EXACT_807F114FE96F	/SubmarineTitans/Recovered/PointerShapes/AnonShape_0074B99C_A57FB945	/SubmarineTitans/Recovered/PointerShapes/AnonShape_0074BBC6_71B34D24	72	0	anonymous geometry match only; no named semantic anchor
0	EXACT_812DD1B5A8A3	/SubmarineTitans/Recovered/PointerShapes/RecoveredRecord_006B1C80_53649120	/SubmarineTitans/Recovered/PointerShapes/RecoveredRecord_006B1C80_53649120	436	0	anonymous geometry match only; no named semantic anchor
0	EXACT_812DD1B5A8A3	/SubmarineTitans/Recovered/PointerShapes/RecoveredRecord_006B1C80_53649120	/SubmarineTitans/Recovered/PointerShapes/RecoveredRecord_006B23A0_6D204B14	436	0	anonymous geometry match only; no named semantic anchor
0	EXACT_812DD1B5A8A3	/SubmarineTitans/Recovered/PointerShapes/RecoveredRecord_006B1C80_53649120	/SubmarineTitans/Recovered/PointerShapes/RecoveredRecord_006B27B0_FDD8E181	436	0	anonymous geometry match only; no named semantic anchor
0	EXACT_812DD1B5A8A3	/SubmarineTitans/Recovered/PointerShapes/RecoveredRecord_006B1C80_53649120	/SubmarineTitans/Recovered/PointerShapes/RecoveredRecord_006B2850_44647229	436	0	anonymous geometry match only; no named semantic anchor
0	EXACT_812DD1B5A8A3	/SubmarineTitans/Recovered/PointerShapes/RecoveredRecord_006B1C80_53649120	/SubmarineTitans/Recovered/PointerShapes/RecoveredRecord_006B30D0_CB79E1A3	436	0	anonymous geometry match only; no named semantic anchor
0	EXACT_812DD1B5A8A3	/SubmarineTitans/Recovered/PointerShapes/RecoveredRecord_006B1C80_53649120	/SubmarineTitans/Recovered/PointerShapes/RecoveredRecord_006B3930_A2828000	436	0	anonymous geometry match only; no named semantic anchor
0	EXACT_812DD1B5A8A3	/SubmarineTitans/Recovered/PointerShapes/RecoveredRecord_006B1C80_53649120	/SubmarineTitans/Recovered/PointerShapes/RecoveredRecord_006B3A40_EC4AA6D4	436	0	anonymous geometry match only; no named semantic anchor
0	EXACT_812DD1B5A8A3	/SubmarineTitans/Recovered/PointerShapes/RecoveredRecord_006B1C80_53649120	/SubmarineTitans/Recovered/PointerShapes/RecoveredRecord_006B3AB0_5288AE95	436	0	anonymous geometry match only; no named semantic anchor
0	EXACT_87AF9D9B06AA	/SubmarineTitans/Recovered/PointerShapes/AnonShape_006F31D0_08EF59F4	/SubmarineTitans/Recovered/PointerShapes/AnonShape_006F31D0_08EF59F4	22	0	anonymous geometry match only; no named semantic anchor
0	EXACT_87AF9D9B06AA	/SubmarineTitans/Recovered/PointerShapes/AnonShape_006F31D0_08EF59F4	/SubmarineTitans/Recovered/PointerShapes/AnonShape_00708D10_69880022	22	0	anonymous geometry match only; no named semantic anchor
0	EXACT_87AF9D9B06AA	/SubmarineTitans/Recovered/PointerShapes/AnonShape_006F31D0_08EF59F4	/SubmarineTitans/Recovered/PointerShapes/RecoveredRecordView_006B84D0_87AF9D9B	22	0	anonymous geometry match only; no named semantic anchor
0	EXACT_881963BBCF31	/SubmarineTitans/Recovered/PointerShapes/RecoveredRecord_006C7E30_5B8C824D	/SubmarineTitans/Recovered/PointerShapes/RecoveredRecord_006C7E30_5B8C824D	58	0	anonymous geometry match only; no named semantic anchor
0	EXACT_881963BBCF31	/SubmarineTitans/Recovered/PointerShapes/RecoveredRecord_006C7E30_5B8C824D	/SubmarineTitans/Recovered/PointerShapes/RecoveredRecord_006C7E80_DAB57774	58	0	anonymous geometry match only; no named semantic anchor
0	EXACT_881963BBCF31	/SubmarineTitans/Recovered/PointerShapes/RecoveredRecord_006C7E30_5B8C824D	/SubmarineTitans/Recovered/PointerShapes/RecoveredRecord_006C7E90_88CA822C	58	0	anonymous geometry match only; no named semantic anchor
0	EXACT_8B4EFB9B2074	/SubmarineTitans/Recovered/PointerShapes/AnonNested_AnonShape_007553F0_ACB112C2_000C_55EC6C8F	/SubmarineTitans/Recovered/PointerShapes/AnonNested_AnonShape_007553F0_ACB112C2_000C_55EC6C8F	32	0	anonymous geometry match only; no named semantic anchor
0	EXACT_8B4EFB9B2074	/SubmarineTitans/Recovered/PointerShapes/AnonNested_AnonShape_007553F0_ACB112C2_000C_55EC6C8F	/SubmarineTitans/Recovered/PointerShapes/AnonNested_AnonShape_00755BC0_D59C64DD_000C_BB505EE4	32	0	anonymous geometry match only; no named semantic anchor
0	EXACT_8B4EFB9B2074	/SubmarineTitans/Recovered/PointerShapes/AnonNested_AnonShape_007553F0_ACB112C2_000C_55EC6C8F	/SubmarineTitans/Recovered/PointerShapes/AnonNested_RecoveredRecordView_00755E10_DA2F2616_000C_7A3A6539	32	0	anonymous geometry match only; no named semantic anchor
0	EXACT_8CE49B624178	/SubmarineTitans/Recovered/PointerShapes/AnonShape_00490B30_6CCF6294	/SubmarineTitans/Recovered/PointerShapes/AnonShape_00490B30_6CCF6294	52	0	anonymous geometry match only; no named semantic anchor
0	EXACT_8CE49B624178	/SubmarineTitans/Recovered/PointerShapes/AnonShape_00490B30_6CCF6294	/SubmarineTitans/Recovered/PointerShapes/RecoveredRecord_STBoatC_00490B30	52	0	anonymous geometry match only; no named semantic anchor
0	EXACT_8E0ADF3D6951	/SubmarineTitans/Recovered/PointerShapes/AnonShape_006BC580_F6F161A5	/SubmarineTitans/Recovered/PointerShapes/AnonShape_006BC580_F6F161A5	72	0	anonymous geometry match only; no named semantic anchor
0	EXACT_8E0ADF3D6951	/SubmarineTitans/Recovered/PointerShapes/AnonShape_006BC580_F6F161A5	/SubmarineTitans/Recovered/PointerShapes/RecoveredGlobalRecordView_00854EE8	72	0	anonymous geometry match only; no named semantic anchor
0	EXACT_915718BF5BB9	/SubmarineTitans/Recovered/ClassPointees/AnonPointee_STAllPlayersC_0195	/SubmarineTitans/Recovered/ClassPointees/AnonPointee_STAllPlayersC_0195	20	0	anonymous geometry match only; no named semantic anchor
0	EXACT_915718BF5BB9	/SubmarineTitans/Recovered/ClassPointees/AnonPointee_STAllPlayersC_0195	/SubmarineTitans/Recovered/ClassPointees/AnonPointee_STAllPlayersC_0199	20	0	anonymous geometry match only; no named semantic anchor
0	EXACT_915718BF5BB9	/SubmarineTitans/Recovered/ClassPointees/AnonPointee_STAllPlayersC_0195	/SubmarineTitans/Recovered/ClassPointees/AnonPointee_STGameObjC_0195	20	0	anonymous geometry match only; no named semantic anchor
0	EXACT_915718BF5BB9	/SubmarineTitans/Recovered/ClassPointees/AnonPointee_STAllPlayersC_0195	/SubmarineTitans/Recovered/ClassPointees/AnonPointee_STGameObjC_0199	20	0	anonymous geometry match only; no named semantic anchor
0	EXACT_92C7D83B0ABD	/SubmarineTitans/Recovered/PointerShapes/RecoveredRecord_004AF080_5D31BF96	/SubmarineTitans/Recovered/PointerShapes/RecoveredRecord_004AF080_5D31BF96	28	0	anonymous geometry match only; no named semantic anchor
0	EXACT_92C7D83B0ABD	/SubmarineTitans/Recovered/PointerShapes/RecoveredRecord_004AF080_5D31BF96	/SubmarineTitans/Recovered/PointerShapes/RecoveredRecord_004B0D10_23CAA7D2	28	0	anonymous geometry match only; no named semantic anchor
0	EXACT_92C7D83B0ABD	/SubmarineTitans/Recovered/PointerShapes/RecoveredRecord_004AF080_5D31BF96	/SubmarineTitans/Recovered/PointerShapes/RecoveredRecord_004E9B10_29E30AA9	28	0	anonymous geometry match only; no named semantic anchor
0	EXACT_92C7D83B0ABD	/SubmarineTitans/Recovered/PointerShapes/RecoveredRecord_004AF080_5D31BF96	/SubmarineTitans/Recovered/PointerShapes/RecoveredRecord_004E9BB0_CD9D470B	28	0	anonymous geometry match only; no named semantic anchor
0	EXACT_92C7D83B0ABD	/SubmarineTitans/Recovered/PointerShapes/RecoveredRecord_004AF080_5D31BF96	/SubmarineTitans/Recovered/PointerShapes/RecoveredRecord_0064EC30_383D4D00	28	0	anonymous geometry match only; no named semantic anchor
0	EXACT_92C7D83B0ABD	/SubmarineTitans/Recovered/PointerShapes/RecoveredRecord_004AF080_5D31BF96	/SubmarineTitans/Recovered/PointerShapes/RecoveredRecord_006D61C0_FF7D95EC	28	0	anonymous geometry match only; no named semantic anchor
0	EXACT_PRODUCER_93E8F7D4095B	/SubmarineTitans/Recovered/LibraryContexts/DDXEntry_008075A8_01B0	/SubmarineTitans/Recovered/PointerShapes/AnonNested_AnonShape_006B1B10_121F236C_01B0_7CFC8645	212	1	exact full producer snapshot matches the generated semantic view which records this sole anonymous source in its provenance; a stored layout hash is verified when present
0	EXACT_94F4A2273638	/SubmarineTitans/Recovered/PointerShapes/AnonNested_0052EFB0_0018_CB007E0D	/SubmarineTitans/Recovered/PointerShapes/AnonNested_0052EFB0_0018_CB007E0D	16	0	the unique named geometry is not a semantic anchor; layout equality alone cannot identify a type
0	EXACT_94F4A2273638	/SubmarineTitans/Recovered/PointerShapes/AnonNested_0052EFB0_0018_CB007E0D	/SubmarineTitans/Recovered/PointerShapes/AnonNested_00538BA0_0018_DBC85CBF	16	0	the unique named geometry is not a semantic anchor; layout equality alone cannot identify a type
0	EXACT_94F4A2273638	/SubmarineTitans/Recovered/PointerShapes/AnonNested_0052EFB0_0018_CB007E0D	/SubmarineTitans/Recovered/PointerShapes/AnonNested_00538DB0_0018_D0DE3542	16	0	the unique named geometry is not a semantic anchor; layout equality alone cannot identify a type
0	EXACT_94F4A2273638	/SubmarineTitans/Recovered/PointerShapes/AnonNested_0052EFB0_0018_CB007E0D	/SubmarineTitans/Recovered/PointerShapes/AnonNested_0053D920_0018_8DE8F5C2	16	0	the unique named geometry is not a semantic anchor; layout equality alone cannot identify a type
0	EXACT_94F4A2273638	/SubmarineTitans/Recovered/PointerShapes/AnonNested_0052EFB0_0018_CB007E0D	/SubmarineTitans/Recovered/PointerShapes/AnonNested_0053DAF0_0018_BAFC63C8	16	0	the unique named geometry is not a semantic anchor; layout equality alone cannot identify a type
0	EXACT_9671F59DA19E	/SubmarineTitans/Recovered/PointerShapes/AnonNested_0052BDA0_007E_1B3446E2	/SubmarineTitans/Recovered/PointerShapes/AnonNested_0052BDA0_007E_1B3446E2	24	0	anonymous geometry match only; no named semantic anchor
0	EXACT_9671F59DA19E	/SubmarineTitans/Recovered/PointerShapes/AnonNested_0052BDA0_007E_1B3446E2	/SubmarineTitans/Recovered/PointerShapes/RecoveredRecord_MReportTy_005BD4B0	24	0	anonymous geometry match only; no named semantic anchor
0	EXACT_A1DC09B48C32	/SubmarineTitans/Recovered/ClassPointees/AnonPointee_STAppC_115A	/SubmarineTitans/Recovered/ClassPointees/AnonPointee_STAppC_115A	8	0	the unique named geometry is not a semantic anchor; layout equality alone cannot identify a type
0	EXACT_A1DC09B48C32	/SubmarineTitans/Recovered/ClassPointees/AnonPointee_STAppC_115A	/SubmarineTitans/Recovered/ClassPointees/AnonPointee_StartSystemTy_000C	8	0	the unique named geometry is not a semantic anchor; layout equality alone cannot identify a type
0	EXACT_A1DC09B48C32	/SubmarineTitans/Recovered/ClassPointees/AnonPointee_STAppC_115A	/SubmarineTitans/Recovered/PointerShapes/AnonNested_AnonShape_004F3FE0_1578D6B9_0018_7B0E2AAD	8	0	the unique named geometry is not a semantic anchor; layout equality alone cannot identify a type
0	EXACT_A1DC09B48C32	/SubmarineTitans/Recovered/ClassPointees/AnonPointee_STAppC_115A	/SubmarineTitans/Recovered/PointerShapes/AnonNested_AnonShape_00757D90_5427B306_0010_D8C59A06	8	0	the unique named geometry is not a semantic anchor; layout equality alone cannot identify a type
0	EXACT_A1DC09B48C32	/SubmarineTitans/Recovered/ClassPointees/AnonPointee_STAppC_115A	/SubmarineTitans/Recovered/PointerShapes/AnonNested_AnonShape_0075DF10_BA4C6604_0000_7BE2CA10	8	0	the unique named geometry is not a semantic anchor; layout equality alone cannot identify a type
0	EXACT_A1DC09B48C32	/SubmarineTitans/Recovered/ClassPointees/AnonPointee_STAppC_115A	/SubmarineTitans/Recovered/PointerShapes/AnonNested_RecoveredRecord_0075B8E0_0BFBB4AB_01AA_F7377AC4	8	0	the unique named geometry is not a semantic anchor; layout equality alone cannot identify a type
0	EXACT_A1DC09B48C32	/SubmarineTitans/Recovered/ClassPointees/AnonPointee_STAppC_115A	/SubmarineTitans/Recovered/PointerShapes/AnonShape_006747E0_C06E010E	8	0	the unique named geometry is not a semantic anchor; layout equality alone cannot identify a type
0	EXACT_A37677F93D02	/SubmarineTitans/Recovered/PointerShapes/AnonShape_006C5A10_DB2339A4	/SubmarineTitans/Recovered/PointerShapes/AnonShape_006C5A10_DB2339A4	1184	0	anonymous geometry match only; no named semantic anchor
0	EXACT_A37677F93D02	/SubmarineTitans/Recovered/PointerShapes/AnonShape_006C5A10_DB2339A4	/SubmarineTitans/Recovered/PointerShapes/AnonShape_006C5B00_75F2A72F	1184	0	anonymous geometry match only; no named semantic anchor
0	EXACT_A37677F93D02	/SubmarineTitans/Recovered/PointerShapes/AnonShape_006C5A10_DB2339A4	/SubmarineTitans/Recovered/PointerShapes/AnonShape_006C5BF0_474F0272	1184	0	anonymous geometry match only; no named semantic anchor
0	EXACT_A37677F93D02	/SubmarineTitans/Recovered/PointerShapes/AnonShape_006C5A10_DB2339A4	/SubmarineTitans/Recovered/PointerShapes/AnonShape_006C5D00_C5C8A2E6	1184	0	anonymous geometry match only; no named semantic anchor
0	EXACT_A37677F93D02	/SubmarineTitans/Recovered/PointerShapes/AnonShape_006C5A10_DB2339A4	/SubmarineTitans/Recovered/PointerShapes/AnonShape_006C5E00_04F0C4FF	1184	0	anonymous geometry match only; no named semantic anchor
0	EXACT_A37677F93D02	/SubmarineTitans/Recovered/PointerShapes/AnonShape_006C5A10_DB2339A4	/SubmarineTitans/Recovered/PointerShapes/AnonShape_006C5F90_8AFC020B	1184	0	anonymous geometry match only; no named semantic anchor
0	EXACT_A37677F93D02	/SubmarineTitans/Recovered/PointerShapes/AnonShape_006C5A10_DB2339A4	/SubmarineTitans/Recovered/PointerShapes/AnonShape_006C6100_D1CCA835	1184	0	anonymous geometry match only; no named semantic anchor
0	EXACT_A37677F93D02	/SubmarineTitans/Recovered/PointerShapes/AnonShape_006C5A10_DB2339A4	/SubmarineTitans/Recovered/PointerShapes/AnonShape_006C6290_2B502C58	1184	0	anonymous geometry match only; no named semantic anchor
0	EXACT_A3D52675EDDD	/SubmarineTitans/Recovered/PointerShapes/AnonNested_004D0670_01F5_FCC3211A	/SubmarineTitans/Recovered/PointerShapes/AnonNested_004D0670_01F5_FCC3211A	348	0	anonymous geometry match only; no named semantic anchor
0	EXACT_A3D52675EDDD	/SubmarineTitans/Recovered/PointerShapes/AnonNested_004D0670_01F5_FCC3211A	/SubmarineTitans/Recovered/PointerShapes/AnonNested_004EC2A0_01F5_BFE69187	348	0	anonymous geometry match only; no named semantic anchor
0	EXACT_A433E41FD438	/SubmarineTitans/Recovered/ClassPointees/AnonPointee_STAllPlayersC_018D	/SubmarineTitans/Recovered/ClassPointees/AnonPointee_STAllPlayersC_018D	16	0	anonymous geometry match only; no named semantic anchor
0	EXACT_A433E41FD438	/SubmarineTitans/Recovered/ClassPointees/AnonPointee_STAllPlayersC_018D	/SubmarineTitans/Recovered/ClassPointees/AnonPointee_STAllPlayersC_0191	16	0	anonymous geometry match only; no named semantic anchor
0	EXACT_A433E41FD438	/SubmarineTitans/Recovered/ClassPointees/AnonPointee_STAllPlayersC_018D	/SubmarineTitans/Recovered/PointerShapes/AnonNested_AnonShape_004137F0_350C8AE0_0059_F07A8D99	16	0	anonymous geometry match only; no named semantic anchor
0	EXACT_A433E41FD438	/SubmarineTitans/Recovered/ClassPointees/AnonPointee_STAllPlayersC_018D	/SubmarineTitans/Recovered/PointerShapes/AnonNested_AnonShape_006D54C0_FBA73A61_0284_041C9282	16	0	anonymous geometry match only; no named semantic anchor
0	EXACT_A7B9146976C1	/SubmarineTitans/Recovered/PointerShapes/RecoveredRecord_00428E50_9DEE1150	/SubmarineTitans/Recovered/PointerShapes/RecoveredRecord_00428E50_9DEE1150	1113	0	anonymous geometry match only; no named semantic anchor
0	EXACT_A7B9146976C1	/SubmarineTitans/Recovered/PointerShapes/RecoveredRecord_00428E50_9DEE1150	/SubmarineTitans/Recovered/PointerShapes/RecoveredRecord_0052AB40_8E5CB246	1113	0	anonymous geometry match only; no named semantic anchor
0	EXACT_A7B9146976C1	/SubmarineTitans/Recovered/PointerShapes/RecoveredRecord_00428E50_9DEE1150	/SubmarineTitans/Recovered/PointerShapes/RecoveredRecord_00575640_E6D414E2	1113	0	anonymous geometry match only; no named semantic anchor
0	EXACT_A7B9146976C1	/SubmarineTitans/Recovered/PointerShapes/RecoveredRecord_00428E50_9DEE1150	/SubmarineTitans/Recovered/PointerShapes/RecoveredRecord_006A2ED0_9EFE711B	1113	0	anonymous geometry match only; no named semantic anchor
0	EXACT_AA54A22A6BFF	/SubmarineTitans/Recovered/PointerShapes/AnonShape_004F2560_E9671A44	/SubmarineTitans/Recovered/PointerShapes/AnonShape_004F2560_E9671A44	12	0	anonymous geometry match only; no named semantic anchor
0	EXACT_AA54A22A6BFF	/SubmarineTitans/Recovered/PointerShapes/AnonShape_004F2560_E9671A44	/SubmarineTitans/Recovered/PointerShapes/AnonShape_00515650_BBDC7053	12	0	anonymous geometry match only; no named semantic anchor
0	EXACT_AA54A22A6BFF	/SubmarineTitans/Recovered/PointerShapes/AnonShape_004F2560_E9671A44	/SubmarineTitans/Recovered/PointerShapes/RecoveredGlobalRecordView_00848A14	12	0	anonymous geometry match only; no named semantic anchor
0	EXACT_AA54A22A6BFF	/SubmarineTitans/Recovered/PointerShapes/AnonShape_004F2560_E9671A44	/SubmarineTitans/Recovered/PointerShapes/RecoveredRecordView_00412960_AA54A22A	12	0	anonymous geometry match only; no named semantic anchor
0	EXACT_AB57A892B2FA	/SubmarineTitans/Recovered/PointerShapes/AnonShape_0071C830_6B4541B2	/SubmarineTitans/Recovered/PointerShapes/AnonShape_0071C830_6B4541B2	116	0	anonymous geometry match only; no named semantic anchor
0	EXACT_AB57A892B2FA	/SubmarineTitans/Recovered/PointerShapes/AnonShape_0071C830_6B4541B2	/SubmarineTitans/Recovered/PointerShapes/AnonShape_0071C870_66664424	116	0	anonymous geometry match only; no named semantic anchor
0	EXACT_AFECD81B94B8	/SubmarineTitans/Recovered/PointerShapes/RecoveredRecordView_0064EF90_AFECD81B	/SubmarineTitans/Recovered/PointerShapes/RecoveredRecordView_0064EF90_AFECD81B	24	0	anonymous geometry match only; no named semantic anchor
0	EXACT_AFECD81B94B8	/SubmarineTitans/Recovered/PointerShapes/RecoveredRecordView_0064EF90_AFECD81B	/SubmarineTitans/Recovered/PointerShapes/RecoveredRecordView_00651770_AFECD81B	24	0	anonymous geometry match only; no named semantic anchor
0	EXACT_AFECD81B94B8	/SubmarineTitans/Recovered/PointerShapes/RecoveredRecordView_0064EF90_AFECD81B	/SubmarineTitans/Recovered/PointerShapes/RecoveredRecord_0064F470_8E2B40ED	24	0	anonymous geometry match only; no named semantic anchor
0	EXACT_AFECD81B94B8	/SubmarineTitans/Recovered/PointerShapes/RecoveredRecordView_0064EF90_AFECD81B	/SubmarineTitans/Recovered/PointerShapes/RecoveredRecord_006511E0_D143FD4C	24	0	anonymous geometry match only; no named semantic anchor
0	EXACT_B0ECC3FDA83A	/SubmarineTitans/Recovered/PointerShapes/RecoveredRecord_00512BE0_263FD6FB	/SubmarineTitans/Recovered/PointerShapes/RecoveredRecord_00512BE0_263FD6FB	12	0	anonymous geometry match only; no named semantic anchor
0	EXACT_B0ECC3FDA83A	/SubmarineTitans/Recovered/PointerShapes/RecoveredRecord_00512BE0_263FD6FB	/SubmarineTitans/Recovered/PointerShapes/RecoveredRecord_005783F0_545AD987	12	0	anonymous geometry match only; no named semantic anchor
0	EXACT_B0ECC3FDA83A	/SubmarineTitans/Recovered/PointerShapes/RecoveredRecord_00512BE0_263FD6FB	/SubmarineTitans/Recovered/PointerShapes/RecoveredRecord_0057B990_72164111	12	0	anonymous geometry match only; no named semantic anchor
0	EXACT_B0ECC3FDA83A	/SubmarineTitans/Recovered/PointerShapes/RecoveredRecord_00512BE0_263FD6FB	/SubmarineTitans/Recovered/PointerShapes/RecoveredRecord_005811C0_696D31CF	12	0	anonymous geometry match only; no named semantic anchor
0	EXACT_B0ECC3FDA83A	/SubmarineTitans/Recovered/PointerShapes/RecoveredRecord_00512BE0_263FD6FB	/SubmarineTitans/Recovered/PointerShapes/RecoveredRecord_00584AD0_6EDDB383	12	0	anonymous geometry match only; no named semantic anchor
0	EXACT_B0ECC3FDA83A	/SubmarineTitans/Recovered/PointerShapes/RecoveredRecord_00512BE0_263FD6FB	/SubmarineTitans/Recovered/PointerShapes/RecoveredRecord_005862E0_AFF1B07D	12	0	anonymous geometry match only; no named semantic anchor
0	EXACT_B0ECC3FDA83A	/SubmarineTitans/Recovered/PointerShapes/RecoveredRecord_00512BE0_263FD6FB	/SubmarineTitans/Recovered/PointerShapes/RecoveredRecord_005899E0_1FE8750F	12	0	anonymous geometry match only; no named semantic anchor
0	EXACT_B0ECC3FDA83A	/SubmarineTitans/Recovered/PointerShapes/RecoveredRecord_00512BE0_263FD6FB	/SubmarineTitans/Recovered/PointerShapes/RecoveredRecord_0058BB50_29AADF52	12	0	anonymous geometry match only; no named semantic anchor
0	EXACT_B0ECC3FDA83A	/SubmarineTitans/Recovered/PointerShapes/RecoveredRecord_00512BE0_263FD6FB	/SubmarineTitans/Recovered/PointerShapes/RecoveredRecord_005F1380_AD368A85	12	0	anonymous geometry match only; no named semantic anchor
0	EXACT_B0ECC3FDA83A	/SubmarineTitans/Recovered/PointerShapes/RecoveredRecord_00512BE0_263FD6FB	/SubmarineTitans/Recovered/PointerShapes/RecoveredRecord_005FD6A0_EC193285	12	0	anonymous geometry match only; no named semantic anchor
0	EXACT_B0ECC3FDA83A	/SubmarineTitans/Recovered/PointerShapes/RecoveredRecord_00512BE0_263FD6FB	/SubmarineTitans/Recovered/PointerShapes/RecoveredRecord_00601D10_11B39116	12	0	anonymous geometry match only; no named semantic anchor
0	EXACT_B0ECC3FDA83A	/SubmarineTitans/Recovered/PointerShapes/RecoveredRecord_00512BE0_263FD6FB	/SubmarineTitans/Recovered/PointerShapes/RecoveredRecord_00604160_F1552931	12	0	anonymous geometry match only; no named semantic anchor
0	EXACT_B0ECC3FDA83A	/SubmarineTitans/Recovered/PointerShapes/RecoveredRecord_00512BE0_263FD6FB	/SubmarineTitans/Recovered/PointerShapes/RecoveredRecord_006099A0_C28E2104	12	0	anonymous geometry match only; no named semantic anchor
0	EXACT_B0ECC3FDA83A	/SubmarineTitans/Recovered/PointerShapes/RecoveredRecord_00512BE0_263FD6FB	/SubmarineTitans/Recovered/PointerShapes/RecoveredRecord_0060EC00_3D989AA8	12	0	anonymous geometry match only; no named semantic anchor
0	EXACT_B0ECC3FDA83A	/SubmarineTitans/Recovered/PointerShapes/RecoveredRecord_00512BE0_263FD6FB	/SubmarineTitans/Recovered/PointerShapes/RecoveredRecord_00617880_C53B1B82	12	0	anonymous geometry match only; no named semantic anchor
0	EXACT_B0ECC3FDA83A	/SubmarineTitans/Recovered/PointerShapes/RecoveredRecord_00512BE0_263FD6FB	/SubmarineTitans/Recovered/PointerShapes/RecoveredRecord_006308B0_717D06CB	12	0	anonymous geometry match only; no named semantic anchor
0	EXACT_B0ECC3FDA83A	/SubmarineTitans/Recovered/PointerShapes/RecoveredRecord_00512BE0_263FD6FB	/SubmarineTitans/Recovered/PointerShapes/RecoveredRecord_00639630_91ABDE61	12	0	anonymous geometry match only; no named semantic anchor
0	EXACT_B0ECC3FDA83A	/SubmarineTitans/Recovered/PointerShapes/RecoveredRecord_00512BE0_263FD6FB	/SubmarineTitans/Recovered/PointerShapes/RecoveredRecord_0063CC10_3179EBBD	12	0	anonymous geometry match only; no named semantic anchor
0	EXACT_B0ECC3FDA83A	/SubmarineTitans/Recovered/PointerShapes/RecoveredRecord_00512BE0_263FD6FB	/SubmarineTitans/Recovered/PointerShapes/RecoveredRecord_006457E0_D0D8C27F	12	0	anonymous geometry match only; no named semantic anchor
0	EXACT_B0ECC3FDA83A	/SubmarineTitans/Recovered/PointerShapes/RecoveredRecord_00512BE0_263FD6FB	/SubmarineTitans/Recovered/PointerShapes/RecoveredRecord_00646D00_34D7A97E	12	0	anonymous geometry match only; no named semantic anchor
0	EXACT_B1D243976683	/SubmarineTitans/Recovered/PointerShapes/AnonShape_007098A0_B7562D88	/SubmarineTitans/Recovered/PointerShapes/AnonShape_007098A0_B7562D88	8	0	anonymous geometry match only; no named semantic anchor
0	EXACT_B1D243976683	/SubmarineTitans/Recovered/PointerShapes/AnonShape_007098A0_B7562D88	/SubmarineTitans/Recovered/PointerShapes/AnonShape_00709990_0FAEF1E0	8	0	anonymous geometry match only; no named semantic anchor
0	EXACT_B8C116DED715	/SubmarineTitans/Recovered/PointerShapes/RecoveredRecord_004F1D20_D68BC0B9	/SubmarineTitans/Recovered/PointerShapes/RecoveredRecord_004F1D20_D68BC0B9	11	0	anonymous geometry match only; no named semantic anchor
0	EXACT_B8C116DED715	/SubmarineTitans/Recovered/PointerShapes/RecoveredRecord_004F1D20_D68BC0B9	/SubmarineTitans/Recovered/PointerShapes/RecoveredRecord_005F0240_1A9CFE11	11	0	anonymous geometry match only; no named semantic anchor
0	EXACT_B8C116DED715	/SubmarineTitans/Recovered/PointerShapes/RecoveredRecord_004F1D20_D68BC0B9	/SubmarineTitans/Recovered/PointerShapes/RecoveredRecord_005F0280_83C341D9	11	0	anonymous geometry match only; no named semantic anchor
0	EXACT_B8EC1F24E6BE	/SubmarineTitans/Recovered/PointerShapes/AnonNested_00521CF0_0198_ED218B19	/SubmarineTitans/Recovered/PointerShapes/AnonNested_00521CF0_0198_ED218B19	24	0	anonymous geometry match only; no named semantic anchor
0	EXACT_B8EC1F24E6BE	/SubmarineTitans/Recovered/PointerShapes/AnonNested_00521CF0_0198_ED218B19	/SubmarineTitans/Recovered/PointerShapes/AnonNested_005DDB40_0686_936021D6	24	0	anonymous geometry match only; no named semantic anchor
0	EXACT_B9F8F660770C	/SubmarineTitans/Recovered/PointerShapes/RecoveredRecord_0068E7D0_3F8A8E72	/SubmarineTitans/Recovered/PointerShapes/RecoveredRecord_0068E7D0_3F8A8E72	8	0	anonymous geometry match only; no named semantic anchor
0	EXACT_B9F8F660770C	/SubmarineTitans/Recovered/PointerShapes/RecoveredRecord_0068E7D0_3F8A8E72	/SubmarineTitans/Recovered/PointerShapes/RecoveredRecord_0068E7D0_C9DEDE4F	8	0	anonymous geometry match only; no named semantic anchor
0	EXACT_BB45CBA78B1C	/SubmarineTitans/Recovered/PointerShapes/RecoveredRecord_0052A4D0_11C787C1	/SubmarineTitans/Recovered/PointerShapes/RecoveredRecord_0052A4D0_11C787C1	24	0	anonymous geometry match only; no named semantic anchor
0	EXACT_BB45CBA78B1C	/SubmarineTitans/Recovered/PointerShapes/RecoveredRecord_0052A4D0_11C787C1	/SubmarineTitans/Recovered/PointerShapes/RecoveredRecord_0052A540_7E2E1D84	24	0	anonymous geometry match only; no named semantic anchor
0	EXACT_BB45CBA78B1C	/SubmarineTitans/Recovered/PointerShapes/RecoveredRecord_0052A4D0_11C787C1	/SubmarineTitans/Recovered/PointerShapes/RecoveredRecord_0052A5C0_7CB2979F	24	0	anonymous geometry match only; no named semantic anchor
0	EXACT_BB45CBA78B1C	/SubmarineTitans/Recovered/PointerShapes/RecoveredRecord_0052A4D0_11C787C1	/SubmarineTitans/Recovered/PointerShapes/RecoveredRecord_0052A640_D5301A8C	24	0	anonymous geometry match only; no named semantic anchor
0	EXACT_BB45CBA78B1C	/SubmarineTitans/Recovered/PointerShapes/RecoveredRecord_0052A4D0_11C787C1	/SubmarineTitans/Recovered/PointerShapes/RecoveredRecord_00575C80_4DEA529C	24	0	anonymous geometry match only; no named semantic anchor
0	EXACT_BB45CBA78B1C	/SubmarineTitans/Recovered/PointerShapes/RecoveredRecord_0052A4D0_11C787C1	/SubmarineTitans/Recovered/PointerShapes/RecoveredRecord_00575C80_99224805	24	0	anonymous geometry match only; no named semantic anchor
0	EXACT_BB45CBA78B1C	/SubmarineTitans/Recovered/PointerShapes/RecoveredRecord_0052A4D0_11C787C1	/SubmarineTitans/Recovered/PointerShapes/RecoveredRecord_0064ECD0_D70CBA34	24	0	anonymous geometry match only; no named semantic anchor
0	EXACT_BB45CBA78B1C	/SubmarineTitans/Recovered/PointerShapes/RecoveredRecord_0052A4D0_11C787C1	/SubmarineTitans/Recovered/PointerShapes/RecoveredRecord_0064F160_1D0EC978	24	0	anonymous geometry match only; no named semantic anchor
0	EXACT_BB45CBA78B1C	/SubmarineTitans/Recovered/PointerShapes/RecoveredRecord_0052A4D0_11C787C1	/SubmarineTitans/Recovered/PointerShapes/RecoveredRecord_006E4620_6462A208	24	0	anonymous geometry match only; no named semantic anchor
0	EXACT_BB45CBA78B1C	/SubmarineTitans/Recovered/PointerShapes/RecoveredRecord_0052A4D0_11C787C1	/SubmarineTitans/Recovered/PointerShapes/RecoveredRecord_006E4B80_A7B295CE	24	0	anonymous geometry match only; no named semantic anchor
0	EXACT_BB45CBA78B1C	/SubmarineTitans/Recovered/PointerShapes/RecoveredRecord_0052A4D0_11C787C1	/SubmarineTitans/Recovered/PointerShapes/RecoveredRecord_006E4C30_151FBAE9	24	0	anonymous geometry match only; no named semantic anchor
0	EXACT_BB45CBA78B1C	/SubmarineTitans/Recovered/PointerShapes/RecoveredRecord_0052A4D0_11C787C1	/SubmarineTitans/Recovered/PointerShapes/RecoveredRecord_006E4D40_7C2E54EF	24	0	anonymous geometry match only; no named semantic anchor
0	EXACT_BB850A64FF93	/SubmarineTitans/Recovered/PointerShapes/AnonNested_006ECFC0_0064_4836A151	/SubmarineTitans/Recovered/PointerShapes/AnonNested_006ECFC0_0064_4836A151	140	0	anonymous geometry match only; no named semantic anchor
0	EXACT_BB850A64FF93	/SubmarineTitans/Recovered/PointerShapes/AnonNested_006ECFC0_0064_4836A151	/SubmarineTitans/Recovered/PointerShapes/AnonNested_006ECFC0_0064_60428B19	140	0	anonymous geometry match only; no named semantic anchor
0	EXACT_BBC2AC981B29	/SubmarineTitans/Recovered/PointerShapes/AnonShape_006D8A60_D503343B	/SubmarineTitans/Recovered/PointerShapes/AnonShape_006D8A60_D503343B	4	0	anonymous geometry match only; no named semantic anchor
0	EXACT_BBC2AC981B29	/SubmarineTitans/Recovered/PointerShapes/AnonShape_006D8A60_D503343B	/SubmarineTitans/Recovered/PointerShapes/RecoveredGlobalRecordView_00854F00	4	0	anonymous geometry match only; no named semantic anchor
0	EXACT_C005D28A3076	/SubmarineTitans/Recovered/PointerShapes/RecoveredRecord_00647BA0_F0CA3D39	/SubmarineTitans/Recovered/PointerShapes/RecoveredRecord_00647BA0_F0CA3D39	3	0	exact layout has semantic_anchor_count=2 among named structures=[/SubmarineTitans/Recovered/DiscriminatedPayloads/Global_FUN_00668aa0_00668AA0_Case_7, /SubmarineTitans/Recovered/DiscriminatedPayloads/Global_FUN_00668aa0_00668AA0_Case_82A]
0	EXACT_C005D28A3076	/SubmarineTitans/Recovered/PointerShapes/RecoveredRecord_00647BA0_F0CA3D39	/SubmarineTitans/Recovered/PointerShapes/RecoveredRecord_00682340_3ED6F00B	3	0	exact layout has semantic_anchor_count=2 among named structures=[/SubmarineTitans/Recovered/DiscriminatedPayloads/Global_FUN_00668aa0_00668AA0_Case_7, /SubmarineTitans/Recovered/DiscriminatedPayloads/Global_FUN_00668aa0_00668AA0_Case_82A]
0	EXACT_C07E03EFF97B	/SubmarineTitans/Recovered/PointerShapes/RecoveredRecord_00647B60_9DCC946A	/SubmarineTitans/Recovered/PointerShapes/RecoveredRecord_00647B60_9DCC946A	5	0	exact layout has semantic_anchor_count=11 among named structures=[/SubmarineTitans/Recovered/DiscriminatedPayloads/Global_FUN_00668aa0_00668AA0_Case_2, /SubmarineTitans/Recovered/DiscriminatedPayloads/Global_FUN_00668aa0_00668AA0_Case_4, /SubmarineTitans/Recovered/DiscriminatedPayloads/Global_FUN_00668aa0_00668AA0_Case_6, /SubmarineTitans/Recovered/DiscriminatedPayloads/Global_FUN_00668aa0_00668AA0_Case_8, /SubmarineTitans/Recovered/DiscriminatedPayloads/Global_FUN_00668aa0_00668AA0_Case_80F, /SubmarineTitans/Recovered/DiscriminatedPayloads/Global_FUN_00668aa0_00668AA0_Case_810, /SubmarineTitans/Recovered/DiscriminatedPayloads/Global_FUN_00668aa0_00668AA0_Case_81C, /SubmarineTitans/Recovered/DiscriminatedPayloads/Global_FUN_00668aa0_00668AA0_Case_81D, /SubmarineTitans/Recovered/DiscriminatedPayloads/Global_FUN_00668aa0_00668AA0_Case_82B, /SubmarineTitans/Recovered/DiscriminatedPayloads/Global_FUN_00668aa0_00668AA0_Case_82C, /SubmarineTitans/Recovered/DiscriminatedPayloads/Global_FUN_00668aa0_00668AA0_Case_B]
0	EXACT_C51A57AA0E0D	/SubmarineTitans/Recovered/PointerShapes/AnonShape_0069CB50_F11C5D8F	/SubmarineTitans/Recovered/PointerShapes/AnonShape_0069CB50_F11C5D8F	4	0	anonymous geometry match only; no named semantic anchor
0	EXACT_C51A57AA0E0D	/SubmarineTitans/Recovered/PointerShapes/AnonShape_0069CB50_F11C5D8F	/SubmarineTitans/Recovered/PointerShapes/RecoveredRecordView_006991C0_C51A57AA	4	0	anonymous geometry match only; no named semantic anchor
0	EXACT_C51A57AA0E0D	/SubmarineTitans/Recovered/PointerShapes/AnonShape_0069CB50_F11C5D8F	/SubmarineTitans/Recovered/PointerShapes/RecoveredRecordView_0069BDC0_C51A57AA	4	0	anonymous geometry match only; no named semantic anchor
0	EXACT_C71D9AB9724F	/SubmarineTitans/Recovered/PointerShapes/RecoveredRecord_0067B350_003C24F0	/SubmarineTitans/Recovered/PointerShapes/RecoveredRecord_0067B350_003C24F0	7	0	anonymous geometry match only; no named semantic anchor
0	EXACT_C71D9AB9724F	/SubmarineTitans/Recovered/PointerShapes/RecoveredRecord_0067B350_003C24F0	/SubmarineTitans/Recovered/PointerShapes/RecoveredRecord_0067B350_B45F327E	7	0	anonymous geometry match only; no named semantic anchor
0	EXACT_C8D9079565D0	/SubmarineTitans/Recovered/PointerShapes/AnonShape_006D3C30_B7073A5B	/SubmarineTitans/Recovered/PointerShapes/AnonShape_006D3C30_B7073A5B	16	0	anonymous geometry match only; no named semantic anchor
0	EXACT_C8D9079565D0	/SubmarineTitans/Recovered/PointerShapes/AnonShape_006D3C30_B7073A5B	/SubmarineTitans/Recovered/PointerShapes/RecoveredGlobalRecordView_00857168	16	0	anonymous geometry match only; no named semantic anchor
0	EXACT_C9957A4BBE09	/SubmarineTitans/Recovered/ClassPointees/AnonPointee_AiFltClassTy_0223	/SubmarineTitans/Recovered/ClassPointees/AnonPointee_AiFltClassTy_0223	32	0	anonymous geometry match only; no named semantic anchor
0	EXACT_C9957A4BBE09	/SubmarineTitans/Recovered/ClassPointees/AnonPointee_AiFltClassTy_0223	/SubmarineTitans/Recovered/ClassPointees/AnonPointee_AiFltClassTy_022F	32	0	anonymous geometry match only; no named semantic anchor
0	EXACT_C9957A4BBE09	/SubmarineTitans/Recovered/ClassPointees/AnonPointee_AiFltClassTy_0223	/SubmarineTitans/Recovered/ClassPointees/AnonPointee_HelpPanelTy_01B3	32	0	anonymous geometry match only; no named semantic anchor
0	EXACT_CCB9EC6BC2B3	/SubmarineTitans/Recovered/PointerShapes/RecoveredRecord_007603B0_A9712D31	/SubmarineTitans/Recovered/PointerShapes/RecoveredRecord_007603B0_A9712D31	310	0	anonymous geometry match only; no named semantic anchor
0	EXACT_CCB9EC6BC2B3	/SubmarineTitans/Recovered/PointerShapes/RecoveredRecord_007603B0_A9712D31	/SubmarineTitans/Recovered/PointerShapes/RecoveredRecord_00761550_95FF8642	310	0	anonymous geometry match only; no named semantic anchor
0	EXACT_CCB9EC6BC2B3	/SubmarineTitans/Recovered/PointerShapes/RecoveredRecord_007603B0_A9712D31	/SubmarineTitans/Recovered/PointerShapes/RecoveredRecord_00761770_BECA703F	310	0	anonymous geometry match only; no named semantic anchor
0	EXACT_D1D37C054FBC	/SubmarineTitans/Recovered/PointerShapes/RecoveredRecord_006CFE10_B59F6D2D	/SubmarineTitans/Recovered/PointerShapes/RecoveredRecord_006CFE10_B59F6D2D	20	0	anonymous geometry match only; no named semantic anchor
0	EXACT_D1D37C054FBC	/SubmarineTitans/Recovered/PointerShapes/RecoveredRecord_006CFE10_B59F6D2D	/SubmarineTitans/Recovered/PointerShapes/RecoveredRecord_006D2820_5C2BCC8C	20	0	anonymous geometry match only; no named semantic anchor
0	EXACT_D1D37C054FBC	/SubmarineTitans/Recovered/PointerShapes/RecoveredRecord_006CFE10_B59F6D2D	/SubmarineTitans/Recovered/PointerShapes/RecoveredRecord_006D3300_0D49F2B9	20	0	anonymous geometry match only; no named semantic anchor
0	EXACT_D1D37C054FBC	/SubmarineTitans/Recovered/PointerShapes/RecoveredRecord_006CFE10_B59F6D2D	/SubmarineTitans/Recovered/PointerShapes/RecoveredRecord_006D8A60_0D169E12	20	0	anonymous geometry match only; no named semantic anchor
0	EXACT_D1D37C054FBC	/SubmarineTitans/Recovered/PointerShapes/RecoveredRecord_006CFE10_B59F6D2D	/SubmarineTitans/Recovered/PointerShapes/RecoveredRecord_006DA1A0_A15A54BB	20	0	anonymous geometry match only; no named semantic anchor
0	EXACT_D44736879ED1	/SubmarineTitans/Recovered/PointerShapes/RecoveredRecord_0067BAF0_27DAF1F1	/SubmarineTitans/Recovered/PointerShapes/RecoveredRecord_0067BAF0_27DAF1F1	26	0	anonymous geometry match only; no named semantic anchor
0	EXACT_D44736879ED1	/SubmarineTitans/Recovered/PointerShapes/RecoveredRecord_0067BAF0_27DAF1F1	/SubmarineTitans/Recovered/PointerShapes/RecoveredRecord_0067BAF0_2ADBB15C	26	0	anonymous geometry match only; no named semantic anchor
0	EXACT_D7E3158C9F81	/SubmarineTitans/Recovered/PointerShapes/RecoveredRecord_004F4570_07A3F315	/SubmarineTitans/Recovered/PointerShapes/RecoveredRecord_004F4570_07A3F315	8	0	anonymous geometry match only; no named semantic anchor
0	EXACT_D7E3158C9F81	/SubmarineTitans/Recovered/PointerShapes/RecoveredRecord_004F4570_07A3F315	/SubmarineTitans/Recovered/PointerShapes/RecoveredRecord_004F4570_D72BA975	8	0	anonymous geometry match only; no named semantic anchor
0	EXACT_D885F1865AE9	/SubmarineTitans/Recovered/PointerShapes/RecoveredRecord_0062B680_56737E74	/SubmarineTitans/Recovered/PointerShapes/RecoveredRecord_0062B680_56737E74	40	0	anonymous geometry match only; no named semantic anchor
0	EXACT_D885F1865AE9	/SubmarineTitans/Recovered/PointerShapes/RecoveredRecord_0062B680_56737E74	/SubmarineTitans/Recovered/PointerShapes/RecoveredRecord_0062B770_F0FEBA2F	40	0	anonymous geometry match only; no named semantic anchor
0	EXACT_D885F1865AE9	/SubmarineTitans/Recovered/PointerShapes/RecoveredRecord_0062B680_56737E74	/SubmarineTitans/Recovered/PointerShapes/RecoveredRecord_0062B990_538E5716	40	0	anonymous geometry match only; no named semantic anchor
0	EXACT_DB1D65DC5532	/SubmarineTitans/Recovered/PointerShapes/AnonNested_00721790_0138_C6072F4E	/SubmarineTitans/Recovered/PointerShapes/AnonNested_00721790_0138_C6072F4E	24	0	anonymous geometry match only; no named semantic anchor
0	EXACT_DB1D65DC5532	/SubmarineTitans/Recovered/PointerShapes/AnonNested_00721790_0138_C6072F4E	/SubmarineTitans/Recovered/PointerShapes/AnonNested_007217E0_0138_CBD04E88	24	0	anonymous geometry match only; no named semantic anchor
0	EXACT_E38336D25A9D	/SubmarineTitans/Recovered/PointerShapes/RecoveredRecord_006D6120_E7E74722	/SubmarineTitans/Recovered/PointerShapes/RecoveredRecord_006D6120_E7E74722	96	0	anonymous geometry match only; no named semantic anchor
0	EXACT_E38336D25A9D	/SubmarineTitans/Recovered/PointerShapes/RecoveredRecord_006D6120_E7E74722	/SubmarineTitans/Recovered/PointerShapes/RecoveredRecord_006D6140_106215B5	96	0	anonymous geometry match only; no named semantic anchor
0	EXACT_E5D10300F800	/SubmarineTitans/Recovered/PointerShapes/RecoveredRecord_004D01F0_A7BA5910	/SubmarineTitans/Recovered/PointerShapes/RecoveredRecord_004D01F0_A7BA5910	1539	0	anonymous geometry match only; no named semantic anchor
0	EXACT_E5D10300F800	/SubmarineTitans/Recovered/PointerShapes/RecoveredRecord_004D01F0_A7BA5910	/SubmarineTitans/Recovered/PointerShapes/RecoveredRecord_004EC050_2F5ECB40	1539	0	anonymous geometry match only; no named semantic anchor
0	EXACT_E9CBF7449703	/SubmarineTitans/Recovered/PointerShapes/RecoveredRecord_004D95A0_E0EC0EDA	/SubmarineTitans/Recovered/PointerShapes/RecoveredRecord_004D95A0_E0EC0EDA	1236	0	anonymous geometry match only; no named semantic anchor
0	EXACT_E9CBF7449703	/SubmarineTitans/Recovered/PointerShapes/RecoveredRecord_004D95A0_E0EC0EDA	/SubmarineTitans/Recovered/PointerShapes/RecoveredRecord_004DA230_146070EB	1236	0	anonymous geometry match only; no named semantic anchor
0	EXACT_E9CBF7449703	/SubmarineTitans/Recovered/PointerShapes/RecoveredRecord_004D95A0_E0EC0EDA	/SubmarineTitans/Recovered/PointerShapes/RecoveredRecord_004DE7B0_5F4E7C57	1236	0	anonymous geometry match only; no named semantic anchor
0	EXACT_E9CBF7449703	/SubmarineTitans/Recovered/PointerShapes/RecoveredRecord_004D95A0_E0EC0EDA	/SubmarineTitans/Recovered/PointerShapes/RecoveredRecord_004E2A90_CF6CF081	1236	0	anonymous geometry match only; no named semantic anchor
0	EXACT_E9CBF7449703	/SubmarineTitans/Recovered/PointerShapes/RecoveredRecord_004D95A0_E0EC0EDA	/SubmarineTitans/Recovered/PointerShapes/RecoveredRecord_004ED430_B731E46F	1236	0	anonymous geometry match only; no named semantic anchor
0	EXACT_EA2A66FC10F3	/SubmarineTitans/Recovered/PointerShapes/AnonShape_006C5210_E9B30C00	/SubmarineTitans/Recovered/PointerShapes/AnonShape_006C5210_E9B30C00	1180	0	anonymous geometry match only; no named semantic anchor
0	EXACT_EA2A66FC10F3	/SubmarineTitans/Recovered/PointerShapes/AnonShape_006C5210_E9B30C00	/SubmarineTitans/Recovered/PointerShapes/AnonShape_006C52E0_B18BC6D0	1180	0	anonymous geometry match only; no named semantic anchor
0	EXACT_EAAB7AC5BF4D	/SubmarineTitans/Recovered/PointerShapes/AnonNested_AnonShape_00750F20_F8C16F98_0008_FDB2B39A	/SubmarineTitans/Recovered/PointerShapes/AnonNested_AnonShape_00750F20_F8C16F98_0008_FDB2B39A	84	0	anonymous geometry match only; no named semantic anchor
0	EXACT_EAAB7AC5BF4D	/SubmarineTitans/Recovered/PointerShapes/AnonNested_AnonShape_00750F20_F8C16F98_0008_FDB2B39A	/SubmarineTitans/Recovered/PointerShapes/AnonNested_AnonShape_00750FB0_15A3AC3E_0008_EB22C12B	84	0	anonymous geometry match only; no named semantic anchor
0	EXACT_EE62E0FA35B9	/SubmarineTitans/Recovered/PointerShapes/RecoveredRecord_AiEventClassTy_0064F500	/SubmarineTitans/Recovered/PointerShapes/RecoveredRecord_AiEventClassTy_0064F500	214	0	anonymous geometry match only; no named semantic anchor
0	EXACT_EE62E0FA35B9	/SubmarineTitans/Recovered/PointerShapes/RecoveredRecord_AiEventClassTy_0064F500	/SubmarineTitans/Recovered/PointerShapes/RecoveredRecord_AiEventClassTy_00650B10	214	0	anonymous geometry match only; no named semantic anchor
0	EXACT_F07197658F7B	/SubmarineTitans/Recovered/ClassPointees/AnonPointee_TLOBaseTy_0291	/SubmarineTitans/Recovered/ClassPointees/AnonPointee_TLOBaseTy_0291	72	0	anonymous geometry match only; no named semantic anchor
0	EXACT_F07197658F7B	/SubmarineTitans/Recovered/ClassPointees/AnonPointee_TLOBaseTy_0291	/SubmarineTitans/Recovered/PointerShapes/RecoveredRecord_STBoatC_00482DB0	72	0	anonymous geometry match only; no named semantic anchor
0	EXACT_F51E000EEB87	/SubmarineTitans/Recovered/PointerShapes/RecoveredRecord_0052A6F0_8710A4D2	/SubmarineTitans/Recovered/PointerShapes/RecoveredRecord_0052A6F0_8710A4D2	22	0	anonymous geometry match only; no named semantic anchor
0	EXACT_F51E000EEB87	/SubmarineTitans/Recovered/PointerShapes/RecoveredRecord_0052A6F0_8710A4D2	/SubmarineTitans/Recovered/PointerShapes/RecoveredRecord_0052A730_7C85D1BF	22	0	anonymous geometry match only; no named semantic anchor
0	EXACT_F51E000EEB87	/SubmarineTitans/Recovered/PointerShapes/RecoveredRecord_0052A6F0_8710A4D2	/SubmarineTitans/Recovered/PointerShapes/RecoveredRecord_0052A770_CB744C05	22	0	anonymous geometry match only; no named semantic anchor
0	EXACT_F51E000EEB87	/SubmarineTitans/Recovered/PointerShapes/RecoveredRecord_0052A6F0_8710A4D2	/SubmarineTitans/Recovered/PointerShapes/RecoveredRecord_005B5690_213E8178	22	0	anonymous geometry match only; no named semantic anchor
0	EXACT_F51E000EEB87	/SubmarineTitans/Recovered/PointerShapes/RecoveredRecord_0052A6F0_8710A4D2	/SubmarineTitans/Recovered/PointerShapes/RecoveredRecord_005B6560_90DC7408	22	0	anonymous geometry match only; no named semantic anchor
0	EXACT_F7CE937939E1	/SubmarineTitans/Recovered/PointerShapes/RecoveredRecord_0064E8C0_55D619B7	/SubmarineTitans/Recovered/PointerShapes/RecoveredRecord_0064E8C0_55D619B7	20	0	anonymous geometry match only; no named semantic anchor
0	EXACT_F7CE937939E1	/SubmarineTitans/Recovered/PointerShapes/RecoveredRecord_0064E8C0_55D619B7	/SubmarineTitans/Recovered/PointerShapes/RecoveredRecord_0064EB20_CBD2CC1E	20	0	anonymous geometry match only; no named semantic anchor
0	EXACT_F7CE937939E1	/SubmarineTitans/Recovered/PointerShapes/RecoveredRecord_0064E8C0_55D619B7	/SubmarineTitans/Recovered/PointerShapes/RecoveredRecord_0064EBE0_6039A486	20	0	anonymous geometry match only; no named semantic anchor
0	EXACT_F7CE937939E1	/SubmarineTitans/Recovered/PointerShapes/RecoveredRecord_0064E8C0_55D619B7	/SubmarineTitans/Recovered/PointerShapes/RecoveredRecord_0064ED20_BEFBD077	20	0	anonymous geometry match only; no named semantic anchor
0	EXACT_F7CE937939E1	/SubmarineTitans/Recovered/PointerShapes/RecoveredRecord_0064E8C0_55D619B7	/SubmarineTitans/Recovered/PointerShapes/RecoveredRecord_0064ED70_6DBB3410	20	0	anonymous geometry match only; no named semantic anchor
0	EXACT_F7CE937939E1	/SubmarineTitans/Recovered/PointerShapes/RecoveredRecord_0064E8C0_55D619B7	/SubmarineTitans/Recovered/PointerShapes/RecoveredRecord_0064EF10_0181E150	20	0	anonymous geometry match only; no named semantic anchor
0	EXACT_F7CE937939E1	/SubmarineTitans/Recovered/PointerShapes/RecoveredRecord_0064E8C0_55D619B7	/SubmarineTitans/Recovered/PointerShapes/RecoveredRecord_0064F0C0_EC627629	20	0	anonymous geometry match only; no named semantic anchor
0	EXACT_F7CE937939E1	/SubmarineTitans/Recovered/PointerShapes/RecoveredRecord_0064E8C0_55D619B7	/SubmarineTitans/Recovered/PointerShapes/RecoveredRecord_0064F360_F7C216AE	20	0	anonymous geometry match only; no named semantic anchor
0	EXACT_F7CE937939E1	/SubmarineTitans/Recovered/PointerShapes/RecoveredRecord_0064E8C0_55D619B7	/SubmarineTitans/Recovered/PointerShapes/RecoveredRecord_0064F430_6891D71C	20	0	anonymous geometry match only; no named semantic anchor
0	EXACT_F7CE937939E1	/SubmarineTitans/Recovered/PointerShapes/RecoveredRecord_0064E8C0_55D619B7	/SubmarineTitans/Recovered/PointerShapes/RecoveredRecord_00650F50_B7B27450	20	0	anonymous geometry match only; no named semantic anchor
0	EXACT_F7CE937939E1	/SubmarineTitans/Recovered/PointerShapes/RecoveredRecord_0064E8C0_55D619B7	/SubmarineTitans/Recovered/PointerShapes/RecoveredRecord_00651120_F461859C	20	0	anonymous geometry match only; no named semantic anchor
0	EXACT_F7CE937939E1	/SubmarineTitans/Recovered/PointerShapes/RecoveredRecord_0064E8C0_55D619B7	/SubmarineTitans/Recovered/PointerShapes/RecoveredRecord_00651160_26346523	20	0	anonymous geometry match only; no named semantic anchor
0	EXACT_F7CE937939E1	/SubmarineTitans/Recovered/PointerShapes/RecoveredRecord_0064E8C0_55D619B7	/SubmarineTitans/Recovered/PointerShapes/RecoveredRecord_006511A0_EA666092	20	0	anonymous geometry match only; no named semantic anchor
0	EXACT_F7CE937939E1	/SubmarineTitans/Recovered/PointerShapes/RecoveredRecord_0064E8C0_55D619B7	/SubmarineTitans/Recovered/PointerShapes/RecoveredRecord_00651250_A6EBE57F	20	0	anonymous geometry match only; no named semantic anchor
0	EXACT_F7CE937939E1	/SubmarineTitans/Recovered/PointerShapes/RecoveredRecord_0064E8C0_55D619B7	/SubmarineTitans/Recovered/PointerShapes/RecoveredRecord_00651730_E89B8086	20	0	anonymous geometry match only; no named semantic anchor
0	EXACT_F7CE937939E1	/SubmarineTitans/Recovered/PointerShapes/RecoveredRecord_0064E8C0_55D619B7	/SubmarineTitans/Recovered/PointerShapes/RecoveredRecord_00651880_B0B7072C	20	0	anonymous geometry match only; no named semantic anchor
0	EXACT_F7CE937939E1	/SubmarineTitans/Recovered/PointerShapes/RecoveredRecord_0064E8C0_55D619B7	/SubmarineTitans/Recovered/PointerShapes/RecoveredRecord_006518C0_AF8C168C	20	0	anonymous geometry match only; no named semantic anchor
0	EXACT_F7CE937939E1	/SubmarineTitans/Recovered/PointerShapes/RecoveredRecord_0064E8C0_55D619B7	/SubmarineTitans/Recovered/PointerShapes/RecoveredRecord_00651DB0_B471A58B	20	0	anonymous geometry match only; no named semantic anchor
0	EXACT_F7CE937939E1	/SubmarineTitans/Recovered/PointerShapes/RecoveredRecord_0064E8C0_55D619B7	/SubmarineTitans/Recovered/PointerShapes/RecoveredRecord_006A5BE0_E638A786	20	0	anonymous geometry match only; no named semantic anchor
0	EXACT_FAE6A6024AC5	/SubmarineTitans/Recovered/PointerShapes/RecoveredRecord_006B4FA0_DAC3A217	/SubmarineTitans/Recovered/PointerShapes/RecoveredRecord_006B4FA0_DAC3A217	16	0	anonymous geometry match only; no named semantic anchor
0	EXACT_FAE6A6024AC5	/SubmarineTitans/Recovered/PointerShapes/RecoveredRecord_006B4FA0_DAC3A217	/SubmarineTitans/Recovered/PointerShapes/RecoveredRecord_0070CB20_44158EDF	16	0	anonymous geometry match only; no named semantic anchor
0	EXACT_FF984E7B0966	/SubmarineTitans/Recovered/ClassPointees/AnonPointee_CPanelTy_01B4	/SubmarineTitans/Recovered/ClassPointees/AnonPointee_CPanelTy_01B4	12	0	anonymous geometry match only; no named semantic anchor
0	EXACT_FF984E7B0966	/SubmarineTitans/Recovered/ClassPointees/AnonPointee_CPanelTy_01B4	/SubmarineTitans/Recovered/ClassPointees/AnonPointee_ChooseMapTy_1C7B	12	0	anonymous geometry match only; no named semantic anchor
0	EXACT_FF984E7B0966	/SubmarineTitans/Recovered/ClassPointees/AnonPointee_CPanelTy_01B4	/SubmarineTitans/Recovered/ClassPointees/AnonPointee_ChooseMapTy_1C8B	12	0	anonymous geometry match only; no named semantic anchor
0	EXACT_FF984E7B0966	/SubmarineTitans/Recovered/ClassPointees/AnonPointee_CPanelTy_01B4	/SubmarineTitans/Recovered/ClassPointees/AnonPointee_MReportTy_0073	12	0	anonymous geometry match only; no named semantic anchor
0	EXACT_FF984E7B0966	/SubmarineTitans/Recovered/ClassPointees/AnonPointee_CPanelTy_01B4	/SubmarineTitans/Recovered/ClassPointees/AnonPointee_PrividerTy_1C8E	12	0	anonymous geometry match only; no named semantic anchor
0	EXACT_FF984E7B0966	/SubmarineTitans/Recovered/ClassPointees/AnonPointee_CPanelTy_01B4	/SubmarineTitans/Recovered/ClassPointees/AnonPointee_SettMapMTy_1C67	12	0	anonymous geometry match only; no named semantic anchor
0	EXACT_FF984E7B0966	/SubmarineTitans/Recovered/ClassPointees/AnonPointee_CPanelTy_01B4	/SubmarineTitans/Recovered/ClassPointees/AnonPointee_SettMapMTy_1E1E	12	0	anonymous geometry match only; no named semantic anchor
0	EXACT_FF984E7B0966	/SubmarineTitans/Recovered/ClassPointees/AnonPointee_CPanelTy_01B4	/SubmarineTitans/Recovered/ClassPointees/AnonPointee_SettMapMTy_2204	12	0	anonymous geometry match only; no named semantic anchor
0	EXACT_FF984E7B0966	/SubmarineTitans/Recovered/ClassPointees/AnonPointee_CPanelTy_01B4	/SubmarineTitans/Recovered/ClassPointees/AnonPointee_SettMapTy_1E2B	12	0	anonymous geometry match only; no named semantic anchor
0	EXACT_FF984E7B0966	/SubmarineTitans/Recovered/ClassPointees/AnonPointee_CPanelTy_01B4	/SubmarineTitans/Recovered/ClassPointees/AnonPointee_StartSystemTy_0544	12	0	anonymous geometry match only; no named semantic anchor
0	EXACT_FF984E7B0966	/SubmarineTitans/Recovered/ClassPointees/AnonPointee_CPanelTy_01B4	/SubmarineTitans/Recovered/PointerShapes/AnonShape_00518C20_0B2995D2	12	0	anonymous geometry match only; no named semantic anchor
