apply	layout_apply	layout_name	proposed_name	owner	slot_count	named_slot_count	confidence	reason	strong_vptr_refs	all_code_refs	slot_owners	constructor_owners	vptr_writer_owners	primary_vptr_store	this_vptr_offsets	vptr_store_sites	related_tables	table_address
1	1	VTable_007900A0	STGameObjCVTable	STGameObjC	53	2	high	unique_constructor_vptr_anchor	004158EC STGameObjC::STGameObjC [vptr-store] MOV dword ptr [ESI],0x7900a0	004158EC STGameObjC::STGameObjC [vptr-store] MOV dword ptr [ESI],0x7900a0	STGameObjC	STGameObjC	STGameObjC	1	0x0	004158EC	00790AA0 | 00797560 | 00798C70 | 0079B238 | 0079B3C4 | 0079B528 | 0079B68C | 0079B78C | 0079B8F0 | 0079BA54 | 0079BBB8 | 0079BD1C | 0079BE80 | 0079C260 | 0079C3EC | 0079C5AC | 0079C714 | 0079C8A0 | 0079C9B0 | 0079CB14 | 0079CC28 | 0079CD94 | 0079CEFC | 0079D098 | 0079D1D8 | 0079D33C | 0079D4AC	007900A0
0	1	VTable_00790508	VTable_00790508		10	4	medium	constructor_slot_owner_conflict	004232AA STGroupBoatC::sub_004232A0 [vptr-store] MOV dword ptr [ESI],0x790508	004232AA STGroupBoatC::sub_004232A0 [vptr-store] MOV dword ptr [ESI],0x790508	STGroupC	STGroupBoatC	STGroupBoatC	1	0x0	004232AA		00790508
1	1	VTable_0079059C	STAllPlayersCVTable	STAllPlayersC	1	1	high	unique_constructor_vptr_anchor	0042A955 STAllPlayersC::STAllPlayersC [vptr-store] MOV dword ptr [ESI],0x79059c	0042A955 STAllPlayersC::STAllPlayersC [vptr-store] MOV dword ptr [ESI],0x79059c	STAllPlayersC	STAllPlayersC	STAllPlayersC	1	0x0	0042A955		0079059C
1	1	VTable_007905A0	STBoatCVTable	STBoatC	73	16	high	unique_constructor_vptr_anchor	0044E6B9 STBoatC::STBoatC [vptr-store] MOV dword ptr [ESI],0x7905a0	0044E6B9 STBoatC::STBoatC [vptr-store] MOV dword ptr [ESI],0x7905a0	STBoatC | STGameObjC	STBoatC	STBoatC	1	0x0	0044E6B9		007905A0
0	1	VTable_00790700	VTable_00790700		1	0	medium	named_nonconstructor_vptr_writer_review	0044E6A6 STBoatC::STBoatC [vptr-store] MOV dword ptr [EDI],0x790700	0044E6A6 STBoatC::STBoatC [vptr-store] MOV dword ptr [EDI],0x790700			STBoatC	0	0x1D5	0044E6A6		00790700
0	1	VTable_00790708	VTable_00790708		1	0	medium	unnamed_vptr_store	004956F8 FUN_004956f0 [vptr-store] MOV dword ptr [ESI],0x790708	004956F8 FUN_004956f0 [vptr-store] MOV dword ptr [ESI],0x790708				0	unknown	004956F8		00790708
1	1	VTable_00790710	DumpClassCVTable	DumpClassC	1	1	high	unique_constructor_vptr_anchor	00495928 DumpClassC::DumpClassC [vptr-store] MOV dword ptr [ESI],0x790710	00495928 DumpClassC::DumpClassC [vptr-store] MOV dword ptr [ESI],0x790710	DumpClassC	DumpClassC	DumpClassC	1	0x0	00495928		00790710
1	1	VTable_00790728	STGroupBoatCVTable	STGroupBoatC	10	8	high	unique_constructor_vptr_anchor	00497B05 STGroupBoatC::STGroupBoatC [vptr-store] MOV dword ptr [ESI],0x790728	00497B05 STGroupBoatC::STGroupBoatC [vptr-store] MOV dword ptr [ESI],0x790728	STGroupBoatC	STGroupBoatC	STGroupBoatC	1	0x0	00497B05		00790728
1	1	VTable_00790758	OpticClassCVTable	OpticClassC	1	1	high	unique_constructor_vptr_anchor	004A88C8 OpticClassC::OpticClassC [vptr-store] MOV dword ptr [ESI],0x790758	004A88C8 OpticClassC::OpticClassC [vptr-store] MOV dword ptr [ESI],0x790758	OpticClassC	OpticClassC	OpticClassC	1	0x0	004A88C8		00790758
1	1	VTable_00790790	STT3DSprCVTable	STT3DSprC	1	0	high	unique_constructor_vptr_anchor	004AB814 STT3DSprC::STT3DSprC [vptr-store] MOV dword ptr [EAX],0x790790	004AB814 STT3DSprC::STT3DSprC [vptr-store] MOV dword ptr [EAX],0x790790		STT3DSprC	STT3DSprC	1	0x0	004AB814		00790790
1	1	VTable_00790AA0	TLOBaseTyVTable	TLOBaseTy	73	9	high	unique_constructor_vptr_anchor	004B7F47 TLOBaseTy::TLOBaseTy [vptr-store] MOV dword ptr [ESI],0x790aa0	004B7F47 TLOBaseTy::TLOBaseTy [vptr-store] MOV dword ptr [ESI],0x790aa0	STGameObjC | TLOBaseTy	TLOBaseTy	TLOBaseTy	1	0x0	004B7F47	007900A0 | 00797560 | 00798C70 | 0079B238 | 0079B3C4 | 0079B68C | 0079B78C | 0079B8F0 | 0079BA54 | 0079BBB8 | 0079BD1C | 0079BE80 | 0079C5AC | 0079C8A0 | 0079C9B0 | 0079CB14 | 0079CC28 | 0079CD94 | 0079D098 | 0079D1D8 | 0079D33C | 0079D4AC	00790AA0
0	1	VTable_00790C00	VTable_00790C00		1	0	medium	named_nonconstructor_vptr_writer_review	004B7F0B TLOBaseTy::TLOBaseTy [vptr-store] MOV dword ptr [EDI],0x790c00	004B7F0B TLOBaseTy::TLOBaseTy [vptr-store] MOV dword ptr [EDI],0x790c00			TLOBaseTy	0	0x1D5	004B7F0B		00790C00
1	1	VTable_00790C04	TLOBldMarkVTable	TLOBldMark	1	1	high	unique_constructor_vptr_anchor	004C60AA TLOBldMark::TLOBldMark [vptr-store] MOV dword ptr [ESI],0x790c04	004C60AA TLOBldMark::TLOBldMark [vptr-store] MOV dword ptr [ESI],0x790c04	TLOBldMark	TLOBldMark	TLOBldMark	1	0x0	004C60AA		00790C04
1	1	VTable_00797560	TLOFakeTyVTable	TLOFakeTy	73	2	high	unique_constructor_vptr_anchor	004D093C TLOFakeTy::TLOFakeTy [vptr-store] MOV dword ptr [ESI],0x797560	004D093C TLOFakeTy::TLOFakeTy [vptr-store] MOV dword ptr [ESI],0x797560	STGameObjC | TLOFakeTy	TLOFakeTy	TLOFakeTy	1	0x0	004D093C	007900A0 | 00790AA0 | 00798C70 | 0079B238 | 0079B3C4 | 0079B528 | 0079B68C | 0079B78C | 0079B8F0 | 0079BA54 | 0079BBB8 | 0079BD1C | 0079BE80 | 0079C260 | 0079C3EC | 0079C5AC | 0079C714 | 0079C8A0 | 0079C9B0 | 0079CB14 | 0079CC28 | 0079CD94 | 0079CEFC | 0079D098 | 0079D1D8 | 0079D33C | 0079D4AC	00797560
0	1	VTable_007976C0	VTable_007976C0		1	0	medium	named_nonconstructor_vptr_writer_review	004D0936 TLOFakeTy::TLOFakeTy [vptr-store] MOV dword ptr [EDI],0x7976c0	004D0936 TLOFakeTy::TLOFakeTy [vptr-store] MOV dword ptr [EDI],0x7976c0			TLOFakeTy	0	0x1D5	004D0936		007976C0
1	1	VTable_00798C6C	TLOEmbryoTyVTable_at_1D5	TLOEmbryoTy	1	0	high	unique_constructor_vptr_anchor	004D0FE6 TLOEmbryoTy::TLOEmbryoTy [vptr-store] MOV dword ptr [EDI],0x798c6c	004D0FE6 TLOEmbryoTy::TLOEmbryoTy [vptr-store] MOV dword ptr [EDI],0x798c6c		TLOEmbryoTy	TLOEmbryoTy	0	0x1D5	004D0FE6		00798C6C
1	1	VTable_00798C70	TLOEmbryoTyVTable	TLOEmbryoTy	73	5	high	unique_constructor_vptr_anchor	004D0FE0 TLOEmbryoTy::TLOEmbryoTy [vptr-store] MOV dword ptr [ESI],0x798c70	004D0FE0 TLOEmbryoTy::TLOEmbryoTy [vptr-store] MOV dword ptr [ESI],0x798c70	STGameObjC | TLOBaseTy | TLOEmbryoTy	TLOEmbryoTy	TLOEmbryoTy	1	0x0	004D0FE0	007900A0 | 00790AA0 | 00797560 | 0079B238 | 0079B3C4 | 0079B528 | 0079B68C | 0079B78C | 0079B8F0 | 0079BA54 | 0079BBB8 | 0079BD1C | 0079BE80 | 0079C260 | 0079C3EC | 0079C5AC | 0079C714 | 0079C8A0 | 0079C9B0 | 0079CB14 | 0079CC28 | 0079CD94 | 0079CEFC | 0079D098 | 0079D1D8 | 0079D33C | 0079D4AC	00798C70
1	1	VTable_0079AB74	BehPanelTyVTable	BehPanelTy	9	9	high	unique_factory_result_vptr_anchor	004ED5A2 CreateBehPanel [vptr-store] MOV dword ptr [ESI],0x79ab74	004ED5A2 CreateBehPanel [vptr-store] MOV dword ptr [ESI],0x79ab74	BehPanelTy | PanelTy | SpecPanelTy	BehPanelTy	BehPanelTy	1	0x0	004ED5A2	0079ABA0 | 0079ABC8 | 0079ABF0 | 0079AC1C | 0079AC48 | 0079AC70 | 0079AC9C | 0079AD10 | 0079AD2C | 0079AD48 | 0079AD64 | 0079AD8C | 0079AE64 | 0079AE90	0079AB74
1	1	VTable_0079ABA0	BldBoatPanelTyVTable	BldBoatPanelTy	8	8	high	unique_factory_result_vptr_anchor	004EE982 CreateBldBoatPanel [vptr-store] MOV dword ptr [ESI],0x79aba0	004EE982 CreateBldBoatPanel [vptr-store] MOV dword ptr [ESI],0x79aba0	BldBoatPanelTy | PanelTy	BldBoatPanelTy	BldBoatPanelTy	1	0x0	004EE982	0079AB74 | 0079ABC8 | 0079ABF0 | 0079AC1C | 0079AC48 | 0079AC70 | 0079AC9C | 0079AD10 | 0079AD2C | 0079AD48 | 0079AD64 | 0079AD8C | 0079AE64 | 0079AE90	0079ABA0
1	1	VTable_0079ABC8	BldLabPanelTyVTable	BldLabPanelTy	8	8	high	unique_factory_result_vptr_anchor	004EFAE0 CreateBldLabPanel [vptr-store] MOV dword ptr [ESI],0x79abc8	004EFAE0 CreateBldLabPanel [vptr-store] MOV dword ptr [ESI],0x79abc8	BldLabPanelTy | PanelTy | ProdPanelTy	BldLabPanelTy	BldLabPanelTy	1	0x0	004EFAE0	0079AB74 | 0079ABA0 | 0079ABF0 | 0079AC1C | 0079AC48 | 0079AC70 | 0079AC9C | 0079AD10 | 0079AD2C | 0079AD48 | 0079AD64 | 0079AD8C | 0079AE64 | 0079AE90	0079ABC8
1	1	VTable_0079ABF0	BldObjPanelTyVTable	BldObjPanelTy	8	8	high	unique_factory_result_vptr_anchor	004F0506 CreateBldObjPanel [vptr-store] MOV dword ptr [ESI],0x79abf0	004F0506 CreateBldObjPanel [vptr-store] MOV dword ptr [ESI],0x79abf0	BldObjPanelTy | PanelTy	BldObjPanelTy	BldObjPanelTy	1	0x0	004F0506	0079AB74 | 0079ABA0 | 0079ABC8 | 0079AC1C | 0079AC48 | 0079AC70 | 0079AC9C | 0079AD10 | 0079AD2C | 0079AD48 | 0079AD64 | 0079AD8C | 0079AE64 | 0079AE90	0079ABF0
0	1	VTable_0079AC18	CPanelTyVTable	CPanelTy	1	1	medium	single_named_slot_owner	004F4F9C FUN_004f4f90 [vptr-store] MOV dword ptr [ESI],0x79ac18	004F4F9C FUN_004f4f90 [vptr-store] MOV dword ptr [ESI],0x79ac18	CPanelTy			0	unknown	004F4F9C		0079AC18
1	1	VTable_0079AC1C	FrmPanelTyVTable	FrmPanelTy	9	9	high	unique_factory_result_vptr_anchor	0050FCD2 CreateFrmPanel [vptr-store] MOV dword ptr [ESI],0x79ac1c	0050FCD2 CreateFrmPanel [vptr-store] MOV dword ptr [ESI],0x79ac1c	FrmPanelTy | PanelTy | SpecPanelTy	FrmPanelTy	FrmPanelTy	1	0x0	0050FCD2	0079AB74 | 0079ABA0 | 0079ABC8 | 0079ABF0 | 0079AC48 | 0079AC70 | 0079AC9C | 0079AD10 | 0079AD2C | 0079AD48 | 0079AD64 | 0079AD8C | 0079AE64 | 0079AE90	0079AC1C
1	1	VTable_0079AC48	HelpPanelTyVTable	HelpPanelTy	7	7	high	unique_constructor_vptr_anchor	00510CB9 HelpPanelTy::HelpPanelTy [vptr-store] MOV dword ptr [ESI],0x79ac48	00510CB9 HelpPanelTy::HelpPanelTy [vptr-store] MOV dword ptr [ESI],0x79ac48	HelpPanelTy | PanelTy	HelpPanelTy	HelpPanelTy	1	0x0	00510CB9	0079AB74 | 0079ABA0 | 0079ABC8 | 0079ABF0 | 0079AC1C | 0079AC70 | 0079AC9C | 0079AD10 | 0079AD2C | 0079AD48 | 0079AD64 | 0079AD8C | 0079AE64 | 0079AE90	0079AC48
1	1	VTable_0079AC6C	HelpStringTyVTable	HelpStringTy	1	1	high	unique_factory_result_vptr_anchor	0051F886 CreateHelpString [vptr-store] MOV dword ptr [ESI],0x79ac6c	0051F886 CreateHelpString [vptr-store] MOV dword ptr [ESI],0x79ac6c	HelpStringTy	HelpStringTy	HelpStringTy	1	0x0	0051F886		0079AC6C
1	1	VTable_0079AC70	InfocPanelTyVTable	InfocPanelTy	9	9	high	unique_factory_result_vptr_anchor	0051FEA2 CreateInfocPanel [vptr-store] MOV dword ptr [ESI],0x79ac70	0051FEA2 CreateInfocPanel [vptr-store] MOV dword ptr [ESI],0x79ac70	InfocPanelTy | PanelTy | SpecPanelTy	InfocPanelTy	InfocPanelTy	1	0x0	0051FEA2	0079AB74 | 0079ABA0 | 0079ABC8 | 0079ABF0 | 0079AC1C | 0079AC48 | 0079AC9C | 0079AD10 | 0079AD2C | 0079AD48 | 0079AD64 | 0079AD8C | 0079AE64 | 0079AE90	0079AC70
1	1	VTable_0079AC9C	IntercomPanelTyVTable	IntercomPanelTy	6	6	high	unique_factory_result_vptr_anchor	0052187E CreateIntercomPanel [vptr-store] MOV dword ptr [ESI],0x79ac9c	0052187E CreateIntercomPanel [vptr-store] MOV dword ptr [ESI],0x79ac9c	IntercomPanelTy | PanelTy	IntercomPanelTy	IntercomPanelTy	1	0x0	0052187E	0079AB74 | 0079ABA0 | 0079ABC8 | 0079ABF0 | 0079AC1C | 0079AC48 | 0079AC70 | 0079AD10 | 0079AD2C | 0079AD48 | 0079AD64 | 0079AD8C | 0079AE64 | 0079AE90	0079AC9C
1	1	VTable_0079ACE4	MoneyTyVTable	MoneyTy	1	1	high	unique_factory_result_vptr_anchor	0052B694 CreateMoney [vptr-store] MOV dword ptr [ESI],0x79ace4	0052B694 CreateMoney [vptr-store] MOV dword ptr [ESI],0x79ace4	MoneyTy	MoneyTy	MoneyTy	1	0x0	0052B694		0079ACE4
0	1	VTable_0079ACE8	PopUpTyVTable	PopUpTy	1	1	medium	single_named_slot_owner	0052D03B CreatePopUp [vptr-store] MOV dword ptr [ESI],0x79ace8	0052D03B CreatePopUp [vptr-store] MOV dword ptr [ESI],0x79ace8	PopUpTy		PopUpTy	0	unknown	0052D03B		0079ACE8
1	1	VTable_0079AD10	OptPanelTyVTable	OptPanelTy	6	6	high	unique_factory_result_vptr_anchor	0052E3EB CreateOptPanel [vptr-store] MOV dword ptr [ESI],0x79ad10	0052E3EB CreateOptPanel [vptr-store] MOV dword ptr [ESI],0x79ad10	OptPanelTy | PanelTy	OptPanelTy	OptPanelTy	1	0x0	0052E3EB	0079AB74 | 0079ABA0 | 0079ABC8 | 0079ABF0 | 0079AC1C | 0079AC48 | 0079AC70 | 0079AC9C | 0079AD2C | 0079AD48 | 0079AD64 | 0079AD8C | 0079AE64 | 0079AE90	0079AD10
1	1	VTable_0079AD2C	PausePanelTyVTable	PausePanelTy	6	6	high	unique_factory_result_vptr_anchor	00539233 CreatePausePanel [vptr-store] MOV dword ptr [ESI],0x79ad2c	00539233 CreatePausePanel [vptr-store] MOV dword ptr [ESI],0x79ad2c	PanelTy | PausePanelTy	PausePanelTy	PausePanelTy	1	0x0	00539233	0079AB74 | 0079ABA0 | 0079ABC8 | 0079ABF0 | 0079AC1C | 0079AC48 | 0079AC70 | 0079AC9C | 0079AD10 | 0079AD48 | 0079AD64 | 0079AD8C | 0079AE64 | 0079AE90	0079AD2C
1	1	VTable_0079AD48	PlayPanelTyVTable	PlayPanelTy	6	6	high	unique_factory_result_vptr_anchor	00539AF6 CreatePlayPanel [vptr-store] MOV dword ptr [ESI],0x79ad48	00539AF6 CreatePlayPanel [vptr-store] MOV dword ptr [ESI],0x79ad48	PanelTy | PlayPanelTy	PlayPanelTy	PlayPanelTy	1	0x0	00539AF6	0079AB74 | 0079ABA0 | 0079ABC8 | 0079ABF0 | 0079AC1C | 0079AC48 | 0079AC70 | 0079AC9C | 0079AD10 | 0079AD2C | 0079AD64 | 0079AD8C | 0079AE64 | 0079AE90	0079AD48
1	1	VTable_0079AD64	ResearchPanelTyVTable	ResearchPanelTy	8	8	high	unique_factory_result_vptr_anchor	0053C090 CreateResearchPanel [vptr-store] MOV dword ptr [ESI],0x79ad64	0053C090 CreateResearchPanel [vptr-store] MOV dword ptr [ESI],0x79ad64	PanelTy | ResearchPanelTy	ResearchPanelTy	ResearchPanelTy	1	0x0	0053C090	0079AB74 | 0079ABA0 | 0079ABC8 | 0079ABF0 | 0079AC1C | 0079AC48 | 0079AC70 | 0079AC9C | 0079AD10 | 0079AD2C | 0079AD48 | 0079AD8C | 0079AE64 | 0079AE90	0079AD64
1	1	VTable_0079AD8C	SAMPanelTyVTable	SAMPanelTy	9	9	high	unique_factory_result_vptr_anchor	0053CE6D CreateSAMPanel [vptr-store] MOV dword ptr [ESI],0x79ad8c	0053CE6D CreateSAMPanel [vptr-store] MOV dword ptr [ESI],0x79ad8c	PanelTy | SAMPanelTy | SpecPanelTy	SAMPanelTy	SAMPanelTy	1	0x0	0053CE6D	0079AB74 | 0079ABA0 | 0079ABC8 | 0079ABF0 | 0079AC1C | 0079AC48 | 0079AC70 | 0079AC9C | 0079AD10 | 0079AD2C | 0079AD48 | 0079AD64 | 0079AE64 | 0079AE90	0079AD8C
1	1	VTable_0079ADB8	InterSystemCVTable	InterSystemC	9	3	high	unique_constructor_vptr_anchor	00542453 InterSystemC::InterSystemC [vptr-store] MOV dword ptr [ESI],0x79adb8	00542453 InterSystemC::InterSystemC [vptr-store] MOV dword ptr [ESI],0x79adb8	InterSystemC	InterSystemC	InterSystemC	1	0x0	00542453	0079B1B4 | 0079B20C | 0079C1E8 | 0079E188	0079ADB8
0	1	VTable_0079ADF4	VTable_0079ADF4		3	0	medium	unnamed_vptr_store	00543488 CreateCursor [vptr-store] MOV dword ptr [EDI],0x79adf4	00543488 CreateCursor [vptr-store] MOV dword ptr [EDI],0x79adf4				0	unknown	00543488	0079E21C	0079ADF4
0	1	VTable_0079AE04	CursorClassTyVTable	CursorClassTy	1	1	medium	single_named_slot_owner	00543482 CreateCursor [vptr-store] MOV dword ptr [ESI],0x79ae04	00543482 CreateCursor [vptr-store] MOV dword ptr [ESI],0x79ae04	CursorClassTy			0	unknown	00543482		0079AE04
1	1	VTable_0079AE38	STPlaySystemCVTable	STPlaySystemC	9	4	high	unique_constructor_vptr_anchor	0054CB53 STPlaySystemC::STPlaySystemC [vptr-store] MOV dword ptr [ESI],0x79ae38	0054CB53 STPlaySystemC::STPlaySystemC [vptr-store] MOV dword ptr [ESI],0x79ae38	STPlaySystemC	STPlaySystemC	STPlaySystemC	1	0x0	0054CB53		0079AE38
0	1	VTable_0079AE64	VTable_0079AE64		9	9	low	competing_slot_owners_left_unresolved	00550CFA FUN_00550c90 [vptr-store] MOV dword ptr [ESI],0x79ae64	00550CFA FUN_00550c90 [vptr-store] MOV dword ptr [ESI],0x79ae64	PanelTy | SpecPanelTy | TradePanelTy			1	0x0	00550CFA	0079AB74 | 0079ABA0 | 0079ABC8 | 0079ABF0 | 0079AC1C | 0079AC48 | 0079AC70 | 0079AC9C | 0079AD10 | 0079AD2C | 0079AD48 | 0079AD64 | 0079AD8C | 0079AE90	0079AE64
1	1	VTable_0079AE90	UpgPanelTyVTable	UpgPanelTy	9	9	high	unique_factory_result_vptr_anchor	00552832 CreateUpgPanel [vptr-store] MOV dword ptr [ESI],0x79ae90	00552832 CreateUpgPanel [vptr-store] MOV dword ptr [ESI],0x79ae90	PanelTy | SpecPanelTy | UpgPanelTy	UpgPanelTy	UpgPanelTy	1	0x0	00552832	0079AB74 | 0079ABA0 | 0079ABC8 | 0079ABF0 | 0079AC1C | 0079AC48 | 0079AC70 | 0079AC9C | 0079AD10 | 0079AD2C | 0079AD48 | 0079AD64 | 0079AD8C | 0079AE64	0079AE90
1	1	VTable_0079AEC0	TraksClassTyVTable	TraksClassTy	1	1	high	unique_constructor_vptr_anchor	005556D9 TraksClassTy::TraksClassTy [vptr-store] MOV dword ptr [ESI],0x79aec0	005556D9 TraksClassTy::TraksClassTy [vptr-store] MOV dword ptr [ESI],0x79aec0	TraksClassTy	TraksClassTy	TraksClassTy	1	0x0	005556D9		0079AEC0
1	1	VTable_0079AEEC	VisibleClassTyVTable	VisibleClassTy	1	1	high	unique_constructor_vptr_anchor	005577C9 VisibleClassTy::VisibleClassTy [vptr-store] MOV dword ptr [ESI],0x79aeec	005577C9 VisibleClassTy::VisibleClassTy [vptr-store] MOV dword ptr [ESI],0x79aeec	VisibleClassTy	VisibleClassTy	VisibleClassTy	1	0x0	005577C9		0079AEEC
1	1	VTable_0079AEFC	CFsgsConnectionVTable	CFsgsConnection	23	2	high	unique_slot_owner_and_vptr_store	0055BD46 FUN_0055bd40 [vptr-store] MOV dword ptr [ESI],0x79aefc | 0055BCBD FUN_0055bcb0 [vptr-store] MOV dword ptr [0x00802a90],0x79aefc	0055BD46 FUN_0055bd40 [vptr-store] MOV dword ptr [ESI],0x79aefc | 0055BCBD FUN_0055bcb0 [vptr-store] MOV dword ptr [0x00802a90],0x79aefc	CFsgsConnection			1	0x0 | unknown	0055BCBD | 0055BD46		0079AEFC
1	1	VTable_0079B024	SoundManagerTyVTable	SoundManagerTy	1	1	high	unique_factory_result_vptr_anchor	005665AD CreateSoundManager [vptr-store] MOV dword ptr [ESI],0x79b024	005665AD CreateSoundManager [vptr-store] MOV dword ptr [ESI],0x79b024	SoundManagerTy	SoundManagerTy	SoundManagerTy	1	0x0	005665AD		0079B024
1	1	VTable_0079B0A8	STAppCVTable	STAppC	7	4	high	unique_constructor_vptr_anchor	0056A67D STAppC::STAppC [vptr-store] MOV dword ptr [ESI],0x79b0a8	0056A67D STAppC::STAppC [vptr-store] MOV dword ptr [ESI],0x79b0a8	STAppC	STAppC	STAppC	1	0x0	0056A67D		0079B0A8
1	1	VTable_0079B188	STAlgaCVTable	STAlgaC	1	1	high	unique_factory_result_vptr_anchor	00576A75 CreateSTAlga [vptr-store] MOV dword ptr [ESI],0x79b188	00576A75 CreateSTAlga [vptr-store] MOV dword ptr [ESI],0x79b188	STAlgaC	STAlgaC	STAlgaC	1	0x0	00576A75		0079B188
1	1	VTable_0079B1B4	BaseSystemCVTable	BaseSystemC	9	1	high	unique_constructor_vptr_anchor	00576AB1 BaseSystemC::BaseSystemC [vptr-store] MOV dword ptr [ESI],0x79b1b4	00576AB1 BaseSystemC::BaseSystemC [vptr-store] MOV dword ptr [ESI],0x79b1b4	BaseSystemC	BaseSystemC	BaseSystemC	1	0x0	00576AB1	0079ADB8 | 0079B20C | 0079C1E8 | 0079E188	0079B1B4
1	1	VTable_0079B1E0	GameSystemCVTable	GameSystemC	9	4	high	unique_constructor_vptr_anchor	00576DE1 GameSystemC::GameSystemC [vptr-store] MOV dword ptr [ESI],0x79b1e0	00576DE1 GameSystemC::GameSystemC [vptr-store] MOV dword ptr [ESI],0x79b1e0	GameSystemC	GameSystemC	GameSystemC	1	0x0	00576DE1		0079B1E0
1	1	VTable_0079B20C	DebugSystemCVTable	DebugSystemC	9	1	high	unique_constructor_vptr_anchor	005781D4 DebugSystemC::DebugSystemC [vptr-store] MOV dword ptr [ESI],0x79b20c	005781D4 DebugSystemC::DebugSystemC [vptr-store] MOV dword ptr [ESI],0x79b20c	DebugSystemC	DebugSystemC	DebugSystemC	1	0x0	005781D4	0079ADB8 | 0079B1B4 | 0079C1E8 | 0079E188	0079B20C
1	1	VTable_0079B238	STCrabCVTable	STCrabC	73	3	high	unique_constructor_vptr_anchor	005785FC STCrabC::STCrabC [vptr-store] MOV dword ptr [ESI],0x79b238	005785FC STCrabC::STCrabC [vptr-store] MOV dword ptr [ESI],0x79b238	STCrabC | STGameObjC	STCrabC	STCrabC	1	0x0	005785FC	007900A0 | 00790AA0 | 00797560 | 00798C70 | 0079B3C4 | 0079B528 | 0079B68C | 0079B78C | 0079B8F0 | 0079BA54 | 0079BBB8 | 0079BD1C | 0079BE80 | 0079C260 | 0079C3EC | 0079C5AC | 0079C714 | 0079C8A0 | 0079C9B0 | 0079CB14 | 0079CC28 | 0079CD94 | 0079CEFC | 0079D098 | 0079D1D8 | 0079D33C | 0079D4AC	0079B238
0	1	VTable_0079B398	VTable_0079B398		1	0	medium	named_nonconstructor_vptr_writer_review	005785F6 STCrabC::STCrabC [vptr-store] MOV dword ptr [EDI],0x79b398	005785F6 STCrabC::STCrabC [vptr-store] MOV dword ptr [EDI],0x79b398			STCrabC	0	0x1D5	005785F6		0079B398
1	1	VTable_0079B3C4	STFishCVTable	STFishC	73	3	high	unique_constructor_vptr_anchor	0057BD3C STFishC::STFishC [vptr-store] MOV dword ptr [ESI],0x79b3c4	0057BD3C STFishC::STFishC [vptr-store] MOV dword ptr [ESI],0x79b3c4	STFishC | STGameObjC	STFishC	STFishC	1	0x0	0057BD3C	007900A0 | 00790AA0 | 00797560 | 00798C70 | 0079B238 | 0079B528 | 0079B68C | 0079B78C | 0079B8F0 | 0079BA54 | 0079BBB8 | 0079BD1C | 0079BE80 | 0079C260 | 0079C3EC | 0079C5AC | 0079C714 | 0079C8A0 | 0079C9B0 | 0079CB14 | 0079CC28 | 0079CD94 | 0079CEFC | 0079D098 | 0079D1D8 | 0079D33C | 0079D4AC	0079B3C4
0	1	VTable_0079B524	VTable_0079B524		1	0	medium	named_nonconstructor_vptr_writer_review	0057BD36 STFishC::STFishC [vptr-store] MOV dword ptr [EDI],0x79b524	0057BD36 STFishC::STFishC [vptr-store] MOV dword ptr [EDI],0x79b524			STFishC	0	0x1D5	0057BD36		0079B524
1	1	VTable_0079B528	STDcResourcCVTable	STDcResourcC	73	4	high	unique_constructor_vptr_anchor	0057F1F9 STDcResourcC::STDcResourcC [vptr-store] MOV dword ptr [ESI],0x79b528	0057F1F9 STDcResourcC::STDcResourcC [vptr-store] MOV dword ptr [ESI],0x79b528	STDcResourcC | STGameObjC	STDcResourcC	STDcResourcC	1	0x0	0057F1F9	007900A0 | 00797560 | 00798C70 | 0079B238 | 0079B3C4 | 0079B68C | 0079B78C | 0079B8F0 | 0079BA54 | 0079BBB8 | 0079BD1C | 0079BE80 | 0079C260 | 0079C3EC | 0079C5AC | 0079C714 | 0079C8A0 | 0079C9B0 | 0079CB14 | 0079CC28 | 0079CD94 | 0079CEFC | 0079D098 | 0079D1D8 | 0079D33C | 0079D4AC	0079B528
0	1	VTable_0079B688	VTable_0079B688		1	0	medium	named_nonconstructor_vptr_writer_review	0057F1E6 STDcResourcC::STDcResourcC [vptr-store] MOV dword ptr [EDI],0x79b688	0057F1E6 STDcResourcC::STDcResourcC [vptr-store] MOV dword ptr [EDI],0x79b688			STDcResourcC	0	0x1D5	0057F1E6		0079B688
1	1	VTable_0079B68C	STJellyManCVTable	STJellyManC	53	2	high	unique_constructor_vptr_anchor	005810E6 STJellyManC::STJellyManC [vptr-store] MOV dword ptr [ESI],0x79b68c	005810E6 STJellyManC::STJellyManC [vptr-store] MOV dword ptr [ESI],0x79b68c	STGameObjC | STJellyManC	STJellyManC	STJellyManC	1	0x0	005810E6	007900A0 | 00790AA0 | 00797560 | 00798C70 | 0079B238 | 0079B3C4 | 0079B528 | 0079B78C | 0079B8F0 | 0079BA54 | 0079BBB8 | 0079BD1C | 0079BE80 | 0079C260 | 0079C3EC | 0079C5AC | 0079C714 | 0079C8A0 | 0079C9B0 | 0079CB14 | 0079CC28 | 0079CD94 | 0079CEFC | 0079D098 | 0079D1D8 | 0079D33C | 0079D4AC	0079B68C
1	1	VTable_0079B78C	STJellyGunCVTable	STJellyGunC	73	2	high	unique_constructor_vptr_anchor	005823F9 STJellyGunC::STJellyGunC [vptr-store] MOV dword ptr [ESI],0x79b78c	005823F9 STJellyGunC::STJellyGunC [vptr-store] MOV dword ptr [ESI],0x79b78c	STGameObjC | STJellyGunC	STJellyGunC	STJellyGunC	1	0x0	005823F9	007900A0 | 00790AA0 | 00797560 | 00798C70 | 0079B238 | 0079B3C4 | 0079B528 | 0079B68C | 0079B8F0 | 0079BA54 | 0079BBB8 | 0079BD1C | 0079BE80 | 0079C260 | 0079C3EC | 0079C5AC | 0079C714 | 0079C8A0 | 0079C9B0 | 0079CB14 | 0079CC28 | 0079CD94 | 0079CEFC | 0079D098 | 0079D1D8 | 0079D33C | 0079D4AC	0079B78C
0	1	VTable_0079B8EC	VTable_0079B8EC		1	0	medium	named_nonconstructor_vptr_writer_review	005823E6 STJellyGunC::STJellyGunC [vptr-store] MOV dword ptr [EDI],0x79b8ec	005823E6 STJellyGunC::STJellyGunC [vptr-store] MOV dword ptr [EDI],0x79b8ec			STJellyGunC	0	0x1D5	005823E6		0079B8EC
1	1	VTable_0079B8F0	STLBombCVTable	STLBombC	73	2	high	unique_constructor_vptr_anchor	00584999 STLBombC::STLBombC [vptr-store] MOV dword ptr [ESI],0x79b8f0	00584999 STLBombC::STLBombC [vptr-store] MOV dword ptr [ESI],0x79b8f0	STGameObjC | STLBombC	STLBombC	STLBombC	1	0x0	00584999	007900A0 | 00790AA0 | 00797560 | 00798C70 | 0079B238 | 0079B3C4 | 0079B528 | 0079B68C | 0079B78C | 0079BA54 | 0079BBB8 | 0079BD1C | 0079BE80 | 0079C260 | 0079C3EC | 0079C5AC | 0079C714 | 0079C8A0 | 0079C9B0 | 0079CB14 | 0079CC28 | 0079CD94 | 0079CEFC | 0079D098 | 0079D1D8 | 0079D33C | 0079D4AC	0079B8F0
0	1	VTable_0079BA50	VTable_0079BA50		1	0	medium	named_nonconstructor_vptr_writer_review	00584986 STLBombC::STLBombC [vptr-store] MOV dword ptr [EDI],0x79ba50	00584986 STLBombC::STLBombC [vptr-store] MOV dword ptr [EDI],0x79ba50			STLBombC	0	0x1D5	00584986		0079BA50
1	1	VTable_0079BA54	STMBombCVTable	STMBombC	73	2	high	unique_constructor_vptr_anchor	0058620C STMBombC::STMBombC [vptr-store] MOV dword ptr [ESI],0x79ba54	0058620C STMBombC::STMBombC [vptr-store] MOV dword ptr [ESI],0x79ba54	STGameObjC | STMBombC	STMBombC	STMBombC	1	0x0	0058620C	007900A0 | 00790AA0 | 00797560 | 00798C70 | 0079B238 | 0079B3C4 | 0079B528 | 0079B68C | 0079B78C | 0079B8F0 | 0079BBB8 | 0079BD1C | 0079BE80 | 0079C260 | 0079C3EC | 0079C5AC | 0079C714 | 0079C8A0 | 0079C9B0 | 0079CB14 | 0079CC28 | 0079CD94 | 0079CEFC | 0079D098 | 0079D1D8 | 0079D33C | 0079D4AC	0079BA54
0	1	VTable_0079BBB4	VTable_0079BBB4		1	0	medium	named_nonconstructor_vptr_writer_review	00586206 STMBombC::STMBombC [vptr-store] MOV dword ptr [EDI],0x79bbb4	00586206 STMBombC::STMBombC [vptr-store] MOV dword ptr [EDI],0x79bbb4			STMBombC	0	0x1D5	00586206		0079BBB4
1	1	VTable_0079BBB8	STOctopusCVTable	STOctopusC	73	3	high	unique_constructor_vptr_anchor	005899B9 STOctopusC::STOctopusC [vptr-store] MOV dword ptr [ESI],0x79bbb8	005899B9 STOctopusC::STOctopusC [vptr-store] MOV dword ptr [ESI],0x79bbb8	STGameObjC | STOctopusC	STOctopusC	STOctopusC	1	0x0	005899B9	007900A0 | 00790AA0 | 00797560 | 00798C70 | 0079B238 | 0079B3C4 | 0079B528 | 0079B68C | 0079B78C | 0079B8F0 | 0079BA54 | 0079BD1C | 0079BE80 | 0079C260 | 0079C3EC | 0079C5AC | 0079C714 | 0079C8A0 | 0079C9B0 | 0079CB14 | 0079CC28 | 0079CD94 | 0079CEFC | 0079D098 | 0079D1D8 | 0079D33C | 0079D4AC	0079BBB8
0	1	VTable_0079BD18	VTable_0079BD18		1	0	medium	named_nonconstructor_vptr_writer_review	005899A6 STOctopusC::STOctopusC [vptr-store] MOV dword ptr [EDI],0x79bd18	005899A6 STOctopusC::STOctopusC [vptr-store] MOV dword ptr [EDI],0x79bd18			STOctopusC	0	0x1D5	005899A6		0079BD18
1	1	VTable_0079BD1C	STSatCVTable	STSatC	73	2	high	unique_constructor_vptr_anchor	0058BA59 STSatC::STSatC [vptr-store] MOV dword ptr [ESI],0x79bd1c	0058BA59 STSatC::STSatC [vptr-store] MOV dword ptr [ESI],0x79bd1c	STGameObjC | STSatC	STSatC	STSatC	1	0x0	0058BA59	007900A0 | 00790AA0 | 00797560 | 00798C70 | 0079B238 | 0079B3C4 | 0079B528 | 0079B68C | 0079B78C | 0079B8F0 | 0079BA54 | 0079BBB8 | 0079BE80 | 0079C260 | 0079C3EC | 0079C5AC | 0079C714 | 0079C8A0 | 0079C9B0 | 0079CB14 | 0079CC28 | 0079CD94 | 0079CEFC | 0079D098 | 0079D1D8 | 0079D33C | 0079D4AC	0079BD1C
0	1	VTable_0079BE7C	VTable_0079BE7C		1	0	medium	named_nonconstructor_vptr_writer_review	0058BA46 STSatC::STSatC [vptr-store] MOV dword ptr [EDI],0x79be7c	0058BA46 STSatC::STSatC [vptr-store] MOV dword ptr [EDI],0x79be7c			STSatC	0	0x1D5	0058BA46		0079BE7C
1	1	VTable_0079BE80	STSharkCVTable	STSharkC	73	2	high	unique_constructor_vptr_anchor	0058D77B STSharkC::STSharkC [vptr-store] MOV dword ptr [ESI],0x79be80	0058D77B STSharkC::STSharkC [vptr-store] MOV dword ptr [ESI],0x79be80	STGameObjC | STSharkC	STSharkC	STSharkC	1	0x0	0058D77B	007900A0 | 00790AA0 | 00797560 | 00798C70 | 0079B238 | 0079B3C4 | 0079B528 | 0079B68C | 0079B78C | 0079B8F0 | 0079BA54 | 0079BBB8 | 0079BD1C | 0079C260 | 0079C3EC | 0079C5AC | 0079C714 | 0079C8A0 | 0079C9B0 | 0079CB14 | 0079CC28 | 0079CD94 | 0079CEFC | 0079D098 | 0079D1D8 | 0079D33C | 0079D4AC	0079BE80
0	1	VTable_0079BFE0	VTable_0079BFE0		1	0	medium	named_nonconstructor_vptr_writer_review	0058D766 STSharkC::STSharkC [vptr-store] MOV dword ptr [EDI],0x79bfe0	0058D766 STSharkC::STSharkC [vptr-store] MOV dword ptr [EDI],0x79bfe0			STSharkC	0	0x1D5	0058D766		0079BFE0
1	1	VTable_0079BFE4	MAdvTyVTable	MAdvTy	1	1	high	unique_factory_result_vptr_anchor	00590AF0 CreateMAdv [vptr-store] MOV dword ptr [ESI],0x79bfe4	00590AF0 CreateMAdv [vptr-store] MOV dword ptr [ESI],0x79bfe4	MAdvTy	MAdvTy	MAdvTy	1	0x0	00590AF0		0079BFE4
1	1	VTable_0079BFF8	CampaignTyVTable	CampaignTy	3	3	high	unique_factory_result_vptr_anchor	00593925 CreateCampaign [vptr-store] MOV dword ptr [ESI],0x79bff8	00593925 CreateCampaign [vptr-store] MOV dword ptr [ESI],0x79bff8	CampaignTy | MMObjTy	CampaignTy	CampaignTy	1	0x0	00593925		0079BFF8
1	1	VTable_0079C008	MMObjTyVTable	MMObjTy	3	3	high	unique_slot_owner_and_vptr_store	005D7825 CreateSettMap [vptr-store] MOV dword ptr [ESI],0x79c008 | 005EADBF CreateWait [vptr-store] MOV dword ptr [ESI],0x79c008 | 005AA345 CreateFSGS [vptr-store] MOV dword ptr [ESI],0x79c008 | 005B281F CreateChooseMap [vptr-store] MOV dword ptr [ESI],0x79c008 | 005BD36F CreatePrivider [vptr-store] MOV dword ptr [ESI],0x79c008 | 005D4BC5 CreateSettMapM [vptr-store] MOV dword ptr [ESI],0x79c008 | 005938E3 CreateCampaign [vptr-store] MOV dword ptr [ESI],0x79c008 | 005DA003 CreateSID [vptr-store] MOV dword ptr [ESI],0x79c008 | 005B9633 CreateMMsg [vptr-store] MOV dword ptr [ESI],0x79c008 | 005B5163 CreateMainMenu [vptr-store] MOV dword ptr [ESI],0x79c008	005D7825 CreateSettMap [vptr-store] MOV dword ptr [ESI],0x79c008 | 005EADBF CreateWait [vptr-store] MOV dword ptr [ESI],0x79c008 | 005AA345 CreateFSGS [vptr-store] MOV dword ptr [ESI],0x79c008 | 005B281F CreateChooseMap [vptr-store] MOV dword ptr [ESI],0x79c008 | 005BD36F CreatePrivider [vptr-store] MOV dword ptr [ESI],0x79c008 | 005D4BC5 CreateSettMapM [vptr-store] MOV dword ptr [ESI],0x79c008 | 005938E3 CreateCampaign [vptr-store] MOV dword ptr [ESI],0x79c008 | 005DA003 CreateSID [vptr-store] MOV dword ptr [ESI],0x79c008 | 005B9633 CreateMMsg [vptr-store] MOV dword ptr [ESI],0x79c008 | 005B5163 CreateMainMenu [vptr-store] MOV dword ptr [ESI],0x79c008	MMObjTy		CampaignTy | ChooseMapTy | FSGSTy | MMsgTy | MainMenuTy | PrividerTy | SIDTy | SettMapMTy | SettMapTy | WaitTy	0	unknown	005938E3 | 005AA345 | 005B281F | 005B5163 | 005B9633 | 005BD36F | 005D4BC5 | 005D7825 | 005DA003 | 005EADBF	0079C0C4 | 0079C1AC	0079C008
0	1	VTable_0079C018	VTable_0079C018		1	0	medium	named_nonconstructor_vptr_writer_review	005D77C4 CreateSettMap [vptr-store] MOV dword ptr [ESI],0x79c018 | 005EAD5E CreateWait [vptr-store] MOV dword ptr [ESI],0x79c018 | 005AA2E4 CreateFSGS [vptr-store] MOV dword ptr [ESI],0x79c018 | 005B27BE CreateChooseMap [vptr-store] MOV dword ptr [ESI],0x79c018 | 005BD30E CreatePrivider [vptr-store] MOV dword ptr [ESI],0x79c018 | 005D4B64 CreateSettMapM [vptr-store] MOV dword ptr [ESI],0x79c018 | 0059388A CreateCampaign [vptr-store] MOV dword ptr [ESI],0x79c018 | 005D9FAA CreateSID [vptr-store] MOV dword ptr [ESI],0x79c018 | 005B95DA CreateMMsg [vptr-store] MOV dword ptr [ESI],0x79c018 | 005B510A CreateMainMenu [vptr-store] MOV dword ptr [ESI],0x79c018 | 005E574A CreateMTask [vptr-store] MOV dword ptr [ESI],0x79c018	005D77C4 CreateSettMap [vptr-store] MOV dword ptr [ESI],0x79c018 | 005EAD5E CreateWait [vptr-store] MOV dword ptr [ESI],0x79c018 | 005AA2E4 CreateFSGS [vptr-store] MOV dword ptr [ESI],0x79c018 | 005B27BE CreateChooseMap [vptr-store] MOV dword ptr [ESI],0x79c018 | 005BD30E CreatePrivider [vptr-store] MOV dword ptr [ESI],0x79c018 | 005D4B64 CreateSettMapM [vptr-store] MOV dword ptr [ESI],0x79c018 | 0059388A CreateCampaign [vptr-store] MOV dword ptr [ESI],0x79c018 | 005D9FAA CreateSID [vptr-store] MOV dword ptr [ESI],0x79c018 | 005B95DA CreateMMsg [vptr-store] MOV dword ptr [ESI],0x79c018 | 005B510A CreateMainMenu [vptr-store] MOV dword ptr [ESI],0x79c018 | 005E574A CreateMTask [vptr-store] MOV dword ptr [ESI],0x79c018			CampaignTy | ChooseMapTy | FSGSTy | MMsgTy | MTaskTy | MainMenuTy | PrividerTy | SIDTy | SettMapMTy | SettMapTy | WaitTy	0	unknown	0059388A | 005AA2E4 | 005B27BE | 005B510A | 005B95DA | 005BD30E | 005D4B64 | 005D77C4 | 005D9FAA | 005E574A | 005EAD5E		0079C018
1	1	VTable_0079C01C	VisibleVTable	Visible	1	1	high	unique_factory_result_vptr_anchor	005947F6 CreateVisible [vptr-store] MOV dword ptr [ESI],0x79c01c	005947F6 CreateVisible [vptr-store] MOV dword ptr [ESI],0x79c01c	ComboTy	Visible	Visible	1	0x0	005947F6		0079C01C
1	1	VTable_0079C02C	FSGSTyVTable	FSGSTy	3	3	high	unique_factory_result_vptr_anchor	005AA3D2 CreateFSGS [vptr-store] MOV dword ptr [ESI],0x79c02c	005AA3D2 CreateFSGS [vptr-store] MOV dword ptr [ESI],0x79c02c	FSGSTy | MMObjTy	FSGSTy	FSGSTy	1	0x0	005AA3D2		0079C02C
1	1	VTable_0079C088	ChooseMapTyVTable	ChooseMapTy	3	3	high	unique_factory_result_vptr_anchor	005B288A CreateChooseMap [vptr-store] MOV dword ptr [ESI],0x79c088	005B288A CreateChooseMap [vptr-store] MOV dword ptr [ESI],0x79c088	ChooseMapTy | MMObjTy	ChooseMapTy	ChooseMapTy	1	0x0	005B288A		0079C088
1	1	VTable_0079C098	MainMenuTyVTable	MainMenuTy	3	3	high	unique_factory_result_vptr_anchor	005B51A5 CreateMainMenu [vptr-store] MOV dword ptr [ESI],0x79c098	005B51A5 CreateMainMenu [vptr-store] MOV dword ptr [ESI],0x79c098	MMObjTy | MainMenuTy	MainMenuTy	MainMenuTy	1	0x0	005B51A5		0079C098
1	1	VTable_0079C0A8	MMsgTyVTable	MMsgTy	3	3	high	unique_factory_result_vptr_anchor	005B9696 CreateMMsg [vptr-store] MOV dword ptr [ESI],0x79c0a8	005B9696 CreateMMsg [vptr-store] MOV dword ptr [ESI],0x79c0a8	MMObjTy | MMsgTy	MMsgTy	MMsgTy	1	0x0	005B9696		0079C0A8
1	1	VTable_0079C0C4	PrividerTyVTable	PrividerTy	3	3	high	unique_factory_result_vptr_anchor	005BD3DA CreatePrivider [vptr-store] MOV dword ptr [ESI],0x79c0c4	005BD3DA CreatePrivider [vptr-store] MOV dword ptr [ESI],0x79c0c4	MMObjTy | PrividerTy	PrividerTy	PrividerTy	1	0x0	005BD3DA	0079C008 | 0079C1AC	0079C0C4
1	1	VTable_0079C0E4	MReportTyVTable	MReportTy	1	1	high	unique_factory_result_vptr_anchor	005C266B CreateMReport [vptr-store] MOV dword ptr [ESI],0x79c0e4	005C266B CreateMReport [vptr-store] MOV dword ptr [ESI],0x79c0e4	MReportTy	MReportTy	MReportTy	1	0x0	005C266B		0079C0E4
1	1	VTable_0079C124	SettMapMTyVTable	SettMapMTy	12	10	high	unique_factory_result_vptr_anchor	005D4D49 CreateSettMapM [vptr-store] MOV dword ptr [ESI],0x79c124	005D4D49 CreateSettMapM [vptr-store] MOV dword ptr [ESI],0x79c124	MMObjTy | SettMapMTy | SettMapTy	SettMapMTy	SettMapMTy	1	0x0	005D4D49		0079C124
1	1	VTable_0079C160	SettMapTyVTable	SettMapTy	12	10	high	unique_factory_result_vptr_anchor	005D79A9 CreateSettMap [vptr-store] MOV dword ptr [ESI],0x79c160	005D79A9 CreateSettMap [vptr-store] MOV dword ptr [ESI],0x79c160	MMObjTy | SettMapMTy | SettMapSTy | SettMapTy	SettMapTy	SettMapTy	1	0x0	005D79A9		0079C160
1	1	VTable_0079C1AC	SIDTyVTable	SIDTy	3	3	high	unique_factory_result_vptr_anchor	005DA06C CreateSID [vptr-store] MOV dword ptr [ESI],0x79c1ac	005DA06C CreateSID [vptr-store] MOV dword ptr [ESI],0x79c1ac	MMObjTy | SIDTy	SIDTy	SIDTy	1	0x0	005DA06C	0079C008 | 0079C0C4	0079C1AC
1	1	VTable_0079C1E8	StartSystemTyVTable	StartSystemTy	9	4	high	unique_constructor_vptr_anchor	005DA668 StartSystemTy::StartSystemTy [vptr-store] MOV dword ptr [ESI],0x79c1e8	005DA668 StartSystemTy::StartSystemTy [vptr-store] MOV dword ptr [ESI],0x79c1e8	StartSystemTy	StartSystemTy	StartSystemTy	1	0x0	005DA668	0079ADB8 | 0079B1B4 | 0079B20C | 0079E188	0079C1E8
0	1	VTable_0079C238	MTaskTyVTable	MTaskTy	1	1	medium	single_named_slot_owner	005E57B2 CreateMTask [vptr-store] MOV dword ptr [ESI],0x79c238	005E57B2 CreateMTask [vptr-store] MOV dword ptr [ESI],0x79c238	MTaskTy		MTaskTy	0	unknown	005E57B2		0079C238
1	1	VTable_0079C23C	MTestTyVTable	MTestTy	1	1	high	unique_factory_result_vptr_anchor	005E65B6 CreateMTest [vptr-store] MOV dword ptr [ESI],0x79c23c	005E65B6 CreateMTest [vptr-store] MOV dword ptr [ESI],0x79c23c	MTestTy	MTestTy	MTestTy	1	0x0	005E65B6		0079C23C
1	1	VTable_0079C24C	WaitTyVTable	WaitTy	3	3	high	unique_factory_result_vptr_anchor	005EAE20 CreateWait [vptr-store] MOV dword ptr [ESI],0x79c24c	005EAE20 CreateWait [vptr-store] MOV dword ptr [ESI],0x79c24c	MMObjTy | WaitTy	WaitTy	WaitTy	1	0x0	005EAE20		0079C24C
1	1	VTable_0079C25C	STArtiafactCVTable_at_1D5	STArtiafactC	1	0	high	unique_factory_result_vptr_anchor	005EBC8E CreateSTArtiafact [vptr-store] MOV dword ptr [ESI + 0x1d5],0x79c25c	005EBC8E CreateSTArtiafact [vptr-store] MOV dword ptr [ESI + 0x1d5],0x79c25c		STArtiafactC	STArtiafactC	0	0x1D5	005EBC8E		0079C25C
1	1	VTable_0079C260	STArtiafactCVTable	STArtiafactC	82	10	high	unique_factory_result_vptr_anchor	005EBC88 CreateSTArtiafact [vptr-store] MOV dword ptr [ESI],0x79c260	005EBC88 CreateSTArtiafact [vptr-store] MOV dword ptr [ESI],0x79c260	STArtiafactC | STGameObjC | STSprGameObjC	STArtiafactC	STArtiafactC	1	0x0	005EBC88	007900A0 | 00797560 | 00798C70 | 0079B238 | 0079B3C4 | 0079B528 | 0079B68C | 0079B78C | 0079B8F0 | 0079BA54 | 0079BBB8 | 0079BD1C | 0079BE80 | 0079C3EC | 0079C5AC | 0079C714 | 0079C8A0 | 0079C9B0 | 0079CB14 | 0079CC28 | 0079CD94 | 0079CEFC | 0079D098 | 0079D1D8 | 0079D33C | 0079D4AC	0079C260
1	1	VTable_0079C3EC	STSprGameObjCVTable	STSprGameObjC	82	8	high	unique_constructor_vptr_anchor	005EC809 STSprGameObjC::STSprGameObjC [vptr-store] MOV dword ptr [ESI],0x79c3ec	005EC809 STSprGameObjC::STSprGameObjC [vptr-store] MOV dword ptr [ESI],0x79c3ec	STGameObjC | STSprGameObjC	STSprGameObjC	STSprGameObjC	1	0x0	005EC809	007900A0 | 00797560 | 00798C70 | 0079B238 | 0079B3C4 | 0079B528 | 0079B68C | 0079B78C | 0079B8F0 | 0079BA54 | 0079BBB8 | 0079BD1C | 0079BE80 | 0079C260 | 0079C5AC | 0079C714 | 0079C8A0 | 0079C9B0 | 0079CB14 | 0079CC28 | 0079CD94 | 0079CEFC | 0079D098 | 0079D1D8 | 0079D33C | 0079D4AC	0079C3EC
0	1	VTable_0079C578	VTable_0079C578		1	0	medium	named_nonconstructor_vptr_writer_review	005EC7F6 STSprGameObjC::STSprGameObjC [vptr-store] MOV dword ptr [EDI],0x79c578	005EC7F6 STSprGameObjC::STSprGameObjC [vptr-store] MOV dword ptr [EDI],0x79c578			STSprGameObjC	0	0x1D5	005EC7F6		0079C578
1	1	VTable_0079C580	STManBasisCVTable	STManBasisC	1	1	high	unique_constructor_vptr_anchor	005F1363 STManBasisC::STManBasisC [vptr-store] MOV dword ptr [ESI],0x79c580	005F1363 STManBasisC::STManBasisC [vptr-store] MOV dword ptr [ESI],0x79c580	STManBasisC	STManBasisC	STManBasisC	1	0x0	005F1363		0079C580
1	1	VTable_0079C584	STBHEShellCVTable	STBHEShellC	1	1	high	unique_constructor_vptr_anchor	005F3453 STBHEShellC::STBHEShellC [vptr-store] MOV dword ptr [ESI],0x79c584	005F3453 STBHEShellC::STBHEShellC [vptr-store] MOV dword ptr [ESI],0x79c584	STBHEShellC	STBHEShellC	STBHEShellC	1	0x0	005F3453		0079C584
1	1	VTable_0079C5A8	STColl3CVTable_at_1D5	STColl3C	1	0	high	unique_constructor_vptr_anchor	005F661E STColl3C::STColl3C [vptr-store] MOV dword ptr [EDI],0x79c5a8	005F661E STColl3C::STColl3C [vptr-store] MOV dword ptr [EDI],0x79c5a8		STColl3C	STColl3C	0	0x1D5	005F661E		0079C5A8
1	1	VTable_0079C5AC	STColl3CVTable	STColl3C	73	4	high	unique_constructor_vptr_anchor	005F6618 STColl3C::STColl3C [vptr-store] MOV dword ptr [ESI],0x79c5ac	005F6618 STColl3C::STColl3C [vptr-store] MOV dword ptr [ESI],0x79c5ac	STColl3C | STGameObjC	STColl3C	STColl3C	1	0x0	005F6618	007900A0 | 00790AA0 | 00797560 | 00798C70 | 0079B238 | 0079B3C4 | 0079B528 | 0079B68C | 0079B78C | 0079B8F0 | 0079BA54 | 0079BBB8 | 0079BD1C | 0079BE80 | 0079C260 | 0079C3EC | 0079C714 | 0079C8A0 | 0079C9B0 | 0079CB14 | 0079CC28 | 0079CD94 | 0079CEFC | 0079D098 | 0079D1D8 | 0079D33C | 0079D4AC	0079C5AC
1	1	VTable_0079C710	STContainerCVTable_at_1D5	STContainerC	1	0	high	unique_factory_result_vptr_anchor	005FC3BE CreateSTContainer [vptr-store] MOV dword ptr [ESI + 0x1d5],0x79c710	005FC3BE CreateSTContainer [vptr-store] MOV dword ptr [ESI + 0x1d5],0x79c710		STContainerC	STContainerC	0	0x1D5	005FC3BE		0079C710
1	1	VTable_0079C714	STContainerCVTable	STContainerC	82	12	high	unique_factory_result_vptr_anchor	005FC3B8 CreateSTContainer [vptr-store] MOV dword ptr [ESI],0x79c714	005FC3B8 CreateSTContainer [vptr-store] MOV dword ptr [ESI],0x79c714	STContainerC | STGameObjC | STSprGameObjC	STContainerC	STContainerC	1	0x0	005FC3B8	007900A0 | 00797560 | 00798C70 | 0079B238 | 0079B3C4 | 0079B528 | 0079B68C | 0079B78C | 0079B8F0 | 0079BA54 | 0079BBB8 | 0079BD1C | 0079BE80 | 0079C260 | 0079C3EC | 0079C5AC | 0079C8A0 | 0079C9B0 | 0079CB14 | 0079CC28 | 0079CD94 | 0079CEFC | 0079D098 | 0079D1D8 | 0079D33C | 0079D4AC	0079C714
0	1	VTable_0079C8A0	STGameObjCVTable_0079C8A0	STGameObjC	53	1	medium	single_named_slot_owner	005FD726 FUN_005fd710 [vptr-store] MOV dword ptr [ESI],0x79c8a0	005FD726 FUN_005fd710 [vptr-store] MOV dword ptr [ESI],0x79c8a0	STGameObjC			0	unknown	005FD726	007900A0 | 00790AA0 | 00797560 | 00798C70 | 0079B238 | 0079B3C4 | 0079B528 | 0079B68C | 0079B78C | 0079B8F0 | 0079BA54 | 0079BBB8 | 0079BD1C | 0079BE80 | 0079C260 | 0079C3EC | 0079C5AC | 0079C714 | 0079C9B0 | 0079CB14 | 0079CC28 | 0079CD94 | 0079CEFC | 0079D098 | 0079D1D8 | 0079D33C | 0079D4AC	0079C8A0
1	1	VTable_0079C9B0	STDestCVTable	STDestC	73	2	high	unique_constructor_vptr_anchor	00602419 STDestC::STDestC [vptr-store] MOV dword ptr [ESI],0x79c9b0	00602419 STDestC::STDestC [vptr-store] MOV dword ptr [ESI],0x79c9b0	STDestC | STGameObjC	STDestC	STDestC	1	0x0	00602419	007900A0 | 00790AA0 | 00797560 | 00798C70 | 0079B238 | 0079B3C4 | 0079B528 | 0079B68C | 0079B78C | 0079B8F0 | 0079BA54 | 0079BBB8 | 0079BD1C | 0079BE80 | 0079C260 | 0079C3EC | 0079C5AC | 0079C714 | 0079C8A0 | 0079CB14 | 0079CC28 | 0079CD94 | 0079CEFC | 0079D098 | 0079D1D8 | 0079D33C | 0079D4AC	0079C9B0
0	1	VTable_0079CB10	VTable_0079CB10		1	0	medium	named_nonconstructor_vptr_writer_review	00602406 STDestC::STDestC [vptr-store] MOV dword ptr [EDI],0x79cb10	00602406 STDestC::STDestC [vptr-store] MOV dword ptr [EDI],0x79cb10			STDestC	0	0x1D5	00602406		0079CB10
1	1	VTable_0079CB14	STExplosionVTable	STExplosion	53	2	high	unique_constructor_vptr_anchor	00604098 STExplosion::STExplosion [vptr-store] MOV dword ptr [ESI],0x79cb14	00604098 STExplosion::STExplosion [vptr-store] MOV dword ptr [ESI],0x79cb14	STExplosion | STGameObjC	STExplosion	STExplosion	1	0x0	00604098	007900A0 | 00790AA0 | 00797560 | 00798C70 | 0079B238 | 0079B3C4 | 0079B528 | 0079B68C | 0079B78C | 0079B8F0 | 0079BA54 | 0079BBB8 | 0079BD1C | 0079BE80 | 0079C260 | 0079C3EC | 0079C5AC | 0079C714 | 0079C8A0 | 0079C9B0 | 0079CC28 | 0079CD94 | 0079CEFC | 0079D098 | 0079D1D8 | 0079D33C | 0079D4AC	0079CB14
0	1	VTable_0079CC28	STGameObjCVTable_0079CC28	STGameObjC	53	1	medium	single_named_slot_owner	0060995B FUN_00609950 [vptr-store] MOV dword ptr [ESI],0x79cc28	0060995B FUN_00609950 [vptr-store] MOV dword ptr [ESI],0x79cc28	STGameObjC			0	unknown	0060995B	007900A0 | 00790AA0 | 00797560 | 00798C70 | 0079B238 | 0079B3C4 | 0079B528 | 0079B68C | 0079B78C | 0079B8F0 | 0079BA54 | 0079BBB8 | 0079BD1C | 0079BE80 | 0079C260 | 0079C3EC | 0079C5AC | 0079C714 | 0079C8A0 | 0079C9B0 | 0079CB14 | 0079CD94 | 0079CEFC | 0079D098 | 0079D1D8 | 0079D33C | 0079D4AC	0079CC28
0	1	VTable_0079CD94	STGameObjCVTable_0079CD94	STGameObjC	53	1	medium	single_named_slot_owner	0060EC7B FUN_0060ec70 [vptr-store] MOV dword ptr [ESI],0x79cd94	0060EC7B FUN_0060ec70 [vptr-store] MOV dword ptr [ESI],0x79cd94	STGameObjC			0	unknown	0060EC7B	007900A0 | 00790AA0 | 00797560 | 00798C70 | 0079B238 | 0079B3C4 | 0079B528 | 0079B68C | 0079B78C | 0079B8F0 | 0079BA54 | 0079BBB8 | 0079BD1C | 0079BE80 | 0079C260 | 0079C3EC | 0079C5AC | 0079C714 | 0079C8A0 | 0079C9B0 | 0079CB14 | 0079CC28 | 0079CEFC | 0079D098 | 0079D1D8 | 0079D33C | 0079D4AC	0079CD94
1	1	VTable_0079CEBC	JumpManagCVTable	JumpManagC	1	1	high	unique_constructor_vptr_anchor	00617853 JumpManagC::JumpManagC [vptr-store] MOV dword ptr [ESI],0x79cebc	00617853 JumpManagC::JumpManagC [vptr-store] MOV dword ptr [ESI],0x79cebc	JumpManagC	JumpManagC	JumpManagC	1	0x0	00617853		0079CEBC
1	1	VTable_0079CED0	STJumpMineCVTable	STJumpMineC	1	1	high	unique_constructor_vptr_anchor	00619178 STJumpMineC::STJumpMineC [vptr-store] MOV dword ptr [ESI],0x79ced0	00619178 STJumpMineC::STJumpMineC [vptr-store] MOV dword ptr [ESI],0x79ced0	STJumpMineC	STJumpMineC	STJumpMineC	1	0x0	00619178		0079CED0
1	1	VTable_0079CED4	STLightCVTable	STLightC	1	1	high	unique_constructor_vptr_anchor	0061D628 STLightC::STLightC [vptr-store] MOV dword ptr [ESI],0x79ced4	0061D628 STLightC::STLightC [vptr-store] MOV dword ptr [ESI],0x79ced4	STLightC	STLightC	STLightC	1	0x0	0061D628		0079CED4
0	1	VTable_0079CED8	SndUnderAttMenegCVTable	SndUnderAttMenegC	1	1	medium	single_named_slot_owner	0061FE48 CreateSndUnderAttMeneg [vptr-store] MOV dword ptr [ESI],0x79ced8	0061FE48 CreateSndUnderAttMeneg [vptr-store] MOV dword ptr [ESI],0x79ced8	SndUnderAttMenegC		SndUnderAttMenegC	0	unknown	0061FE48		0079CED8
1	1	VTable_0079CEFC	STMineSetCVTable	STMineSetC	73	4	high	unique_constructor_vptr_anchor	00622629 STMineSetC::STMineSetC [vptr-store] MOV dword ptr [ESI],0x79cefc	00622629 STMineSetC::STMineSetC [vptr-store] MOV dword ptr [ESI],0x79cefc	STGameObjC | STMineSetC	STMineSetC	STMineSetC	1	0x0	00622629	007900A0 | 00797560 | 00798C70 | 0079B238 | 0079B3C4 | 0079B528 | 0079B68C | 0079B78C | 0079B8F0 | 0079BA54 | 0079BBB8 | 0079BD1C | 0079BE80 | 0079C260 | 0079C3EC | 0079C5AC | 0079C714 | 0079C8A0 | 0079C9B0 | 0079CB14 | 0079CC28 | 0079CD94 | 0079D098 | 0079D1D8 | 0079D33C | 0079D4AC	0079CEFC
0	1	VTable_0079D05C	VTable_0079D05C		1	0	medium	named_nonconstructor_vptr_writer_review	00622616 STMineSetC::STMineSetC [vptr-store] MOV dword ptr [EDI],0x79d05c	00622616 STMineSetC::STMineSetC [vptr-store] MOV dword ptr [EDI],0x79d05c			STMineSetC	0	0x1D5	00622616		0079D05C
1	1	VTable_0079D084	STManRub3CVTable	STManRub3C	1	1	high	unique_constructor_vptr_anchor	0062CF0B STManRub3C::STManRub3C [vptr-store] MOV dword ptr [ESI],0x79d084	0062CF0B STManRub3C::STManRub3C [vptr-store] MOV dword ptr [ESI],0x79d084	STManRub3C	STManRub3C	STManRub3C	1	0x0	0062CF0B		0079D084
1	1	VTable_0079D098	STRubbishCVTable	STRubbishC	53	2	high	unique_constructor_vptr_anchor	0062ED37 STRubbishC::STRubbishC [vptr-store] MOV dword ptr [ESI],0x79d098	0062ED37 STRubbishC::STRubbishC [vptr-store] MOV dword ptr [ESI],0x79d098	STGameObjC | STRubbishC	STRubbishC	STRubbishC	1	0x0	0062ED37	007900A0 | 00790AA0 | 00797560 | 00798C70 | 0079B238 | 0079B3C4 | 0079B528 | 0079B68C | 0079B78C | 0079B8F0 | 0079BA54 | 0079BBB8 | 0079BD1C | 0079BE80 | 0079C260 | 0079C3EC | 0079C5AC | 0079C714 | 0079C8A0 | 0079C9B0 | 0079CB14 | 0079CC28 | 0079CD94 | 0079CEFC | 0079D1D8 | 0079D33C | 0079D4AC	0079D098
1	1	VTable_0079D19C	STManRuinCVTable	STManRuinC	1	1	high	unique_constructor_vptr_anchor	0063087B STManRuinC::STManRuinC [vptr-store] MOV dword ptr [ESI],0x79d19c	0063087B STManRuinC::STManRuinC [vptr-store] MOV dword ptr [ESI],0x79d19c	STManRuinC	STManRuinC	STManRuinC	1	0x0	0063087B		0079D19C
0	1	VTable_0079D1D8	STGameObjCVTable_0079D1D8	STGameObjC	73	1	medium	single_named_slot_owner	006394A9 FUN_00639480 [vptr-store] MOV dword ptr [ESI],0x79d1d8	006394A9 FUN_00639480 [vptr-store] MOV dword ptr [ESI],0x79d1d8	STGameObjC			0	unknown	006394A9	007900A0 | 00790AA0 | 00797560 | 00798C70 | 0079B238 | 0079B3C4 | 0079B528 | 0079B68C | 0079B78C | 0079B8F0 | 0079BA54 | 0079BBB8 | 0079BD1C | 0079BE80 | 0079C260 | 0079C3EC | 0079C5AC | 0079C714 | 0079C8A0 | 0079C9B0 | 0079CB14 | 0079CC28 | 0079CD94 | 0079CEFC | 0079D098 | 0079D33C | 0079D4AC	0079D1D8
0	1	VTable_0079D338	VTable_0079D338		1	0	medium	unnamed_vptr_store	00639496 FUN_00639480 [vptr-store] MOV dword ptr [EDI],0x79d338	00639496 FUN_00639480 [vptr-store] MOV dword ptr [EDI],0x79d338				0	unknown	00639496		0079D338
0	1	VTable_0079D33C	STGameObjCVTable_0079D33C	STGameObjC	73	1	medium	single_named_slot_owner	0063BFD9 FUN_0063bfa0 [vptr-store] MOV dword ptr [ESI],0x79d33c	0063BFD9 FUN_0063bfa0 [vptr-store] MOV dword ptr [ESI],0x79d33c	STGameObjC			0	unknown	0063BFD9	007900A0 | 00790AA0 | 00797560 | 00798C70 | 0079B238 | 0079B3C4 | 0079B528 | 0079B68C | 0079B78C | 0079B8F0 | 0079BA54 | 0079BBB8 | 0079BD1C | 0079BE80 | 0079C260 | 0079C3EC | 0079C5AC | 0079C714 | 0079C8A0 | 0079C9B0 | 0079CB14 | 0079CC28 | 0079CD94 | 0079CEFC | 0079D098 | 0079D1D8 | 0079D4AC	0079D33C
0	1	VTable_0079D49C	VTable_0079D49C		1	0	medium	unnamed_vptr_store	0063BFB8 FUN_0063bfa0 [vptr-store] MOV dword ptr [EDI],0x79d49c	0063BFB8 FUN_0063bfa0 [vptr-store] MOV dword ptr [EDI],0x79d49c				0	unknown	0063BFB8		0079D49C
1	1	VTable_0079D4AC	STTorpCVTable	STTorpC	73	2	high	unique_factory_result_vptr_anchor	0064585C CreateSTTorp [vptr-store] MOV dword ptr [ESI],0x79d4ac	0064585C CreateSTTorp [vptr-store] MOV dword ptr [ESI],0x79d4ac	STGameObjC | STTorpC	STTorpC	STTorpC	1	0x0	0064585C	007900A0 | 00790AA0 | 00797560 | 00798C70 | 0079B238 | 0079B3C4 | 0079B528 | 0079B68C | 0079B78C | 0079B8F0 | 0079BA54 | 0079BBB8 | 0079BD1C | 0079BE80 | 0079C260 | 0079C3EC | 0079C5AC | 0079C714 | 0079C8A0 | 0079C9B0 | 0079CB14 | 0079CC28 | 0079CD94 | 0079CEFC | 0079D098 | 0079D1D8 | 0079D33C	0079D4AC
0	1	VTable_0079D60C	VTable_0079D60C		1	0	medium	named_nonconstructor_vptr_writer_review	00645856 CreateSTTorp [vptr-store] MOV dword ptr [EDI],0x79d60c	00645856 CreateSTTorp [vptr-store] MOV dword ptr [EDI],0x79d60c			STTorpC	0	unknown	00645856		0079D60C
1	1	VTable_0079D610	STVolcanoCVTable	STVolcanoC	1	1	high	unique_constructor_vptr_anchor	00646C9B STVolcanoC::STVolcanoC [vptr-store] MOV dword ptr [ESI],0x79d610	00646C9B STVolcanoC::STVolcanoC [vptr-store] MOV dword ptr [ESI],0x79d610	STVolcanoC	STVolcanoC	STVolcanoC	1	0x0	00646C9B		0079D610
1	1	VTable_0079D618	AiBossClassTyVTable_at_1C	AiBossClassTy	13	0	high	unique_constructor_vptr_anchor	00647AEB AiBossClassTy::AiBossClassTy [vptr-store] MOV dword ptr [EDI],0x79d618	00647AEB AiBossClassTy::AiBossClassTy [vptr-store] MOV dword ptr [EDI],0x79d618		AiBossClassTy	AiBossClassTy	0	0x1C	00647AEB	0079D67C | 0079D6D4	0079D618
1	1	VTable_0079D658	AiBossClassTyVTable	AiBossClassTy	1	1	high	unique_constructor_vptr_anchor	00647AE5 AiBossClassTy::AiBossClassTy [vptr-store] MOV dword ptr [ESI],0x79d658	00647AE5 AiBossClassTy::AiBossClassTy [vptr-store] MOV dword ptr [ESI],0x79d658	AiBossClassTy	AiBossClassTy	AiBossClassTy	1	0x0	00647AE5		0079D658
1	1	VTable_0079D67C	AiEventClassTyVTable	AiEventClassTy	13	0	high	unique_constructor_vptr_anchor	0064CCA4 AiEventClassTy::AiEventClassTy [vptr-store] MOV dword ptr [ESI],0x79d67c	0064CCA4 AiEventClassTy::AiEventClassTy [vptr-store] MOV dword ptr [ESI],0x79d67c		AiEventClassTy	AiEventClassTy	1	0x0	0064CCA4	0079D618 | 0079D6D4	0079D67C
1	1	VTable_0079D6BC	AiFltClassTyVTable	AiFltClassTy	1	1	high	unique_constructor_vptr_anchor	0065D23B AiFltClassTy::AiFltClassTy [vptr-store] MOV dword ptr [ESI],0x79d6bc	0065D23B AiFltClassTy::AiFltClassTy [vptr-store] MOV dword ptr [ESI],0x79d6bc	AiFltClassTy	AiFltClassTy	AiFltClassTy	1	0x0	0065D23B		0079D6BC
1	1	VTable_0079D6D4	AiPlrClassTyVTable_at_1C	AiPlrClassTy	13	1	high	unique_constructor_vptr_anchor	006788CB AiPlrClassTy::AiPlrClassTy [vptr-store] MOV dword ptr [EDI],0x79d6d4	006788CB AiPlrClassTy::AiPlrClassTy [vptr-store] MOV dword ptr [EDI],0x79d6d4	AiPlrClassTy	AiPlrClassTy	AiPlrClassTy	0	0x1C	006788CB	0079D618 | 0079D67C	0079D6D4
1	1	VTable_0079D714	AiPlrClassTyVTable	AiPlrClassTy	1	1	high	unique_constructor_vptr_anchor	006788C5 AiPlrClassTy::AiPlrClassTy [vptr-store] MOV dword ptr [ESI],0x79d714	006788C5 AiPlrClassTy::AiPlrClassTy [vptr-store] MOV dword ptr [ESI],0x79d714	AiPlrClassTy	AiPlrClassTy	AiPlrClassTy	1	0x0	006788C5		0079D714
0	1	VTable_0079D75C	VTable_0079D75C		3	0	medium	unnamed_vptr_store	00682292 FUN_00682290 [vptr-store] MOV dword ptr [0x00847820],0x79d75c	00682292 FUN_00682290 [vptr-store] MOV dword ptr [0x00847820],0x79d75c				0	unknown	00682292		0079D75C
1	1	VTable_0079D76C	AiTactClassTyVTable	AiTactClassTy	1	1	high	unique_constructor_vptr_anchor	0068DC0B AiTactClassTy::AiTactClassTy [vptr-store] MOV dword ptr [ESI],0x79d76c	0068DC0B AiTactClassTy::AiTactClassTy [vptr-store] MOV dword ptr [ESI],0x79d76c	AiTactClassTy	AiTactClassTy	AiTactClassTy	1	0x0	0068DC0B		0079D76C
0	1	VTable_0079DAF0	VTable_0079DAF0		5	0	medium	unnamed_vptr_store	006D51C7 FUN_006d51a0 [vptr-store] MOV dword ptr [ESI + 0xcc],0x79daf0 | 006D506E FUN_006d4ff0 [vptr-store] MOV dword ptr [ESI + 0xcc],0x79daf0	006D51C7 FUN_006d51a0 [vptr-store] MOV dword ptr [ESI + 0xcc],0x79daf0 | 006D506E FUN_006d4ff0 [vptr-store] MOV dword ptr [ESI + 0xcc],0x79daf0				0	0xCC | unknown	006D506E | 006D51C7	007A1550	0079DAF0
0	1	VTable_0079DB04	VTable_0079DB04		9	0	medium	unnamed_vptr_store	006D51BD FUN_006d51a0 [vptr-store] MOV dword ptr [ESI + 0xc8],0x79db04 | 006D5064 FUN_006d4ff0 [vptr-store] MOV dword ptr [ESI + 0xc8],0x79db04	006D51BD FUN_006d51a0 [vptr-store] MOV dword ptr [ESI + 0xc8],0x79db04 | 006D5064 FUN_006d4ff0 [vptr-store] MOV dword ptr [ESI + 0xc8],0x79db04				0	0xC8 | unknown	006D5064 | 006D51BD	007A1568	0079DB04
0	1	VTable_0079DB28	VTable_0079DB28		5	0	medium	unnamed_vptr_store	006D51B6 FUN_006d51a0 [vptr-store] MOV dword ptr [ESI + 0x10],0x79db28 | 006D505D FUN_006d4ff0 [vptr-store] MOV dword ptr [ESI + 0x10],0x79db28	006D51B6 FUN_006d51a0 [vptr-store] MOV dword ptr [ESI + 0x10],0x79db28 | 006D505D FUN_006d4ff0 [vptr-store] MOV dword ptr [ESI + 0x10],0x79db28				0	0x10 | unknown	006D505D | 006D51B6	007A1590	0079DB28
0	1	VTable_0079DB3C	VTable_0079DB3C		15	0	medium	unnamed_vptr_store	006D51AF FUN_006d51a0 [vptr-store] MOV dword ptr [ESI + 0xc],0x79db3c | 006D5056 FUN_006d4ff0 [vptr-store] MOV dword ptr [ESI + 0xc],0x79db3c	006D51AF FUN_006d51a0 [vptr-store] MOV dword ptr [ESI + 0xc],0x79db3c | 006D5056 FUN_006d4ff0 [vptr-store] MOV dword ptr [ESI + 0xc],0x79db3c				0	0xC | unknown	006D5056 | 006D51AF	007A1390 | 007A15A8	0079DB3C
0	1	VTable_0079DB78	VTable_0079DB78		49	2	medium	slot_owner_may_be_inherited_from_related_table	006D51A9 FUN_006d51a0 [vptr-store] MOV dword ptr [ESI],0x79db78 | 006D5050 FUN_006d4ff0 [vptr-store] MOV dword ptr [ESI],0x79db78	006D51A9 FUN_006d51a0 [vptr-store] MOV dword ptr [ESI],0x79db78 | 006D5050 FUN_006d4ff0 [vptr-store] MOV dword ptr [ESI],0x79db78	CBaseRenderer			1	0x0 | unknown	006D5050 | 006D51A9	007A13D0 | 007A15E8 | 007A1C08 | 007A1CB8 | 007A1D88	0079DB78
0	1	VTable_0079DC3C	VTable_0079DC3C		9	0	medium	unnamed_vptr_store	006D575D FUN_006d5720 [vptr-store] MOV dword ptr [ESI + 0x98],0x79dc3c	006D575D FUN_006d5720 [vptr-store] MOV dword ptr [ESI + 0x98],0x79dc3c				0	0x98	006D575D	0079DE58 | 007A1488 | 007A1740 | 007A18C8	0079DC3C
0	1	VTable_0079DC60	VTable_0079DC60		5	0	medium	unnamed_vptr_store	006D5756 FUN_006d5720 [vptr-store] MOV dword ptr [ESI + 0x10],0x79dc60	006D5756 FUN_006d5720 [vptr-store] MOV dword ptr [ESI + 0x10],0x79dc60				0	0x10	006D5756	0079DE7C | 007A14B0 | 007A1768 | 007A18F0	0079DC60
0	1	VTable_0079DC74	VTable_0079DC74		18	0	medium	unnamed_vptr_store	006D574F FUN_006d5720 [vptr-store] MOV dword ptr [ESI + 0xc],0x79dc74	006D574F FUN_006d5720 [vptr-store] MOV dword ptr [ESI + 0xc],0x79dc74				0	0xC	006D574F	0079DE90 | 007A14C8 | 007A1780 | 007A1820 | 007A1908 | 007A19A8	0079DC74
0	1	VTable_0079DCBC	VTable_0079DCBC		15	0	medium	unnamed_vptr_store	006D5749 FUN_006d5720 [vptr-store] MOV dword ptr [ESI],0x79dcbc	006D5749 FUN_006d5720 [vptr-store] MOV dword ptr [ESI],0x79dcbc				1	0x0	006D5749	007A1510	0079DCBC
0	1	VTable_0079DCF8	VTable_0079DCF8		9	0	medium	unnamed_vptr_store	006D5D09 FUN_006d5cd0 [vptr-store] MOV dword ptr [ESI + 0xc],0x79dcf8 | 006D5DBC FUN_006d5db0 [vptr-store] MOV dword ptr [ESI + 0xc],0x79dcf8	006D5D09 FUN_006d5cd0 [vptr-store] MOV dword ptr [ESI + 0xc],0x79dcf8 | 006D5DBC FUN_006d5db0 [vptr-store] MOV dword ptr [ESI + 0xc],0x79dcf8				0	0xC | unknown	006D5D09 | 006D5DBC	007A11A0	0079DCF8
0	1	VTable_0079DD1C	VTable_0079DD1C		6	0	medium	unnamed_vptr_store	006D5D03 FUN_006d5cd0 [vptr-store] MOV dword ptr [ESI],0x79dd1c | 006D5DB6 FUN_006d5db0 [vptr-store] MOV dword ptr [ESI],0x79dd1c	006D5D03 FUN_006d5cd0 [vptr-store] MOV dword ptr [ESI],0x79dd1c | 006D5DB6 FUN_006d5db0 [vptr-store] MOV dword ptr [ESI],0x79dd1c				1	0x0 | unknown	006D5D03 | 006D5DB6		0079DD1C
0	1	VTable_0079DD34	VTable_0079DD34		22	0	medium	unnamed_vptr_store	006D6181 FUN_006d6160 [vptr-store] MOV dword ptr [ESI],0x79dd34	006D6181 FUN_006d6160 [vptr-store] MOV dword ptr [ESI],0x79dd34				1	0x0	006D6181	007A1148	0079DD34
0	1	VTable_0079DD9C	VTable_0079DD9C		5	0	medium	unnamed_vptr_store	006D70E4 FUN_006d70b0 [vptr-store] MOV dword ptr [ESI + 0x10],0x79dd9c	006D70E4 FUN_006d70b0 [vptr-store] MOV dword ptr [ESI + 0x10],0x79dd9c				0	0x10	006D70E4	007A1378	0079DD9C
0	1	VTable_0079DDB0	VTable_0079DDB0		15	0	medium	unnamed_vptr_store	006D70DD FUN_006d70b0 [vptr-store] MOV dword ptr [ESI + 0xc],0x79ddb0	006D70DD FUN_006d70b0 [vptr-store] MOV dword ptr [ESI + 0xc],0x79ddb0				0	0xC	006D70DD	007A1390	0079DDB0
0	1	VTable_0079DDEC	VTable_0079DDEC		27	0	medium	unnamed_vptr_store	006D70D1 FUN_006d70b0 [vptr-store] MOV dword ptr [ESI],0x79ddec	006D70D1 FUN_006d70b0 [vptr-store] MOV dword ptr [ESI],0x79ddec				1	0x0	006D70D1	007A1C08 | 007A1CB8 | 007A1D88	0079DDEC
0	1	VTable_0079DE58	VTable_0079DE58		9	0	medium	unnamed_vptr_store	006D722B FUN_006d71d0 [vptr-store] MOV dword ptr [ESI + 0x98],0x79de58	006D722B FUN_006d71d0 [vptr-store] MOV dword ptr [ESI + 0x98],0x79de58				0	unknown	006D722B	0079DC3C | 007A1488 | 007A1740 | 007A18C8	0079DE58
0	1	VTable_0079DE7C	VTable_0079DE7C		5	0	medium	unnamed_vptr_store	006D7224 FUN_006d71d0 [vptr-store] MOV dword ptr [ESI + 0x10],0x79de7c	006D7224 FUN_006d71d0 [vptr-store] MOV dword ptr [ESI + 0x10],0x79de7c				0	unknown	006D7224	0079DC60 | 007A14B0 | 007A1768 | 007A18F0	0079DE7C
0	1	VTable_0079DE90	VTable_0079DE90		18	0	medium	unnamed_vptr_store	006D721D FUN_006d71d0 [vptr-store] MOV dword ptr [ESI + 0xc],0x79de90	006D721D FUN_006d71d0 [vptr-store] MOV dword ptr [ESI + 0xc],0x79de90				0	unknown	006D721D	0079DC74 | 007A14C8 | 007A1780 | 007A1908	0079DE90
0	1	VTable_0079DED8	VTable_0079DED8		15	0	medium	unnamed_vptr_store	006D7217 FUN_006d71d0 [vptr-store] MOV dword ptr [ESI],0x79ded8	006D7217 FUN_006d71d0 [vptr-store] MOV dword ptr [ESI],0x79ded8				0	unknown	006D7217	007A17C8 | 007A1950	0079DED8
1	1	VTable_0079E16C	AppClassTyVTable	AppClassTy	7	1	high	unique_constructor_vptr_anchor	006E34CC AppClassTy::AppClassTy [vptr-store] MOV dword ptr [EAX],0x79e16c	006E34CC AppClassTy::AppClassTy [vptr-store] MOV dword ptr [EAX],0x79e16c	STAppC	AppClassTy	AppClassTy	1	0x0	006E34CC		0079E16C
1	1	VTable_0079E188	SystemClassTyVTable	SystemClassTy	9	0	high	unique_constructor_vptr_anchor	006E51D0 SystemClassTy::SystemClassTy [vptr-store] MOV dword ptr [EAX],0x79e188	006E51D0 SystemClassTy::SystemClassTy [vptr-store] MOV dword ptr [EAX],0x79e188		SystemClassTy	SystemClassTy	1	0x0	006E51D0	0079ADB8 | 0079B1B4 | 0079B20C | 0079C1E8 | 0079E1B4	0079E188
0	1	VTable_0079E1AC	VTable_0079E1AC		1	0	medium	unnamed_vptr_store	006E5FB4 sub_006E5FB0 [vptr-store] MOV dword ptr [EAX],0x79e1ac	006E5FB4 sub_006E5FB0 [vptr-store] MOV dword ptr [EAX],0x79e1ac				1	0x0	006E5FB4		0079E1AC
0	1	VTable_0079E1B0	VTable_0079E1B0		1	0	medium	unnamed_vptr_store	006E60E8 sub_006E60E0 [vptr-store] MOV dword ptr [ESI],0x79e1b0	006E60E8 sub_006E60E0 [vptr-store] MOV dword ptr [ESI],0x79e1b0				1	0x0	006E60E8		0079E1B0
1	1	VTable_0079E1B4	SystemWithNamedObjClassTyVTable	SystemWithNamedObjClassTy	9	0	high	unique_constructor_vptr_anchor	006E6115 SystemWithNamedObjClassTy::SystemWithNamedObjClassTy [vptr-store] MOV dword ptr [ESI],0x79e1b4	006E6115 SystemWithNamedObjClassTy::SystemWithNamedObjClassTy [vptr-store] MOV dword ptr [ESI],0x79e1b4		SystemWithNamedObjClassTy	SystemWithNamedObjClassTy	1	0x0	006E6115	0079E188	0079E1B4
1	1	VTable_0079E21C	SpriteClassTyVTable	SpriteClassTy	3	0	high	unique_constructor_vptr_anchor	00715827 SpriteClassTy::SpriteClassTy [vptr-store] MOV dword ptr [EAX],0x79e21c	00715827 SpriteClassTy::SpriteClassTy [vptr-store] MOV dword ptr [EAX],0x79e21c		SpriteClassTy	SpriteClassTy	1	0x0	00715827	0079ADF4	0079E21C
0	1	VTable_0079E284	VTable_0079E284		1	0	medium	unnamed_vptr_store	0071B1BA FUN_0071b1b0 [vptr-store] MOV dword ptr [ESI],0x79e284	0071B1BA FUN_0071b1b0 [vptr-store] MOV dword ptr [ESI],0x79e284				0	unknown	0071B1BA		0079E284
1	1	VTable_0079E288	ButtonClassTyVTable	ButtonClassTy	3	0	high	unique_factory_result_vptr_anchor	0071E018 CreateButton [vptr-store] MOV dword ptr [ESI],0x79e288	0071E018 CreateButton [vptr-store] MOV dword ptr [ESI],0x79e288		ButtonClassTy	ButtonClassTy	1	0x0	0071E018		0079E288
1	1	VTable_0079E294	RadioClassTyVTable	RadioClassTy	1	0	high	unique_constructor_vptr_anchor	0071E048 RadioClassTy::RadioClassTy [vptr-store] MOV dword ptr [ESI],0x79e294	0071E048 RadioClassTy::RadioClassTy [vptr-store] MOV dword ptr [ESI],0x79e294		RadioClassTy	RadioClassTy	1	0x0	0071E048		0079E294
1	1	VTable_0079E298	ViewerClassTyVTable	ViewerClassTy	3	0	high	unique_constructor_vptr_anchor	0071E6FA ViewerClassTy::ViewerClassTy [vptr-store] MOV dword ptr [ESI],0x79e298	0071E6FA ViewerClassTy::ViewerClassTy [vptr-store] MOV dword ptr [ESI],0x79e298		ViewerClassTy	ViewerClassTy	1	0x0	0071E6FA		0079E298
1	1	VTable_0079E2A4	ListClassTyVTable	ListClassTy	4	0	high	unique_factory_result_vptr_anchor	00720993 CreateList [vptr-store] MOV dword ptr [ESI],0x79e2a4	00720993 CreateList [vptr-store] MOV dword ptr [ESI],0x79e2a4		ListClassTy	ListClassTy	1	0x0	00720993		0079E2A4
1	1	VTable_0079E2B4	EditorClassTyVTable	EditorClassTy	3	0	high	unique_constructor_vptr_anchor	007209BA EditorClassTy::EditorClassTy [vptr-store] MOV dword ptr [ESI],0x79e2b4	007209BA EditorClassTy::EditorClassTy [vptr-store] MOV dword ptr [ESI],0x79e2b4		EditorClassTy	EditorClassTy	1	0x0	007209BA		0079E2B4
0	1	VTable_0079E2C0	VTable_0079E2C0		2	0	medium	unnamed_vptr_store	007242E5 FUN_007242d0 [vptr-store] MOV dword ptr [ESI],0x79e2c0	007242E5 FUN_007242d0 [vptr-store] MOV dword ptr [ESI],0x79e2c0				1	0x0	007242E5		0079E2C0
1	1	VTable_0079E2C8	SliderClassTyVTable	SliderClassTy	1	0	high	unique_constructor_vptr_anchor	0072431A SliderClassTy::SliderClassTy [vptr-store] MOV dword ptr [ESI],0x79e2c8	0072431A SliderClassTy::SliderClassTy [vptr-store] MOV dword ptr [ESI],0x79e2c8		SliderClassTy	SliderClassTy	1	0x0	0072431A		0079E2C8
1	1	VTable_0079E2CC	TrackbarClassTyVTable	TrackbarClassTy	3	0	high	unique_factory_result_vptr_anchor	00725538 CreateTrackbar [vptr-store] MOV dword ptr [ESI],0x79e2cc	00725538 CreateTrackbar [vptr-store] MOV dword ptr [ESI],0x79e2cc		TrackbarClassTy	TrackbarClassTy	1	0x0	00725538		0079E2CC
0	1	VTable_0079E360	VTable_0079E360		2	0	medium	unnamed_vptr_store	0072B70A FUN_0072b700 [vptr-store] MOV dword ptr [ESI],0x79e360	0072B70A FUN_0072b700 [vptr-store] MOV dword ptr [ESI],0x79e360				0	unknown	0072B70A		0079E360
0	1	VTable_007A1108	VTable_007A1108		8	0	medium	named_nonconstructor_vptr_writer_review	00747609 FUN_00747603 [vptr-store] MOV dword ptr [ESI],0x7a1108 | 00747594 RecoveredClass_0074756B::FUN_0074756b [vptr-store] MOV dword ptr [ESI],0x7a1108	00747609 FUN_00747603 [vptr-store] MOV dword ptr [ESI],0x7a1108 | 00747594 RecoveredClass_0074756B::FUN_0074756b [vptr-store] MOV dword ptr [ESI],0x7a1108			RecoveredClass_0074756B	1	0x0 | unknown	00747594 | 00747609		007A1108
0	1	VTable_007A1128	VTable_007A1128		8	0	medium	named_nonconstructor_vptr_writer_review	007478D8 FUN_007478d8 [vptr-store] MOV dword ptr [ECX],0x7a1128 | 0074788C RecoveredClass_00747874::FUN_00747874 [vptr-store] MOV dword ptr [ESI],0x7a1128	007478D8 FUN_007478d8 [vptr-store] MOV dword ptr [ECX],0x7a1128 | 0074788C RecoveredClass_00747874::FUN_00747874 [vptr-store] MOV dword ptr [ESI],0x7a1128			RecoveredClass_00747874	1	0x0 | unknown	0074788C | 007478D8		007A1128
0	1	VTable_007A1148	VTable_007A1148		22	0	medium	named_nonconstructor_vptr_writer_review	00748AD3 FUN_00748ad3 [vptr-store] MOV dword ptr [ECX],0x7a1148 | 00748AAE RecoveredClass_00748A83::FUN_00748a83 [vptr-store] MOV dword ptr [EAX],0x7a1148	00748AD3 FUN_00748ad3 [vptr-store] MOV dword ptr [ECX],0x7a1148 | 00748AAE RecoveredClass_00748A83::FUN_00748a83 [vptr-store] MOV dword ptr [EAX],0x7a1148			RecoveredClass_00748A83	1	0x0 | unknown	00748AAE | 00748AD3	0079DD34	007A1148
0	1	VTable_007A11A0	VTable_007A11A0		9	0	medium	unnamed_vptr_store	007496ED FUN_007496e0 [vptr-store] MOV dword ptr [EAX],0x7a11a0	007496ED FUN_007496e0 [vptr-store] MOV dword ptr [EAX],0x7a11a0				0	unknown	007496ED	0079DCF8	007A11A0
0	1	VTable_007A11C8	VTable_007A11C8		6	0	medium	unnamed_vptr_store	007496E6 FUN_007496e0 [vptr-store] MOV dword ptr [ESI],0x7a11c8	007496E6 FUN_007496e0 [vptr-store] MOV dword ptr [ESI],0x7a11c8				0	unknown	007496E6	007A1C08 | 007A1CB8 | 007A1D88	007A11C8
0	1	VTable_007A1378	VTable_007A1378		5	0	medium	unnamed_vptr_store	00749B2E FUN_00749a93 [vptr-store] MOV dword ptr [ESI + 0x10],0x7a1378 | 00749B70 FUN_00749b5f [vptr-store] MOV dword ptr [ESI + 0x10],0x7a1378	00749B2E FUN_00749a93 [vptr-store] MOV dword ptr [ESI + 0x10],0x7a1378 | 00749B70 FUN_00749b5f [vptr-store] MOV dword ptr [ESI + 0x10],0x7a1378				0	0x10 | unknown	00749B2E | 00749B70	0079DD9C	007A1378
0	1	VTable_007A1390	VTable_007A1390		15	0	medium	unnamed_vptr_store	00749B27 FUN_00749a93 [vptr-store] MOV dword ptr [ESI + 0xc],0x7a1390 | 00749B69 FUN_00749b5f [vptr-store] MOV dword ptr [ESI + 0xc],0x7a1390	00749B27 FUN_00749a93 [vptr-store] MOV dword ptr [ESI + 0xc],0x7a1390 | 00749B69 FUN_00749b5f [vptr-store] MOV dword ptr [ESI + 0xc],0x7a1390				0	0xC | unknown	00749B27 | 00749B69	0079DB3C | 0079DDB0 | 007A15A8	007A1390
0	1	VTable_007A13D0	VTable_007A13D0		45	2	medium	slot_owner_may_be_inherited_from_related_table	00749B21 FUN_00749a93 [vptr-store] MOV dword ptr [ESI],0x7a13d0 | 00749B63 FUN_00749b5f [vptr-store] MOV dword ptr [ESI],0x7a13d0	00749B21 FUN_00749a93 [vptr-store] MOV dword ptr [ESI],0x7a13d0 | 00749B63 FUN_00749b5f [vptr-store] MOV dword ptr [ESI],0x7a13d0	CBaseRenderer			1	0x0 | unknown	00749B21 | 00749B63	0079DB78 | 007A15E8 | 007A1C08 | 007A1CB8 | 007A1D88	007A13D0
0	1	VTable_007A1488	VTable_007A1488		9	0	medium	named_nonconstructor_vptr_writer_review	0074A995 RecoveredClass_0074A95F::FUN_0074a95f [vptr-store] MOV dword ptr [ESI + 0x98],0x7a1488	0074A995 RecoveredClass_0074A95F::FUN_0074a95f [vptr-store] MOV dword ptr [ESI + 0x98],0x7a1488			RecoveredClass_0074A95F	0	0x98	0074A995	0079DC3C | 0079DE58 | 007A1740 | 007A18C8	007A1488
0	1	VTable_007A14B0	VTable_007A14B0		5	0	medium	named_nonconstructor_vptr_writer_review	0074A98E RecoveredClass_0074A95F::FUN_0074a95f [vptr-store] MOV dword ptr [ESI + 0x10],0x7a14b0	0074A98E RecoveredClass_0074A95F::FUN_0074a95f [vptr-store] MOV dword ptr [ESI + 0x10],0x7a14b0			RecoveredClass_0074A95F	0	0x10	0074A98E	0079DC60 | 0079DE7C | 007A1768 | 007A18F0	007A14B0
0	1	VTable_007A14C8	VTable_007A14C8		18	0	medium	named_nonconstructor_vptr_writer_review	0074A987 RecoveredClass_0074A95F::FUN_0074a95f [vptr-store] MOV dword ptr [ESI + 0xc],0x7a14c8	0074A987 RecoveredClass_0074A95F::FUN_0074a95f [vptr-store] MOV dword ptr [ESI + 0xc],0x7a14c8			RecoveredClass_0074A95F	0	0xC	0074A987	0079DC74 | 0079DE90 | 007A1780 | 007A1820 | 007A1908 | 007A19A8	007A14C8
0	1	VTable_007A1510	VTable_007A1510		15	0	medium	named_nonconstructor_vptr_writer_review	0074A981 RecoveredClass_0074A95F::FUN_0074a95f [vptr-store] MOV dword ptr [ESI],0x7a1510	0074A981 RecoveredClass_0074A95F::FUN_0074a95f [vptr-store] MOV dword ptr [ESI],0x7a1510			RecoveredClass_0074A95F	1	0x0	0074A981	0079DCBC	007A1510
0	1	VTable_007A1550	VTable_007A1550		5	0	medium	unnamed_vptr_store	0074AC10 FUN_0074abc4 [vptr-store] MOV dword ptr [ESI + 0xcc],0x7a1550 | 0074AC5F FUN_0074ac41 [vptr-store] MOV dword ptr [ECX + 0xcc],0x7a1550	0074AC10 FUN_0074abc4 [vptr-store] MOV dword ptr [ESI + 0xcc],0x7a1550 | 0074AC5F FUN_0074ac41 [vptr-store] MOV dword ptr [ECX + 0xcc],0x7a1550				0	0xCC | unknown	0074AC10 | 0074AC5F	0079DAF0	007A1550
0	1	VTable_007A1568	VTable_007A1568		9	0	medium	unnamed_vptr_store	0074AC06 FUN_0074abc4 [vptr-store] MOV dword ptr [ESI + 0xc8],0x7a1568 | 0074AC55 FUN_0074ac41 [vptr-store] MOV dword ptr [ECX + 0xc8],0x7a1568	0074AC06 FUN_0074abc4 [vptr-store] MOV dword ptr [ESI + 0xc8],0x7a1568 | 0074AC55 FUN_0074ac41 [vptr-store] MOV dword ptr [ECX + 0xc8],0x7a1568				0	0xC8 | unknown	0074AC06 | 0074AC55	0079DB04	007A1568
0	1	VTable_007A1590	VTable_007A1590		5	0	medium	unnamed_vptr_store	0074ABFF FUN_0074abc4 [vptr-store] MOV dword ptr [ESI + 0x10],0x7a1590 | 0074AC4E FUN_0074ac41 [vptr-store] MOV dword ptr [ECX + 0x10],0x7a1590	0074ABFF FUN_0074abc4 [vptr-store] MOV dword ptr [ESI + 0x10],0x7a1590 | 0074AC4E FUN_0074ac41 [vptr-store] MOV dword ptr [ECX + 0x10],0x7a1590				0	0x10 | unknown	0074ABFF | 0074AC4E	0079DB28	007A1590
0	1	VTable_007A15A8	VTable_007A15A8		15	0	medium	unnamed_vptr_store	0074ABF8 FUN_0074abc4 [vptr-store] MOV dword ptr [ESI + 0xc],0x7a15a8 | 0074AC47 FUN_0074ac41 [vptr-store] MOV dword ptr [ECX + 0xc],0x7a15a8	0074ABF8 FUN_0074abc4 [vptr-store] MOV dword ptr [ESI + 0xc],0x7a15a8 | 0074AC47 FUN_0074ac41 [vptr-store] MOV dword ptr [ECX + 0xc],0x7a15a8				0	0xC | unknown	0074ABF8 | 0074AC47	0079DB3C | 007A1390	007A15A8
0	1	VTable_007A15E8	VTable_007A15E8		49	2	medium	slot_owner_may_be_inherited_from_related_table	0074ABF2 FUN_0074abc4 [vptr-store] MOV dword ptr [ESI],0x7a15e8 | 0074AC41 FUN_0074ac41 [vptr-store] MOV dword ptr [ECX],0x7a15e8	0074ABF2 FUN_0074abc4 [vptr-store] MOV dword ptr [ESI],0x7a15e8 | 0074AC41 FUN_0074ac41 [vptr-store] MOV dword ptr [ECX],0x7a15e8	CBaseRenderer			1	0x0 | unknown	0074ABF2 | 0074AC41	0079DB78 | 007A13D0 | 007A1C08 | 007A1CB8 | 007A1D88	007A15E8
0	1	VTable_007A1740	VTable_007A1740		9	0	medium	named_nonconstructor_vptr_writer_review	0074C3C7 RecoveredClass_0074CDC5::sub_0074C38F [vptr-store] MOV dword ptr [ESI + 0x98],0x7a1740	0074C3C7 RecoveredClass_0074CDC5::sub_0074C38F [vptr-store] MOV dword ptr [ESI + 0x98],0x7a1740			RecoveredClass_0074CDC5	0	0x98	0074C3C7	0079DC3C | 0079DE58 | 007A1488 | 007A18C8	007A1740
0	1	VTable_007A1768	VTable_007A1768		5	0	medium	named_nonconstructor_vptr_writer_review	0074C3C0 RecoveredClass_0074CDC5::sub_0074C38F [vptr-store] MOV dword ptr [ESI + 0x10],0x7a1768	0074C3C0 RecoveredClass_0074CDC5::sub_0074C38F [vptr-store] MOV dword ptr [ESI + 0x10],0x7a1768			RecoveredClass_0074CDC5	0	0x10	0074C3C0	0079DC60 | 0079DE7C | 007A14B0 | 007A18F0	007A1768
0	1	VTable_007A1780	VTable_007A1780		18	0	medium	named_nonconstructor_vptr_writer_review	0074C3B9 RecoveredClass_0074CDC5::sub_0074C38F [vptr-store] MOV dword ptr [ESI + 0xc],0x7a1780	0074C3B9 RecoveredClass_0074CDC5::sub_0074C38F [vptr-store] MOV dword ptr [ESI + 0xc],0x7a1780			RecoveredClass_0074CDC5	0	0xC	0074C3B9	0079DC74 | 0079DE90 | 007A14C8 | 007A1820 | 007A1908	007A1780
0	1	VTable_007A17C8	VTable_007A17C8		15	0	medium	named_nonconstructor_vptr_writer_review	0074C3B3 RecoveredClass_0074CDC5::sub_0074C38F [vptr-store] MOV dword ptr [ESI],0x7a17c8	0074C3B3 RecoveredClass_0074CDC5::sub_0074C38F [vptr-store] MOV dword ptr [ESI],0x7a17c8			RecoveredClass_0074CDC5	1	0x0	0074C3B3	0079DED8 | 007A1950	007A17C8
0	1	VTable_007A1808	VTable_007A1808		5	0	medium	named_nonconstructor_vptr_writer_review	0074C690 RecoveredClass_0074CFC0::sub_0074C658 [vptr-store] MOV dword ptr [ESI + 0x10],0x7a1808 | 0074C6D2 FUN_0074c6ba [vptr-store] MOV dword ptr [ESI + 0x10],0x7a1808	0074C690 RecoveredClass_0074CFC0::sub_0074C658 [vptr-store] MOV dword ptr [ESI + 0x10],0x7a1808 | 0074C6D2 FUN_0074c6ba [vptr-store] MOV dword ptr [ESI + 0x10],0x7a1808			RecoveredClass_0074CFC0	0	0x10 | unknown	0074C690 | 0074C6D2	007A1990	007A1808
0	1	VTable_007A1820	VTable_007A1820		18	0	medium	named_nonconstructor_vptr_writer_review	0074C689 RecoveredClass_0074CFC0::sub_0074C658 [vptr-store] MOV dword ptr [ESI + 0xc],0x7a1820 | 0074C6CB FUN_0074c6ba [vptr-store] MOV dword ptr [ESI + 0xc],0x7a1820	0074C689 RecoveredClass_0074CFC0::sub_0074C658 [vptr-store] MOV dword ptr [ESI + 0xc],0x7a1820 | 0074C6CB FUN_0074c6ba [vptr-store] MOV dword ptr [ESI + 0xc],0x7a1820			RecoveredClass_0074CFC0	0	0xC | unknown	0074C689 | 0074C6CB	0079DC74 | 007A14C8 | 007A1780 | 007A19A8	007A1820
0	1	VTable_007A1868	VTable_007A1868		23	0	medium	named_nonconstructor_vptr_writer_review	0074C683 RecoveredClass_0074CFC0::sub_0074C658 [vptr-store] MOV dword ptr [ESI],0x7a1868 | 0074C6C3 FUN_0074c6ba [vptr-store] MOV dword ptr [ESI],0x7a1868	0074C683 RecoveredClass_0074CFC0::sub_0074C658 [vptr-store] MOV dword ptr [ESI],0x7a1868 | 0074C6C3 FUN_0074c6ba [vptr-store] MOV dword ptr [ESI],0x7a1868			RecoveredClass_0074CFC0	1	0x0 | unknown	0074C683 | 0074C6C3	007A19F0	007A1868
0	1	VTable_007A18C8	VTable_007A18C8		9	0	medium	named_nonconstructor_vptr_writer_review	0074CE00 RecoveredClass_0074CDC5::FUN_0074cdc5 [vptr-store] MOV dword ptr [ESI + 0x98],0x7a18c8	0074CE00 RecoveredClass_0074CDC5::FUN_0074cdc5 [vptr-store] MOV dword ptr [ESI + 0x98],0x7a18c8			RecoveredClass_0074CDC5	0	0x98	0074CE00	0079DC3C | 0079DE58 | 007A1488 | 007A1740	007A18C8
0	1	VTable_007A18F0	VTable_007A18F0		5	0	medium	named_nonconstructor_vptr_writer_review	0074CDF9 RecoveredClass_0074CDC5::FUN_0074cdc5 [vptr-store] MOV dword ptr [ESI + 0x10],0x7a18f0	0074CDF9 RecoveredClass_0074CDC5::FUN_0074cdc5 [vptr-store] MOV dword ptr [ESI + 0x10],0x7a18f0			RecoveredClass_0074CDC5	0	0x10	0074CDF9	0079DC60 | 0079DE7C | 007A14B0 | 007A1768	007A18F0
0	1	VTable_007A1908	VTable_007A1908		18	0	medium	named_nonconstructor_vptr_writer_review	0074CDF2 RecoveredClass_0074CDC5::FUN_0074cdc5 [vptr-store] MOV dword ptr [ESI + 0xc],0x7a1908	0074CDF2 RecoveredClass_0074CDC5::FUN_0074cdc5 [vptr-store] MOV dword ptr [ESI + 0xc],0x7a1908			RecoveredClass_0074CDC5	0	0xC	0074CDF2	0079DC74 | 0079DE90 | 007A14C8 | 007A1780	007A1908
0	1	VTable_007A1950	VTable_007A1950		15	0	medium	named_nonconstructor_vptr_writer_review	0074CDEC RecoveredClass_0074CDC5::FUN_0074cdc5 [vptr-store] MOV dword ptr [ESI],0x7a1950	0074CDEC RecoveredClass_0074CDC5::FUN_0074cdc5 [vptr-store] MOV dword ptr [ESI],0x7a1950			RecoveredClass_0074CDC5	1	0x0	0074CDEC	0079DED8 | 007A17C8	007A1950
0	1	VTable_007A1990	VTable_007A1990		5	0	medium	named_nonconstructor_vptr_writer_review	0074CFED RecoveredClass_0074CFC0::FUN_0074cfc0 [vptr-store] MOV dword ptr [ESI + 0x10],0x7a1990	0074CFED RecoveredClass_0074CFC0::FUN_0074cfc0 [vptr-store] MOV dword ptr [ESI + 0x10],0x7a1990			RecoveredClass_0074CFC0	0	0x10	0074CFED	007A1808	007A1990
0	1	VTable_007A19A8	VTable_007A19A8		18	0	medium	named_nonconstructor_vptr_writer_review	0074CFE6 RecoveredClass_0074CFC0::FUN_0074cfc0 [vptr-store] MOV dword ptr [ESI + 0xc],0x7a19a8	0074CFE6 RecoveredClass_0074CFC0::FUN_0074cfc0 [vptr-store] MOV dword ptr [ESI + 0xc],0x7a19a8			RecoveredClass_0074CFC0	0	0xC	0074CFE6	0079DC74 | 007A14C8 | 007A1820	007A19A8
0	1	VTable_007A19F0	VTable_007A19F0		23	0	medium	named_nonconstructor_vptr_writer_review	0074CFE0 RecoveredClass_0074CFC0::FUN_0074cfc0 [vptr-store] MOV dword ptr [ESI],0x7a19f0	0074CFE0 RecoveredClass_0074CFC0::FUN_0074cfc0 [vptr-store] MOV dword ptr [ESI],0x7a19f0			RecoveredClass_0074CFC0	1	0x0	0074CFE0	007A1868	007A19F0
0	1	VTable_007A1C08	VTable_007A1C08		4	0	medium	unnamed_vptr_store	0074E7DC FUN_0074e7b1 [vptr-store] MOV dword ptr [ESI + 0x8],0x7a1c08	0074E7DC FUN_0074e7b1 [vptr-store] MOV dword ptr [ESI + 0x8],0x7a1c08				0	0x8	0074E7DC	0079DB78 | 0079DDEC | 007A11C8 | 007A13D0 | 007A15E8 | 007A1CB8 | 007A1D88	007A1C08
0	1	VTable_007A1C18	VTable_007A1C18		18	0	medium	unnamed_vptr_store	0074E7D6 FUN_0074e7b1 [vptr-store] MOV dword ptr [EDI],0x7a1c18	0074E7D6 FUN_0074e7b1 [vptr-store] MOV dword ptr [EDI],0x7a1c18				0	0x4	0074E7D6	007A1CC8	007A1C18
0	1	VTable_007A1C60	VTable_007A1C60		21	0	medium	unnamed_vptr_store	0074E7CB FUN_0074e7b1 [vptr-store] MOV dword ptr [ESI],0x7a1c60	0074E7CB FUN_0074e7b1 [vptr-store] MOV dword ptr [ESI],0x7a1c60				1	0x0	0074E7CB	007A1D10	007A1C60
0	1	VTable_007A1CB8	VTable_007A1CB8		4	0	medium	unnamed_vptr_store	0074EF37 FUN_0074eef3 [vptr-store] MOV dword ptr [ESI + 0x8],0x7a1cb8	0074EF37 FUN_0074eef3 [vptr-store] MOV dword ptr [ESI + 0x8],0x7a1cb8				0	0x8	0074EF37	0079DB78 | 0079DDEC | 007A11C8 | 007A13D0 | 007A15E8 | 007A1C08 | 007A1D88	007A1CB8
0	1	VTable_007A1CC8	VTable_007A1CC8		18	0	medium	unnamed_vptr_store	0074EF30 FUN_0074eef3 [vptr-store] MOV dword ptr [ESI + 0x4],0x7a1cc8	0074EF30 FUN_0074eef3 [vptr-store] MOV dword ptr [ESI + 0x4],0x7a1cc8				0	0x4	0074EF30	007A1C18	007A1CC8
0	1	VTable_007A1D10	VTable_007A1D10		21	0	medium	unnamed_vptr_store	0074EF2A FUN_0074eef3 [vptr-store] MOV dword ptr [ESI],0x7a1d10	0074EF2A FUN_0074eef3 [vptr-store] MOV dword ptr [ESI],0x7a1d10				1	0x0	0074EF2A	007A1C60	007A1D10
0	1	VTable_007A1D68	VTable_007A1D68		7	0	medium	unnamed_vptr_store	0074FCB3 FUN_0074fc49 [vptr-store] MOV dword ptr [ESI + 0xc],0x7a1d68	0074FCB3 FUN_0074fc49 [vptr-store] MOV dword ptr [ESI + 0xc],0x7a1d68				0	0xC	0074FCB3		007A1D68
0	1	VTable_007A1D88	VTable_007A1D88		4	0	medium	unnamed_vptr_store	0074FCAD FUN_0074fc49 [vptr-store] MOV dword ptr [ESI],0x7a1d88	0074FCAD FUN_0074fc49 [vptr-store] MOV dword ptr [ESI],0x7a1d88				1	0x0	0074FCAD	0079DB78 | 0079DDEC | 007A11C8 | 007A13D0 | 007A15E8 | 007A1C08 | 007A1CB8	007A1D88
